קוד פריט ,ברקוד ,תאור פריט ,סוג פריט ,מלאי נוכחי ,מחיר קניה ,מחיר מכירה ,WOLT,שם מחלקה ,יחידת מידה ,שם מחלקה ,
2,2,מוצר בדיקה -1,רגיל,0,0.00,1.00,1.00,בדיקה ,יח',בדיקה ,
5,5,שטיפומט- משאית,רגיל,0,27.00,54.00,54.00,קופה שטיפה (הכל ),יח',קופה שטיפה (הכל ),
7,,אייס בראד ,רגיל,-1001,3.18,10.00,10.00,מחלקת -Barista ,יח',מחלקת -Barista ,
8,8,שטיפומט ג'יפון ח+פ ,רגיל,0,16.00,32.00,32.00,קופה שטיפה (הכל ),יח',קופה שטיפה (הכל ),
9,9,פזומט מסחרי גיפון ,רגיל,-232,14.00,37.00,37.00,קופה שטיפה (הכל ),יח',קופה שטיפה (הכל ),
10,10,אייס קפה ,רגיל,-1219,3.18,10.00,10.00,מחלקת -Barista ,יח',מחלקת -Barista ,
11,11,כוס קפה בחינם משאית ,רגיל,-932,2.28,0.01,0.01,קפה נהג משאית ,יח',קפה נהג משאית ,
12,12,קפוצינו רגיל - עובדים ,רגיל,-88,1.95,0.01,0.01, עובדים ,יח', עובדים ,
13,13,כוס תה,רגיל,-260,0.51,8.00,8.00,מחלקת -Barista ,יח',מחלקת -Barista ,
14,,כוס קפה שחור,רגיל,-594,1.52,8.00,8.00,מחלקת -Barista ,יח',מחלקת -Barista ,
16,16,כוס נס קפה גדול,רגיל,-446,3.64,12.00,12.00,מחלקת -Barista ,יח',מחלקת -Barista ,
17,17,קפה גמיל,רגיל,-33,1.00,0.01,0.01,קפה גמיל ומשפחה,יח',קפה גמיל ומשפחה,
18,18,שוקו חם גדול,מכלול,-107,0.00,12.00,12.00,מחלקת -Barista ,יח',מחלקת -Barista ,
19,19,שוקו רגיל - עובדים ,רגיל,-18,2.07,0.01,0.01, עובדים ,יח', עובדים ,
20,20,תה רגיל - עובדים ,רגיל,-10,0.51,0.01,0.01, עובדים ,יח', עובדים ,
22,22,עיתון עם תדלוק,רגיל,-210,7.89,10.00,10.00,עיתון ,יח',עיתון ,
23,23,מאפה קטן יח,רגיל,-35942,0.86,3.00,3.00,מחלקת -Barista ,יח',מחלקת -Barista ,
24,24,מאפה גדול,רגיל,-1126,3.58,10.00,10.00,מחלקת -Barista ,יח',מחלקת -Barista ,
25,25,לחמניה ,רגיל,-1,1.00,3.00,3.00, עובדים ,יח', עובדים ,
26,26,עיתון ללא תדלוק,רגיל,-1,7.83,20.00,20.00,עיתון ,יח',עיתון ,
27,27,קפה שחור רגיל - עובדים ,רגיל,-45,1.44,0.01,0.01, עובדים ,יח', עובדים ,
28,28,כולמוביל מימון - מיוחד ,רגיל,-13,150.00,300.00,300.00,קופה שטיפה (הכל ),יח',קופה שטיפה (הכל ),
29,29,אספרסו רגיל - עובדים ,רגיל,-129,0.84,0.01,0.01, עובדים ,יח', עובדים ,
32,32,כולמוביל- שטיפה,רגיל,-15,25.00,50.00,50.00,קופה שטיפה (הכל ),יח',קופה שטיפה (הכל ),
33,33,שטיפה דיטל - אלבר ,רגיל,0,125.00,250.00,250.00,קופה שטיפה (הכל ),יח',קופה שטיפה (הכל ),
34,34,מאפה קטן  - עובדים ,רגיל,-405,1.00,0.01,0.01, עובדים ,יח', עובדים ,
35,35,נס קפה  רגיל - עובדים ,רגיל,-68,2.29,0.01,0.01, עובדים ,יח', עובדים ,
36,,חלב  רגיל - עובדים ,רגיל,-11,1.00,0.01,0.01, עובדים ,יח', עובדים ,
37,,כולמוביל מימון שטיפה,רגיל,0,30.00,60.00,60.00,קופה שטיפה (הכל ),יח',קופה שטיפה (הכל ),
41,41,סלט קיסר ,רגיל,-8,12.00,28.90,28.90,מחלקת -Barista ,יח',מחלקת -Barista ,
42,42,סלט יווני ,רגיל,-167,12.00,28.90,28.90,מחלקת -Barista ,יח',מחלקת -Barista ,
43,43,סלט טונה ,רגיל,-170,12.00,28.90,28.90,מחלקת -Barista ,יח',מחלקת -Barista ,
44,44,סלט קפריזה ,רגיל,-4,12.00,28.90,28.90,מחלקת -Barista ,יח',מחלקת -Barista ,
45,7290110118617,פריגת בטעם טרופי 1.5 ליטר,רגיל,13,5.50,11.90,12.90,משקאות ,יח',משקאות ,
47,,משקה תפוז ,רגיל,-804,4.10,12.00,12.00,מחלקת -Barista ,יח',מחלקת -Barista ,
48,,משקה תפוז עובדים ,רגיל,-434,4.10,5.00,5.00, עובדים ,יח', עובדים ,
49,,גבינות ,רגיל,0.000,29.96,35.36,35.36,מוצרי מאפים ,ק"ג,מוצרי מאפים ,
50,50,פוליש ווקס,רגיל,0,150.00,300.00,300.00,קופה שטיפה (הכל ),יח',קופה שטיפה (הכל ),
51,51,פוליש ווקס1,רגיל,0,200.00,400.00,400.00,קופה שטיפה (הכל ),יח',קופה שטיפה (הכל ),
52,52,פוליש ווקס,רגיל,0,250.00,500.00,500.00,קופה שטיפה (הכל ),יח',קופה שטיפה (הכל ),
53,53,פוליש ווקס,רגיל,0,100.00,200.00,200.00,קופה שטיפה (הכל ),יח',קופה שטיפה (הכל ),
54,,אייס בראד עובדים ,רגיל,-116,3.18,5.00,5.00, עובדים ,יח', עובדים ,
55,,מאנקיש ,רגיל,-1477,2.50,10.00,10.00,מחלקת -Barista ,יח',מחלקת -Barista ,
56,56,שטיפה באבלס ,רגיל,-70,20.50,50.00,50.00,קופה שטיפה (הכל ),יח',קופה שטיפה (הכל ),
57,,קוראסון לויס בטעם שוקולד מנה אישית ,רגיל,0,3.13,3.70,3.70,מוצרי מאפים ,יח',מוצרי מאפים ,
59,,מאפה קוקטייל פיצה ,רגיל,0,38.56,45.50,45.50,מוצרי מאפים ,יח',מוצרי מאפים ,
60,,רוגלך בסגנון יורשלמי ,רגיל,0.000,35.44,41.82,41.82,מוצרי מאפים ,ק"ג,מוצרי מאפים ,
61,,רוגלךבטעם פיסטוק חלבה ,רגיל,0.000,29.96,35.36,35.36,מוצרי מאפים ,ק"ג,מוצרי מאפים ,
62,62,משקה טבעי גזר ,רגיל,-334,5.00,12.00,12.00,מחלקת -Barista ,יח',מחלקת -Barista ,
63,,כריך סלט טונה ,רגיל,-1427,8.50,23.90,23.90,מחלקת -Barista ,יח',מחלקת -Barista ,
64,,כריך טוניסאי ,רגיל,-9,8.90,23.90,23.90,מחלקת -Barista ,יח',מחלקת -Barista ,
65,,כריך סלט ביצים ,רגיל,-923,6.00,17.90,17.90,מחלקת -Barista ,יח',מחלקת -Barista ,
66,,כריך אבוקדו ,רגיל,-185,7.80,23.90,23.90,מחלקת -Barista ,יח',מחלקת -Barista ,
67,,כריך בלקאני,רגיל,-23,10.50,24.90,24.90,מחלקת -Barista ,יח',מחלקת -Barista ,
68,,בייגל טוסט צ`דר ,רגיל,-664,6.00,17.90,17.90,מחלקת -Barista ,יח',מחלקת -Barista ,
69,,כריך כרובית בטחינה ,רגיל,0,8.00,23.90,23.90,מחלקת -Barista ,יח',מחלקת -Barista ,
72,72,כריך לדרך,רגיל,0,12.00,21.00,21.00,מחלקת -Barista ,יח',מחלקת -Barista ,
73,91400000077,שטיפה פסח חיצונית / פנימית ,רגיל,-186,0.00,40.00,40.00,קופה שטיפה (הכל ),יח',קופה שטיפה (הכל ),
74,74,שטיפה פסח ,רגיל,-34,50.00,100.00,100.00,קופה שטיפה (הכל ),יח',קופה שטיפה (הכל ),
75,,בייגל סלמון נורוויגי ,רגיל,-400,12.90,34.90,34.90,מחלקת -Barista ,יח',מחלקת -Barista ,
76,,כריך רוסטביף ,רגיל,-1620,10.00,24.90,24.90,מחלקת -Barista ,יח',מחלקת -Barista ,
77,,משקה גזר עובדים ,רגיל,-22,4.10,5.00,5.00, עובדים ,יח', עובדים ,
78,,קפה קר עובדים ,רגיל,-40,2.65,0.01,0.01, עובדים ,יח', עובדים ,
79,,כריך גואדה ,רגיל,-481,10.50,23.90,23.90,מחלקת -Barista ,יח',מחלקת -Barista ,
80,,כריך פטה ,רגיל,-243,10.00,28.90,28.90,מחלקת -Barista ,יח',מחלקת -Barista ,
81,,כריך פסטרמה ,רגיל,-1099,10.00,26.90,26.90,מחלקת -Barista ,יח',מחלקת -Barista ,
83,,בייגל שמנת זיתים ,רגיל,-821,10.00,23.90,23.90,מחלקת -Barista ,יח',מחלקת -Barista ,
84,P1,משטח עץ מחוטא ,רגיל,0,20.00,0.00,0.00,פיקדון  ו משטחים - ארגזים ,יח',פיקדון  ו משטחים - ארגזים ,
85,P009,ארגז מתקפל 5319 ירוק ,רגיל,0,30.00,0.00,0.00,פיקדון  ו משטחים - ארגזים ,יח',פיקדון  ו משטחים - ארגזים ,
86,P010,ארגז מתקפל 5328 ירוק ,רגיל,0,30.00,0.00,0.00,פיקדון  ו משטחים - ארגזים ,יח',פיקדון  ו משטחים - ארגזים ,
87,P5,משטח יורו ,רגיל,0,20.00,0.00,0.00,פיקדון  ו משטחים - ארגזים ,יח',פיקדון  ו משטחים - ארגזים ,
88,RPB05,רוסטביף פרמיום בטעם ביתח 500 ג,רגיל,0,48.00,0.00,0.00,מוצרי שימוש מטבח -חנות ,יח',מוצרי שימוש מטבח -חנות ,
89,,כריך סלמי נאפולי ,רגיל,-276,10.00,26.90,26.90,מחלקת -Barista ,יח',מחלקת -Barista ,
90,,שטיפה ללוקחות גרג,רגיל,0,15.00,30.00,30.00,קופה שטיפה (הכל ),יח',קופה שטיפה (הכל ),
91,PTB05,פסטרמה אמיתית על גחלים פרוס 500 ג,רגיל,62.000,34.00,0.00,0.00,מוצרי שימוש מטבח -חנות ,ק"ג,מוצרי שימוש מטבח -חנות ,
92,7290001532027,דג סלמון נורבגי פרו - 500 גרם ,רגיל,12,62.00,0.00,0.00,מוצרי שימוש מטבח -חנות ,יח',מוצרי שימוש מטבח -חנות ,
93,,שטיפה חיצונית פנימית - קניה בחנות מעל 200 ש"ח,רגיל,-14,15.00,40.00,40.00,קופה שטיפה (הכל ),יח',קופה שטיפה (הכל ),
94,7290003431106,נקניקיות עוף קנקרס 20 ס"מ ,רגיל,111.710,28.00,49.90,49.90,מוצרי שימוש מטבח -חנות ,ק"ג,מוצרי שימוש מטבח -חנות ,
95,,מיני סלט ,רגיל,-7,5.08,12.00,12.00,מחלקת -Barista ,יח',מחלקת -Barista ,
96,,מנה אשית פירות ,רגיל,-276,5.50,9.90,9.90,מחלקת -Barista ,יח',מחלקת -Barista ,
97,,מנה פירות משפחתית,רגיל,-224,5.50,17.90,17.90,מחלקת -Barista ,יח',מחלקת -Barista ,
98,,כריך סלט ביצים - עובד ,רגיל,-44,6.00,15.00,15.00, עובדים ,יח', עובדים ,
99,,סלט טונה - עובד ,רגיל,-212,8.50,15.00,15.00,מחלקת -Barista ,יח',מחלקת -Barista ,
100,100,תפוז טרי 1K TAPUZ TARI ( אדום ),רגיל,1593.480,5.00,5.90,5.90,תפוז טרי ( שימוש עצמי ),ק"ג,תפוז טרי ( שימוש עצמי ),
101,,כריך אבוקדו - עובד ,רגיל,-16,7.80,15.00,15.00, עובדים ,יח', עובדים ,
102,102,שטיפת רכב גייפ,רגיל,-8,5.00,80.00,80.00,קופה שטיפה (הכל ),יח',קופה שטיפה (הכל ),
103,103,תוספת ניגוב,רגיל,-474,2.50,5.00,5.00,קופה שטיפה (הכל ),יח',קופה שטיפה (הכל ),
104,104,שטיפה רכב פרטי,רגיל,-1763,30.00,80.00,80.00,קופה שטיפה (הכל ),יח',קופה שטיפה (הכל ),
105,105,שטיפה חיצונית גייפ,רגיל,0,20.00,40.00,40.00,קופה שטיפה (הכל ),יח',קופה שטיפה (הכל ),
106,106,שטיפת אופנוע,רגיל,-12,15.00,30.00,30.00,קופה שטיפה (הכל ),יח',קופה שטיפה (הכל ),
107,107,שטיפה חיצונית (ללא ניגוב ) מעל 150 ש`ח,רגיל,-891,5.00,15.00,15.00,קופה שטיפה (הכל ),יח',קופה שטיפה (הכל ),
108,108,שטיפה פנימית,רגיל,0,15.00,30.00,30.00,קופה שטיפה (הכל ),יח',קופה שטיפה (הכל ),
109,109,שטיפת משאית גדולה,רגיל,-3,100.00,200.00,200.00,קופה שטיפה (הכל ),יח',קופה שטיפה (הכל ),
110,110,שטיפת משאית קטנה,רגיל,-1,75.00,150.00,150.00,קופה שטיפה (הכל ),יח',קופה שטיפה (הכל ),
111,,נקניקיה  | עובד ,רגיל,-8,8.00,15.00,15.00, עובדים ,יח', עובדים ,
112,,כריך רוסטפיף - עובד ,רגיל,-98,8.00,15.00,15.00, עובדים ,יח', עובדים ,
114,114,שטיפת גולד - רכב פרטי,רגיל,-24,50.00,100.00,100.00,קופה שטיפה (הכל ),יח',קופה שטיפה (הכל ),
115,115,שטיפת גולד - מסחרי קטן ג`יפ,רגיל,-3,60.00,120.00,120.00,קופה שטיפה (הכל ),יח',קופה שטיפה (הכל ),
116,116,שטיפת דאימונד - רכב פרטי,רגיל,-1,125.00,250.00,250.00,קופה שטיפה (הכל ),יח',קופה שטיפה (הכל ),
117,117,שטיפת דאימונד - רכב מסחרי קטן ג`יפ,רגיל,-5,150.00,300.00,300.00,קופה שטיפה (הכל ),יח',קופה שטיפה (הכל ),
118,118,שטיפת מנוע,רגיל,0,75.00,150.00,150.00,קופה שטיפה (הכל ),יח',קופה שטיפה (הכל ),
119,119,שטיפה פנמית ,רגיל,-116,15.00,50.00,50.00,קופה שטיפה (הכל ),יח',קופה שטיפה (הכל ),
120,120,שטיפה חיצונית לרכב,רגיל,-1495,15.00,40.00,40.00,קופה שטיפה (הכל ),יח',קופה שטיפה (הכל ),
121,121,ליטוש פנסים,רגיל,-3,75.00,150.00,150.00,קופה שטיפה (הכל ),יח',קופה שטיפה (הכל ),
122,,כריך סלמון נורוויגי - עובד ,רגיל,-25,12.90,15.00,15.00, עובדים ,יח', עובדים ,
123,,שטיפה +ניגוב,רגיל,0,7.50,15.00,15.00,קופה שטיפה (הכל ),יח',קופה שטיפה (הכל ),
124,,שטיפה חיצונית לרכב מסחרי,רגיל,0,10.00,20.00,20.00,קופה שטיפה (הכל ),יח',קופה שטיפה (הכל ),
125,,כריך פסטרמה- עובד ,רגיל,-127,10.00,15.00,15.00, עובדים ,יח', עובדים ,
126,,כריך פטה - עובדים ,רגיל,0,10.00,15.00,15.00, עובדים ,יח', עובדים ,
127,,כריך גואדה עובד ,רגיל,-6,10.50,15.00,15.00, עובדים ,יח', עובדים ,
128,,בייגל טוסט - עובדים ,רגיל,-77,6.00,9.90,9.90, עובדים ,יח', עובדים ,
129,,בייגל שמנת זיתים  - עובדים ,רגיל,-34,10.00,15.00,15.00, עובדים ,יח', עובדים ,
130,KRN50,קורנביף ניו ירקר פרוס 500 גרם ,רגיל,0.000,43.00,0.00,0.00,מוצרי שימוש מטבח -חנות ,ק"ג,מוצרי שימוש מטבח -חנות ,
131,7290121012157,אצבע פילו קרם גבינה ,רגיל,-716,3.15,12.00,12.00,מחלקת -Barista ,יח',מחלקת -Barista ,
132,,מיונז דלי הילמנס,רגיל,12,70.00,82.60,82.60,מוצרי שימוש מטבח -חנות ,יח',מוצרי שימוש מטבח -חנות ,
133,,חרדל דיגון ,רגיל,0,65.00,0.00,0.00,מוצרי שימוש מטבח -חנות ,יח',מוצרי שימוש מטבח -חנות ,
134,,כולמוביל דיטיל,רגיל,-1,100.00,200.00,200.00,קופה שטיפה (הכל ),יח',קופה שטיפה (הכל ),
135,,כולמוביל מימון שטיפה - רגיל,רגיל,-12,30.00,60.00,60.00,קופה שטיפה (הכל ),יח',קופה שטיפה (הכל ),
136,,קלמטה,רגיל,3,210.00,247.80,247.80,מוצרי שימוש מטבח -חנות ,יח',מוצרי שימוש מטבח -חנות ,
137,,מלפפון בחומץ שלום,רגיל,6,48.00,56.64,56.64,מוצרי שימוש מטבח -חנות ,יח',מוצרי שימוש מטבח -חנות ,
139,139,אבוקדו קפוא,רגיל,-12,23.00,0.00,0.00,מוצרי שימוש מטבח -חנות ,יח',מוצרי שימוש מטבח -חנות ,
140,,פלפלים קלויים,רגיל,0,65.00,0.00,0.00,מוצרי שימוש מטבח -חנות ,יח',מוצרי שימוש מטבח -חנות ,
141,,וינגרט נענע,רגיל,4,15.00,0.00,0.00,מוצרי שימוש מטבח -חנות ,יח',מוצרי שימוש מטבח -חנות ,
142,,וינגרט הדרים בקבוק,רגיל,0,12.00,14.16,14.16,מוצרי שימוש מטבח -חנות ,יח',מוצרי שימוש מטבח -חנות ,
143,,נענע ,רגיל,17.525,2.00,3.90,3.90,פירות וירקות ,ק"ג,פירות וירקות ,
144,,פרטנר שטיפה שינוע ,רגיל,0,10.00,80.00,80.00,קופה שטיפה (הכל ),יח',קופה שטיפה (הכל ),
145,,פרטנר שטיפה שינוע 2,רגיל,-39,10.00,100.00,100.00,קופה שטיפה (הכל ),יח',קופה שטיפה (הכל ),
146,,פרטנר פולייש ווקס,רגיל,0,125.00,500.00,500.00,קופה שטיפה (הכל ),יח',קופה שטיפה (הכל ),
147,,מים מינרליים  ,מכלול,-7,1.66,5.90,5.90,מחלקת DRIVE ,יח',מחלקת DRIVE ,
148,,ספרייט ,רגיל,0,2.55,6.90,6.90,מחלקת DRIVE ,יח',מחלקת DRIVE ,
149,,פאנטה אורנג ,רגיל,48,3.58,6.90,6.90,מחלקת DRIVE ,יח',מחלקת DRIVE ,
150,,פאנטה אקזוטיק,רגיל,0,2.55,6.90,6.90,מחלקת DRIVE ,יח',מחלקת DRIVE ,
151,,פאנטה תות,רגיל,0,2.55,6.90,6.90,מחלקת DRIVE ,יח',מחלקת DRIVE ,
152,,קולה זירו ,רגיל,0,2.55,6.90,6.90,מחלקת DRIVE ,יח',מחלקת DRIVE ,
153,,קוקה קולה ,רגיל,0,2.55,6.90,6.90,מחלקת DRIVE ,יח',מחלקת DRIVE ,
154,,סלט יווני - עובדים ,רגיל,-13,7.00,15.00,15.00, עובדים ,יח', עובדים ,
155,,כריך סלט טונה עובדים ,רגיל,0,8.50,20.00,20.00, עובדים ,יח', עובדים ,
156,,כריך סלמי נאפולי ,רגיל,0,10.00,24.90,24.90,מחלקת DRIVE ,יח',מחלקת DRIVE ,
157,,נקניקיה בלחמנייה,רגיל,0,8.00,18.00,18.00,מחלקת DRIVE ,יח',מחלקת DRIVE ,
158,,אספרסו,רגיל,0,0.84,6.00,6.00,מחלקת DRIVE ,יח',מחלקת DRIVE ,
159,,פוליש ווקס,רגיל,-2,150.00,300.00,300.00,קופה שטיפה (הכל ),יח',קופה שטיפה (הכל ),
160,,שטיפת אקסטרא,רגיל,0,40.00,80.00,80.00,קופה שטיפה (הכל ),יח',קופה שטיפה (הכל ),
161,,שטיפת אספנות,רגיל,0,15.00,30.00,30.00,קופה שטיפה (הכל ),יח',קופה שטיפה (הכל ),
162,,אייס קפה ,רגיל,0,3.18,10.00,10.00,מחלקת DRIVE ,יח',מחלקת DRIVE ,
163,,פזומט- מסחרי,רגיל,-515,15.50,34.00,34.00,קופה שטיפה (הכל ),יח',קופה שטיפה (הכל ),
164,,פזומט-פרטי,רגיל,-487,14.00,34.00,34.00,קופה שטיפה (הכל ),יח',קופה שטיפה (הכל ),
165,,פזומט-מסחרי גדול,רגיל,-70,20.00,70.00,70.00,קופה שטיפה (הכל ),יח',קופה שטיפה (הכל ),
166,,פזומט-מסחרי גיפ,רגיל,0,15.00,30.00,30.00,קופה שטיפה (הכל ),יח',קופה שטיפה (הכל ),
167,,שטיפומט-פרטי,רגיל,-766,15.00,30.00,30.00,קופה שטיפה (הכל ),יח',קופה שטיפה (הכל ),
168,,שטיפומט ג'יפון ח+פ ,רגיל,-365,16.00,32.00,32.00,קופה שטיפה (הכל ),יח',קופה שטיפה (הכל ),
169,,שטיפומט-מסחרי גדול,רגיל,-109,18.00,36.00,36.00,קופה שטיפה (הכל ),יח',קופה שטיפה (הכל ),
170,,שטיפומט-משאית,רגיל,-25,27.00,54.00,54.00,קופה שטיפה (הכל ),יח',קופה שטיפה (הכל ),
171,,שטיפומט-משאית חלוקה,רגיל,-2,30.00,60.00,60.00,קופה שטיפה (הכל ),יח',קופה שטיפה (הכל ),
172,,כולמוביל-פרטי,רגיל,-21,40.00,80.00,80.00,קופה שטיפה (הכל ),יח',קופה שטיפה (הכל ),
173,,דנשר-פרטי,רגיל,0,40.00,80.00,80.00,קופה שטיפה (הכל ),יח',קופה שטיפה (הכל ),
174,,אספרסו ארוך ,רגיל,0,0.84,6.00,6.00,מחלקת DRIVE ,יח',מחלקת DRIVE ,
175,,דנלוג משאית,רגיל,0,60.00,120.00,120.00,קופה שטיפה (הכל ),יח',קופה שטיפה (הכל ),
177,,כולמוביל דיטיל,רגיל,-3,200.00,400.00,400.00,קופה שטיפה (הכל ),יח',קופה שטיפה (הכל ),
178,,אוטוקיר - שטיפה פרטי,רגיל,-60,14.00,28.00,28.00,קופה שטיפה (הכל ),יח',קופה שטיפה (הכל ),
179,,שטיפה מסחרי ענק,רגיל,-28,50.00,130.00,130.00,קופה שטיפה (הכל ),יח',קופה שטיפה (הכל ),
180,,סלט יווני ,רגיל,0,12.00,29.00,29.00,מחלקת DRIVE ,יח',מחלקת DRIVE ,
181,,קפה הפוך רגיל ,רגיל,0,1.95,10.00,10.00,מחלקת DRIVE ,יח',מחלקת DRIVE ,
182,,סלט טונה  ,רגיל,0,12.00,29.00,29.00,מחלקת DRIVE ,יח',מחלקת DRIVE ,
183,,משאית,רגיל,0,60.00,120.00,120.00,קופה שטיפה (הכל ),יח',קופה שטיפה (הכל ),
184,,שטיפה דתל ריפודימ,רגיל,0,100.00,200.00,200.00,קופה שטיפה (הכל ),יח',קופה שטיפה (הכל ),
185,,קפה הפוך גדול,רגיל,0,3.60,14.00,14.00,מחלקת DRIVE ,יח',מחלקת DRIVE ,
186,,אספרסו כפול,רגיל,0,1.57,8.00,8.00,מחלקת DRIVE ,יח',מחלקת DRIVE ,
187,,דנלוג משאית,רגיל,0,60.00,120.00,120.00,קופה שטיפה (הכל ),יח',קופה שטיפה (הכל ),
188,,אוטוקיר - שטיפה משאית,רגיל,0,37.50,75.00,75.00,קופה שטיפה (הכל ),יח',קופה שטיפה (הכל ),
189,,שטיפה מסחרי חיצונית,רגיל,-80,25.00,70.00,70.00,קופה שטיפה (הכל ),יח',קופה שטיפה (הכל ),
190,,שטיפה גייפ פנימי,רגיל,-291,20.00,50.00,50.00,קופה שטיפה (הכל ),יח',קופה שטיפה (הכל ),
191,,בבלס,רגיל,0,20.50,41.00,41.00,קופה שטיפה (הכל ),יח',קופה שטיפה (הכל ),
192,,שטיפה בבלס,רגיל,0,20.50,41.00,41.00,קופה שטיפה (הכל ),יח',קופה שטיפה (הכל ),
193,,מסחרי דאבל,רגיל,0,27.00,54.00,54.00,קופה שטיפה (הכל ),יח',קופה שטיפה (הכל ),
194,,משאית,רגיל,0,37.50,75.00,75.00,קופה שטיפה (הכל ),יח',קופה שטיפה (הכל ),
195,,מסחרי מיוחד,רגיל,0,20.00,40.00,40.00,קופה שטיפה (הכל ),יח',קופה שטיפה (הכל ),
197,,שטיפה רכב פרטי במבצע,רגיל,0,25.00,50.00,50.00,קופה שטיפה (הכל ),יח',קופה שטיפה (הכל ),
198,,פרטנר שטיפה דיטיל,רגיל,-2,125.00,300.00,300.00,קופה שטיפה (הכל ),יח',קופה שטיפה (הכל ),
199,,אספרסו כפול ארוך ,רגיל,0,1.57,8.00,8.00,מחלקת DRIVE ,יח',מחלקת DRIVE ,
200,200,פריט מימוש כרטיס מתנה,רגיל,0,50.00,100.00,100.00,קופה שטיפה (הכל ),יח',קופה שטיפה (הכל ),
202,,מיץ תפוז סחוט ,רגיל,0,4.10,12.00,12.00,מחלקת DRIVE ,יח',מחלקת DRIVE ,
204,,מיץ גזר סחוט ,רגיל,0,5.00,17.00,17.00,מחלקת DRIVE ,יח',מחלקת DRIVE ,
205,,כריך טונה ,רגיל,0,8.50,23.90,23.90,מחלקת DRIVE ,יח',מחלקת DRIVE ,
206,,כריך טוניסאי ,רגיל,0,8.90,23.90,23.90,מחלקת DRIVE ,יח',מחלקת DRIVE ,
207,,כריך אבוקדו ,רגיל,0,7.80,23.90,23.90,מחלקת DRIVE ,יח',מחלקת DRIVE ,
208,,כריך בלקאני ,רגיל,0,10.50,24.90,24.90,מחלקת DRIVE ,יח',מחלקת DRIVE ,
209,,בייגל טוסט צ`דר ,רגיל,0,6.00,18.00,18.00,מחלקת DRIVE ,יח',מחלקת DRIVE ,
210,,אצבע פילו קרם גבינה ,רגיל,0,3.15,14.00,14.00,מחלקת DRIVE ,יח',מחלקת DRIVE ,
211,,כריך סלמון נורוויגי ,רגיל,0,12.90,34.90,34.90,מחלקת DRIVE ,יח',מחלקת DRIVE ,
212,,כריך רוסטביף ,רגיל,0,10.00,28.90,28.90,מחלקת DRIVE ,יח',מחלקת DRIVE ,
213,,כריך גאודה ,רגיל,0,10.50,23.90,23.90,מחלקת DRIVE ,יח',מחלקת DRIVE ,
214,,כריך פסטרמה ,רגיל,0,10.00,24.90,24.90,מחלקת DRIVE ,יח',מחלקת DRIVE ,
215,,כריך ביצים ,רגיל,0,6.00,18.00,18.00,מחלקת DRIVE ,יח',מחלקת DRIVE ,
216,,מיץ תפוח טבעי,רגיל,0,8.90,13.90,13.90,מחלקת DRIVE ,יח',מחלקת DRIVE ,
217,,כריך שמנת זיתים ,רגיל,0,10.00,23.90,23.90,מחלקת DRIVE ,יח',מחלקת DRIVE ,
218,,פקאן בציפוי שוקולד חלב ,רגיל,0,6.70,11.90,11.90,חטיפים מתוקים ,יח',חטיפים מתוקים ,
219,,מיץ רימונים טבעי,רגיל,0,8.90,13.90,13.90,מחלקת DRIVE ,יח',מחלקת DRIVE ,
220,34701,קרואסון שוקולד ,רגיל,645,5.50,14.00,14.00,מחלקת DRIVE ,יח',מחלקת DRIVE ,
221,34702,קרואסון שקדים ,רגיל,150,6.30,14.00,14.00,מחלקת DRIVE ,יח',מחלקת DRIVE ,
222,,קרואסון גבינה  ,רגיל,0,6.00,14.00,14.00,מחלקת DRIVE ,יח',מחלקת DRIVE ,
223,,בורקס גבינה ,רגיל,-1,6.00,14.00,14.00,מחלקת DRIVE ,יח',מחלקת DRIVE ,
224,,בורקס תפוח אדמה ,רגיל,0,6.00,14.00,14.00,מחלקת DRIVE ,יח',מחלקת DRIVE ,
225,34719,פפיון ריקוטה ותות ,רגיל,15,7.50,16.00,16.00,מחלקת DRIVE ,יח',מחלקת DRIVE ,
226,,שטיפה רכב פרטי -לקוח VIP,רגיל,-1,30.00,60.00,60.00,קופה שטיפה (הכל ),יח',קופה שטיפה (הכל ),
227,34750,קרואסון פטה ומנצגו ,רגיל,104,6.90,16.00,16.00,מחלקת DRIVE ,יח',מחלקת DRIVE ,
228,,קפה נמס רגיל,רגיל,0,2.29,10.00,10.00,מחלקת DRIVE ,יח',מחלקת DRIVE ,
229,,קפה אמריקנו רגיל,רגיל,0,1.70,10.00,10.00,מחלקת DRIVE ,יח',מחלקת DRIVE ,
230,230,גופייה לבן גדול 800 גרם ,רגיל,0,6.50,12.00,12.00,אריזות ו מוצרי  ניקוי לסופר ,יח',אריזות ו מוצרי  ניקוי לסופר ,
231,231,גופיה לבן קטן 500 ג ,רגיל,0,6.05,10.00,10.00,אריזות ו מוצרי  ניקוי לסופר ,יח',אריזות ו מוצרי  ניקוי לסופר ,
232,,קפה אמריקנו גדול,רגיל,0,1.85,12.00,12.00,מחלקת DRIVE ,יח',מחלקת DRIVE ,
233,,שוקו חם ,רגיל,0,2.07,8.00,8.00,מחלקת DRIVE ,יח',מחלקת DRIVE ,
237,,קפה מקיאטו ,רגיל,0,1.42,10.00,10.00,מחלקת DRIVE ,יח',מחלקת DRIVE ,
250,250,אורגלולה ,רגיל,0.000,8.00,9.90,9.90,פירות וירקות ,ק"ג,פירות וירקות ,
255,,"שכירות ציוד , אוג 2025",רגיל,0,236.72,0.00,0.00,פיקדון  ו משטחים - ארגזים ,יח',פיקדון  ו משטחים - ארגזים ,
256,,חסה עגולה,רגיל,-8,6.00,7.90,7.90,פירות וירקות ,יח',פירות וירקות ,
257,,תמר צהוב,רגיל,0.000,16.00,17.50,17.50,פירות וירקות ,ק"ג,פירות וירקות ,
258,,בייבי ארוגולה,רגיל,10,9.00,12.90,12.90,פירות וירקות ,יח',פירות וירקות ,
259,,אבוקדו,רגיל,64.871,11.50,18.90,18.90,פירות וירקות ,ק"ג,פירות וירקות ,
260,,טונה קופסאות,רגיל,20,20.00,23.60,23.60,מוצרי שימוש מטבח -חנות ,יח',מוצרי שימוש מטבח -חנות ,
261,,ברד תות ,רגיל,0,3.18,10.00,10.00,מחלקת DRIVE ,יח',מחלקת DRIVE ,
262,,ברד לימון נענע ,רגיל,0,3.18,10.00,10.00,מחלקת DRIVE ,יח',מחלקת DRIVE ,
263,,ברד פסיפלורה ,רגיל,0,3.18,10.00,10.00,מחלקת DRIVE ,יח',מחלקת DRIVE ,
264,NAP03,סלמי נאפולי פרוס 200 גרם,רגיל,30,20.00,0.00,0.00,מוצרי שימוש מטבח -חנות ,יח',מוצרי שימוש מטבח -חנות ,
265,,מאפה קטן ק"ג,רגיל,-2369.291,17.25,49.90,49.90,מחלקת -Barista ,ק"ג,מחלקת -Barista ,
266,,בריסקט פרמיום פרוס,רגיל,150,46.00,56.64,56.64,מוצרי שימוש מטבח -חנות ,יח',מוצרי שימוש מטבח -חנות ,
267,7290110118822,נורידק פחית מי סודה ,רגיל,24,1.87,4.90,5.90,משקאות ,יח',משקאות ,
268,,רוטב פיצה תמרה ,רגיל,2,50.00,61.36,,מוצרי שימוש מטבח -חנות ,יח',מוצרי שימוש מטבח -חנות ,
269,5208049022983,פאל מאל דמי קפסולה אדום,רגיל,0,24.75,36.00,36.00, כל הסיגריות,יח', כל הסיגריות,
270,,קלמטינה (מנדרינות ),רגיל,-7.655,6.00,9.50,9.50,פירות וירקות ,ק"ג,פירות וירקות ,
271,693493255585,רול מסח'אן,רגיל,0,59.00,84.90,,מוצרי בצק ( معجنات ),יח',מוצרי בצק ( معجنات ),
272,,מצת פשוט ,רגיל,1370,0.29,2.00,,אבזרי עישון ,יח',אבזרי עישון ,
273,,גורס תלת מימד ,רגיל,0,16.95,29.90,,אבזרי עישון ,יח',אבזרי עישון ,
274,,פייפ,רגיל,8,8.50,14.90,,אבזרי עישון ,יח',אבזרי עישון ,
275,,בקבוק פלסטיק פלוס זכוכית פאמפו ,רגיל,0,5.10,11.90,,אבזרי עישון ,יח',אבזרי עישון ,
276,608614318063,מצת טורבו ברזל ,רגיל,14,2.12,8.90,,אבזרי עישון ,יח',אבזרי עישון ,
278,,מאפרת זכוכית עם גומי ,רגיל,3,10.16,18.90,,אבזרי עישון ,יח',אבזרי עישון ,
279,,גורס ברזל ,רגיל,48,21.20,39.90,,אבזרי עישון ,יח',אבזרי עישון ,
280,,גורס פלסטיק מאמו ,רגיל,0,8.50,18.90,,אבזרי עישון ,יח',אבזרי עישון ,
281,,מאפרת זהב ,רגיל,44,10.16,15.90,,אבזרי עישון ,יח',אבזרי עישון ,
282,,כולמוביל מימון שטיפה ,רגיל,-1,225.00,450.00,450.00,קופה שטיפה (הכל ),יח',קופה שטיפה (הכל ),
283,,בצק מנקיש ,רגיל,0,2.00,0.00,,מוצרי שימוש מטבח -חנות ,יח',מוצרי שימוש מטבח -חנות ,
284,,מגש חלבי - עבור 4 סועדים,רגיל,0,65.00,139.90,,מחלקת YOMYOM - EVENT,יח',מחלקת YOMYOM - EVENT,
285,,מגש בשרי - עבור 4 סועדים,רגיל,0,76.00,159.90,,מחלקת YOMYOM - EVENT,יח',מחלקת YOMYOM - EVENT,
286,,מגש מעורבב ( חלבי בשרי) - עבור 4 סועדים,רגיל,0,70.04,149.90,,מחלקת YOMYOM - EVENT,יח',מחלקת YOMYOM - EVENT,
287,,בקבוק מיץ תפוזים סחוט 1 ליטר ,רגיל,0,14.30,29.90,,מחלקת YOMYOM - EVENT,יח',מחלקת YOMYOM - EVENT,
288,,בקבוק מיץ גזר סחוט 1 ליטר ,רגיל,0,10.45,24.90,,מחלקת YOMYOM - EVENT,יח',מחלקת YOMYOM - EVENT,
289,,מגש מאפים מלוחים גדול,רגיל,0,27.00,49.90,,מחלקת YOMYOM - EVENT,יח',מחלקת YOMYOM - EVENT,
290,,מגש מאפים מלוחים קטנים,רגיל,0,20.00,39.90,,מחלקת YOMYOM - EVENT,יח',מחלקת YOMYOM - EVENT,
291,,מגש מאפים מתוקים גדול,רגיל,0,24.00,49.90,,מחלקת YOMYOM - EVENT,יח',מחלקת YOMYOM - EVENT,
292,,מגש מאפים מתוקים קטנים,רגיל,0,16.00,34.90,,מחלקת YOMYOM - EVENT,יח',מחלקת YOMYOM - EVENT,
293,12891,מאפין ,רגיל,-56,5.00,6.90,,מחלקת -Barista ,יח',מחלקת -Barista ,
294,,ריבת תות 10 ק"ג,רגיל,0,100.00,118.00,,מוצרי שימוש מטבח -חנות ,יח',מוצרי שימוש מטבח -חנות ,
295,,כרוב לבן,רגיל,-5.230,4.50,3.90,,פירות וירקות ,ק"ג,פירות וירקות ,
296,850022543708,אוכמניות ,רגיל,-14,15.50,17.90,17.90,פירות וירקות ,יח',פירות וירקות ,
297,,בצל יבש,רגיל,-35.360,45.00,4.90,4.90,פירות וירקות ,ק"ג,פירות וירקות ,
298,,בצל ביבי,רגיל,11.785,4.90,8.90,8.90,פירות וירקות ,ק"ג,פירות וירקות ,
299,,פלפל חריף ,רגיל,11.295,9.00,9.00,9.00,פירות וירקות ,ק"ג,פירות וירקות ,
301,301,נייר פרגמנט 30/40,רגיל,0,14.50,17.11,17.11,אריזות ו מוצרי  ניקוי לסופר ,יח',אריזות ו מוצרי  ניקוי לסופר ,
302,,קלורבי,רגיל,-2.195,8.50,10.90,10.90,פירות וירקות ,ק"ג,פירות וירקות ,
303,,פלפלון,רגיל,79.000,7.90,10.90,,פירות וירקות ,ק"ג,פירות וירקות ,
304,,תאינים,רגיל,0.000,32.00,38.90,,פירות וירקות ,ק"ג,פירות וירקות ,
305,,פטל,רגיל,-5,22.50,29.90,,פירות וירקות ,יח',פירות וירקות ,
306,,אנונה,רגיל,0.000,24.50,28.90,,פירות וירקות ,ק"ג,פירות וירקות ,
307,,אשכליות,רגיל,-1.515,5.90,7.50,,פירות וירקות ,ק"ג,פירות וירקות ,
308,,בייבי גורמה תפוח אדמ,רגיל,6.100,7.90,9.50,9.50,פירות וירקות ,ק"ג,פירות וירקות ,
309,,רימון תפזורת,רגיל,28.800,10.00,19.50,,פירות וירקות ,ק"ג,פירות וירקות ,
310,,משקה תפוח עץ ,רגיל,-32,4.10,12.00,12.00,מחלקת -Barista ,יח',מחלקת -Barista ,
311,,חסה ליטלגם,רגיל,-3,14.50,17.90,,פירות וירקות ,יח',פירות וירקות ,
312,312,שקית נייר טרמי חום ( מארז 1000 יח,רגיל,0,110.00,259.60,259.60,מוצרי מכולת ,יח',מוצרי מכולת ,
313,,בייבי מיקס ,רגיל,3,11.50,14.90,14.90,פירות וירקות ,יח',פירות וירקות ,
314,,ירק ארוז ,רגיל,15,3.50,4.90,,פירות וירקות ,יח',פירות וירקות ,
315,,תפוזים,רגיל,45.960,6.00,9.50,,פירות וירקות ,ק"ג,פירות וירקות ,
316,,פולמה,רגיל,-43.200,19.00,10.90,10.90,פירות וירקות ,ק"ג,פירות וירקות ,
317,,צלי פלפל אדום,רגיל,5,8.00,8.90,,פירות וירקות ,יח',פירות וירקות ,
318,,אספראגוס,רגיל,0,28.50,32.90,,פירות וירקות ,יח',פירות וירקות ,
319,319,שקית נשיאה גיילורד חומה ,רגיל,0,0.98,1.16,1.16,אריזות ו מוצרי  ניקוי לסופר ,יח',אריזות ו מוצרי  ניקוי לסופר ,
320,,ברוקלי,רגיל,-4,65.00,9.90,,פירות וירקות ,יח',פירות וירקות ,
321,,תרד ניזלנדי,רגיל,0,9.70,12.90,,פירות וירקות ,יח',פירות וירקות ,
322,,כולמוביל דיטיל,רגיל,0,60.00,120.00,120.00,קופה שטיפה (הכל ),יח',קופה שטיפה (הכל ),
323,,מאנקיש ,רגיל,-383,2.50,4.00,4.00, עובדים ,יח', עובדים ,
324,,אגוזי מלח,רגיל,0,42.00,53.10,,מוצרי שימוש מטבח -חנות ,יח',מוצרי שימוש מטבח -חנות ,
325,,פלפל ירוק פרימיום ,רגיל,-0.515,8.50,7.90,9.90,פירות וירקות ,ק"ג,פירות וירקות ,
326,,קוקוס,רגיל,-1,16.20,19.90,19.90,פירות וירקות ,יח',פירות וירקות ,
327,,סל מתנה 1,מכלול,0,51.00,85.00,85.00,מתנה ארוזה ,יח',מתנה ארוזה ,
328,,סוכר טחון,רגיל,0,15.00,0.00,,מוצרי שימוש מטבח -חנות ,יח',מוצרי שימוש מטבח -חנות ,
330,,ארגז מים 200 מ"ל ,מכלול,0,7.00,10.90,10.90,משקאות ,יח',משקאות ,
331,,סל מתנה 2,מכלול,0,64.80,94.90,94.90,מתנה ארוזה ,יח',מתנה ארוזה ,
332,332,פומלה ,רגיל,70.050,6.00,21.90,21.90,פירות וירקות ,ק"ג,פירות וירקות ,
333,,סל מתנה 3,מכלול,0,54.64,79.90,79.90,מתנה ארוזה ,יח',מתנה ארוזה ,
334,,סל מתנה 4,מכלול,0,58.27,85.90,85.90,מתנה ארוזה ,יח',מתנה ארוזה ,
335,,מגנט ( שימוש סופר),רגיל,0,84.70,100.00,,אבזרי עישון ,יח',אבזרי עישון ,
336,,מאפרה רכב עם מנורה ,רגיל,0,11.86,19.90,19.90,אבזרי עישון ,יח',אבזרי עישון ,
337,,גריינר ברזל ענק,רגיל,12,25.42,36.00,36.00,אבזרי עישון ,יח',אבזרי עישון ,
338,,מגרסה ברזל 4 קומות ,רגיל,0,25.42,39.90,39.90,אבזרי עישון ,יח',אבזרי עישון ,
339,,פריט כללי - וולט,רגיל,-27,,0.00,,מוצרי מכולת ,יח',מוצרי מכולת ,
340,,תוספת גלגים ,רגיל,-5,5.00,10.00,10.00,קופה שטיפה (הכל ),יח',קופה שטיפה (הכל ),
341,,תוספת בגאז',רגיל,0,5.00,10.00,10.00,קופה שטיפה (הכל ),יח',קופה שטיפה (הכל ),
342,,כריך סלמי נאפולי - עובדים ,רגיל,-13,10.00,15.00,15.00, עובדים ,יח', עובדים ,
345,,שמיר,רגיל,0,1.90,3.00,,פירות וירקות ,יח',פירות וירקות ,
346,7290013520500,8 לחמניה ביס כוסמין ,רגיל,-1,10.50,16.90,16.90,לחם ,יח',לחם ,
347,,שומשום,רגיל,0,15.00,17.70,,מוצרי שימוש מטבח -חנות ,יח',מוצרי שימוש מטבח -חנות ,
348,553212,תות,רגיל,-42.81,70.00,16.90,,פירות וירקות ,יח',פירות וירקות ,
349,שקיות גופיות לבן,שקיות גופיות לבן,רגיל,0,12.00,14.20,,מוצרי שימוש מטבח -חנות ,יח',מוצרי שימוש מטבח -חנות ,
350,,כוס סחלב ,רגיל,-64,4.50,9.90,9.90,מחלקת -Barista ,יח',מחלקת -Barista ,
351,,סלט יווני ,רגיל,0,12.00,29.00,29.00,מחלקת YOMYOM - EVENT,יח',מחלקת YOMYOM - EVENT,
352,,סלט טונה  ,רגיל,0,12.00,29.00,29.00,מחלקת YOMYOM - EVENT,יח',מחלקת YOMYOM - EVENT,
353,אגס סבדונה,אגס סבדונה,רגיל,22,14.50,14.50,,מוצרי שימוש מטבח -חנות ,יח',מוצרי שימוש מטבח -חנות ,
354,,קוקיז,רגיל,-116,2.00,3.90,3.90,מחלקת -Barista ,יח',מחלקת -Barista ,
355,,כריכון  סלט ביצים ,רגיל,-16,3.00,9.90,9.90,מחלקת -Barista ,יח',מחלקת -Barista ,
356,,כריכון פסטרמה ,רגיל,-21,5.00,9.90,9.90,מחלקת -Barista ,יח',מחלקת -Barista ,
357,,כריכון סלט טונה ,רגיל,-19,4.50,9.90,9.90,מחלקת -Barista ,יח',מחלקת -Barista ,
358,7622210836687,אוראו בראוניז 154 גרם,רגיל,28,5.70,9.90,,חטיפים מתוקים ,יח',חטיפים מתוקים ,
359,,נקניקייה - עובדים ,רגיל,-149,3.00,9.90,9.90, עובדים ,יח', עובדים ,
360,,דונאטס,רגיל,-234,0.00,5.90,5.90,מחלקת -Barista ,יח',מחלקת -Barista ,
364,,מוהיטו ,רגיל,-49,3.50,7.90,7.90,מחלקת -Barista ,יח',מחלקת -Barista ,
365,,אריזה פירות ,רגיל,0,8.00,17.90,,מחלקת YOMYOM - EVENT,יח',מחלקת YOMYOM - EVENT,
371,,פרח,רגיל,-60,30.00,60.00,,פרח ,יח',פרח ,
375,,כריך לבנה,רגיל,-634,8.50,18.90,,מחלקת -Barista ,יח',מחלקת -Barista ,
376,,גבינה מתוק,רגיל,-169,6.00,14.00,,מאפים (גדרון - שמרים ),יח',מאפים (גדרון - שמרים ),
379,,גרגיר ארוז ,רגיל,14,11.00,14.90,,פירות וירקות ,יח',פירות וירקות ,
380,,רוזמין,רגיל,4,6.00,9.90,,פירות וירקות ,יח',פירות וירקות ,
381,,מרווה,רגיל,-2,6.00,9.90,,פירות וירקות ,יח',פירות וירקות ,
382,,פטריות לבן ארוז,רגיל,32,6.87,8.90,,פירות וירקות ,יח',פירות וירקות ,
383,,פטריות חום ארוז,רגיל,27,6.87,8.90,,פירות וירקות ,יח',פירות וירקות ,
385,,כוס גומי ומרשמלו,רגיל,-469,2.46,9.90,,ממתקים ,יח',ממתקים ,
386,,זיתים ירוק פרי הצפון,רגיל,0,92.00,0.00,,מוצרי שימוש מטבח -חנות ,יח',מוצרי שימוש מטבח -חנות ,
387,00000,טוויקס קרמל מלוח,רגיל,0,0.00,0.00,,ממתקים ,יח',ממתקים ,
388,,קפה + מאפה + מים 200 מ"ל ב 10.0,רגיל,0,0.00,10.00,,בדיקה ,יח',בדיקה ,
389,,כריך + שתייה + חטיף ב 29.90,רגיל,0,0.00,29.90,,בדיקה ,יח',בדיקה ,
390,,שסק,רגיל,7.400,19.00,19.90,,פירות וירקות ,ק"ג,פירות וירקות ,
391,,טוניסאי 1 ק"ג,רגיל,1,22.00,0.00,,מוצרי שימוש מטבח -חנות ,יח',מוצרי שימוש מטבח -חנות ,
392,,בראוניז כשל"פ,רגיל,-36,5.10,11.90,,מוצרי מאפים ,יח',מוצרי מאפים ,
393,,סופלה בונדנט שוקולד כשל"פ,רגיל,-17,13.00,24.90,,מוצרי מאפים ,יח',מוצרי מאפים ,
394,,קפה + מאפה + מים 200 מ"ל,רגיל,0,1.20,10.00,,מחלקת DRIVE ,יח',מחלקת DRIVE ,
395,,כריך + שתייה + חטיף ב 29.90,רגיל,0,0.00,29.90,,מחלקת DRIVE ,יח',מחלקת DRIVE ,
396,,פלפל כתום פרימיום,רגיל,8.975,8.50,9.90,,פירות וירקות ,ק"ג,פירות וירקות ,
398,,ספיחה,רגיל,-165,0.00,4.00,,מוצרי שימוש מטבח -חנות ,יח',מוצרי שימוש מטבח -חנות ,
399,,קובה,רגיל,-3,0.00,4.00,,מוצרי שימוש מטבח -חנות ,יח',מוצרי שימוש מטבח -חנות ,
400,,ביצה קשה,רגיל,-19,0.00,4.00,,מוצרי שימוש מטבח -חנות ,יח',מוצרי שימוש מטבח -חנות ,
401,401,שסק,רגיל,-13,15.00,20.00,,פירות וירקות ,יח',פירות וירקות ,
402,,סמבוסה,רגיל,-302,0.00,4.00,,מוצרי שימוש מטבח -חנות ,יח',מוצרי שימוש מטבח -חנות ,
403,,זעתר ,רגיל,-9,5.94,10.00,,מוצרי שימוש מטבח -חנות ,יח',מוצרי שימוש מטבח -חנות ,
404,,תרד,רגיל,0,5.93,10.00,,מוצרי שימוש מטבח -חנות ,יח',מוצרי שימוש מטבח -חנות ,
405,,מלפפון בחומץ פרוס עדן,רגיל,0,48.00,79.30,,מוצרי שימוש מטבח -חנות ,יח',מוצרי שימוש מטבח -חנות ,
406,,שטיפת פסח - 50 ש"ח,רגיל,-20,0.00,50.00,,קופה שטיפה (הכל ),יח',קופה שטיפה (הכל ),
407,,שטיפת פסח - 40 ש"ח,רגיל,0,0.00,40.00,,קופה שטיפה (הכל ),יח',קופה שטיפה (הכל ),
408,,שטיפת פסח - 80 ש"ח,רגיל,-48,0.00,80.00,,קופה שטיפה (הכל ),יח',קופה שטיפה (הכל ),
411,,סמבוסה גדול במילוי בשר,רגיל,-86,5.00,8.00,,מחלקת -Barista ,יח',מחלקת -Barista ,
412,,סמבוסה גדול במילוי גבינה,רגיל,-23,5.00,8.00,,מחלקת -Barista ,יח',מחלקת -Barista ,
413,,תרד,רגיל,-165,7.00,10.00,,מחלקת -Barista ,יח',מחלקת -Barista ,
414,,תפוח עץ מוזהב,רגיל,8,10.50,0.00,,פירות וירקות ,יח',פירות וירקות ,
415,,דלי חרדל אמירקאי,רגיל,1,58.00,0.00,,מוצרי שימוש מטבח -חנות ,יח',מוצרי שימוש מטבח -חנות ,
416,,קישוא,רגיל,-4.485,7.00,7.90,,פירות וירקות ,ק"ג,פירות וירקות ,
417,,אפרסק,רגיל,10.200,23.00,9.90,,פירות וירקות ,ק"ג,פירות וירקות ,
418,,משמש,רגיל,6.400,35.00,0.00,,פירות וירקות ,ק"ג,פירות וירקות ,
419,,שטיפת גייפ חיצונית,רגיל,0,15.00,50.00,,קופה שטיפה (הכל ),יח',קופה שטיפה (הכל ),
420,,שטיפת רכב גייפ כולל,רגיל,-1,10.00,80.00,,קופה שטיפה (הכל ),יח',קופה שטיפה (הכל ),
421,,שטיפה מסחרית פנימית,רגיל,0,30.00,70.00,,קופה שטיפה (הכל ),יח',קופה שטיפה (הכל ),
422,,שטיפת ג'יפון חיצונית,רגיל,0,15.00,40.00,,קופה שטיפה (הכל ),יח',קופה שטיפה (הכל ),
423,,שטיפת ג'יפון פנימית,רגיל,0,14.00,40.00,,קופה שטיפה (הכל ),יח',קופה שטיפה (הכל ),
424,5902854109692,משקה TMAX גולד 250 מ"ל,רגיל,-36,2.30,6.90,,משקאות ,יח',משקאות ,
425,,פרח,רגיל,-4,30.00,80.00,,פרח ,יח',פרח ,
426,,כריך לבנה,רגיל,-67,5.00,18.90,,מחלקת -Barista ,יח',מחלקת -Barista ,
427,,כריך פסטרמה,רגיל,-78,5.00,26.90,,מחלקת -Barista ,יח',מחלקת -Barista ,
428,,כריך גאודה,רגיל,-26,5.00,23.90,,מחלקת -Barista ,יח',מחלקת -Barista ,
429,,כריך שמנת זיתים,רגיל,-13,5.00,23.90,,מחלקת -Barista ,יח',מחלקת -Barista ,
430,,בייגל סלמון נורוויגי,רגיל,-7,10.00,34.90,,מחלקת -Barista ,יח',מחלקת -Barista ,
431,431,פלפל צבעוני,רגיל,49.200,10.00,0.00,,מוצרי שימוש מטבח -חנות ,ק"ג,מוצרי שימוש מטבח -חנות ,
432,,כריך טונה,רגיל,-96,5.00,23.90,,מחלקת -Barista ,יח',מחלקת -Barista ,
433,,כריך סלט ביצים,רגיל,-58,5.00,17.90,,מחלקת -Barista ,יח',מחלקת -Barista ,
434,,כריך רוסטביף,רגיל,-98,5.00,24.90,,מחלקת -Barista ,יח',מחלקת -Barista ,
435,,כריך פטה,רגיל,-4,5.00,29.90,,מחלקת -Barista ,יח',מחלקת -Barista ,
436,436,פרגמנט מעדניה צץ רץ ,רגיל,0,33.00,40.00,40.00,אריזות ו מוצרי  ניקוי לסופר ,יח',אריזות ו מוצרי  ניקוי לסופר ,
437,,בייגל טוסט,רגיל,-29,5.00,17.90,,מחלקת -Barista ,יח',מחלקת -Barista ,
438,,סלט טונה,רגיל,0,0.00,28.90,,מחלקת -Barista ,יח',מחלקת -Barista ,
439,,סלט יווני,רגיל,0,0.00,28.90,,מחלקת -Barista ,יח',מחלקת -Barista ,
440,,נקניקיות,רגיל,-67,0.00,17.90,,מחלקת -Barista ,יח',מחלקת -Barista ,
441,,כריך אבוקדו,רגיל,-1,0.00,23.90,,מחלקת -Barista ,יח',מחלקת -Barista ,
442,7290000000442,מטאטא פלסטיק ,רגיל,0,4.00,0.00,,מוצרי שימוש מטבח -חנות ,יח',מוצרי שימוש מטבח -חנות ,
443,,כריך סלמי נאפולי,רגיל,-1,0.00,26.90,,מחלקת -Barista ,יח',מחלקת -Barista ,
444,838948000444,מסטיק שפורפרת תות ורוד 1/3635 (6)בר,רגיל,-6,4.66,6.90,6.90,חטיפים מתוקים ,יח',חטיפים מתוקים ,
445,,כריך לבנה - עובדים,רגיל,0,0.00,14.90,,מחלקת -Barista ,יח',מחלקת -Barista ,
446,446,סלסלת זכוכית גדולה,רגיל,0,5.00,10.00,10.00,מוצרי מכולת ,יח',מוצרי מכולת ,
447,,כריך פסטרמה - עובדים,רגיל,-6,0.00,14.90,,מחלקת -Barista ,יח',מחלקת -Barista ,
448,,כריך גאודה - עובדים,רגיל,-1,0.00,14.90,,מחלקת -Barista ,יח',מחלקת -Barista ,
449,,כריך שמנת זיתים - עובדים,רגיל,0,0.00,14.90,,מחלקת -Barista ,יח',מחלקת -Barista ,
450,,בייגל סלמון נורוויגי - עובדים,רגיל,0,0.00,14.90,,מחלקת -Barista ,יח',מחלקת -Barista ,
451,,כריך טונה - עובדים,רגיל,-6,0.00,14.90,,מחלקת -Barista ,יח',מחלקת -Barista ,
452,,כריך סלט ביצים - עובדים,רגיל,-5,0.00,14.90,,מחלקת -Barista ,יח',מחלקת -Barista ,
453,,כריך רוסטביף - עובדים,רגיל,-4,0.00,14.90,,מחלקת -Barista ,יח',מחלקת -Barista ,
454,,כריך פטה - עובדים,רגיל,0,0.00,14.90,,מחלקת -Barista ,יח',מחלקת -Barista ,
455,,בייגל טוסט- עובדים,רגיל,0,0.00,9.90,,מחלקת -Barista ,יח',מחלקת -Barista ,
456,,סלט טונ - עובדים,רגיל,0,0.00,14.90,,מחלקת -Barista ,יח',מחלקת -Barista ,
457,,סלט יווני - עובדים,רגיל,0,0.00,14.90,,מחלקת -Barista ,יח',מחלקת -Barista ,
458,,כריך אבוקדו - עובדים,רגיל,0,0.00,14.90,,מחלקת -Barista ,יח',מחלקת -Barista ,
460,,כריך סלמי נאפולי - עובדים,רגיל,-1,0.00,14.90,,מחלקת -Barista ,יח',מחלקת -Barista ,
461,,נקניקיות - עובדים,רגיל,-9,0.00,9.90,,מחלקת -Barista ,יח',מחלקת -Barista ,
462,,מצת טורבו פשוטה,רגיל,95,1.50,5.00,,אבזרי עישון ,יח',אבזרי עישון ,
463,,עוגיות חג,רגיל,-12,0.00,9.90,,מוצרי שימוש מטבח -חנות ,יח',מוצרי שימוש מטבח -חנות ,
464,,פופקורן,רגיל,-15,0.00,9.90,,מוצרי שימוש מטבח -חנות ,יח',מוצרי שימוש מטבח -חנות ,
465,R24-48,Braclet Band,רגיל,17,40.00,69.90,,תכשיטים לילדות קטנות ,יח',תכשיטים לילדות קטנות ,
467,,סליק קולה 330 מ"ל ICE,רגיל,48,1.77,6.90,,משקאות ,יח',משקאות ,
499,499,פיקדון ,רגיל,3493,0.26,0.00,0.00,פיקדון  ו משטחים - ארגזים ,יח',פיקדון  ו משטחים - ארגזים ,
504,504,לימןם סחוט גלון (שימוש מטבח ,רגיל,0,75.00,0.00,0.00,מוצרי שימוש מטבח -חנות ,יח',מוצרי שימוש מטבח -חנות ,
556,556,תפו"ע אדום,רגיל,36.000,16.00,13.00,,מוצרי שימוש מטבח -חנות ,ק"ג,מוצרי שימוש מטבח -חנות ,
566,566,גביע 50 מ"ל צמוד מכסה עגול ,רגיל,2,89.00,88.50,,מוצרי שימוש מטבח -חנות ,יח',מוצרי שימוש מטבח -חנות ,
573,573,קיי.טי.אר קרטון (280 יח),רגיל,0,256.48,302.65,302.65,אריזות ו מוצרי  ניקוי לסופר ,יח',אריזות ו מוצרי  ניקוי לסופר ,
599,599,דלי קטשוב ,רגיל,0,50.00,59.00,,מוצרי שימוש מטבח -חנות ,יח',מוצרי שימוש מטבח -חנות ,
662,662,פלפל שחור 1 קג,רגיל,2,35.00,41.30,,מוצרי שימוש מטבח -חנות ,יח',מוצרי שימוש מטבח -חנות ,
712,712,בטטה,רגיל,10.400,9.00,9.00,,מוצרי שימוש מטבח -חנות ,ק"ג,מוצרי שימוש מטבח -חנות ,
747,747,מגבת ידיים ,רגיל,0,195.00,334.49,334.49,אריזות ו מוצרי  ניקוי לסופר ,יח',אריזות ו מוצרי  ניקוי לסופר ,
751,751,כפית תה שקופה- 2000 יח,רגיל,0,134.00,0.00,,מוצרי שימוש מטבח -חנות ,יח',מוצרי שימוש מטבח -חנות ,
775,775,תפו"א לבן ארוז גורמה,רגיל,14.000,14.00,20.00,,מוצרי שימוש מטבח -חנות ,ק"ג,מוצרי שימוש מטבח -חנות ,
776,776,מילון,רגיל,64.700,6.50,7.00,,מוצרי שימוש מטבח -חנות ,ק"ג,מוצרי שימוש מטבח -חנות ,
777,777,נייר עמיד שומן 30*40 ,רגיל,2000,0.09,0.00,,מוצרי שימוש מטבח -חנות ,יח',מוצרי שימוש מטבח -חנות ,
801,801,קש ארומה 8 מ"מ שחור 1/400,רגיל,0,7.50,8.85,8.85,אריזות ו מוצרי  ניקוי לסופר ,יח',אריזות ו מוצרי  ניקוי לסופר ,
811,811,מנקה אסלות אקסטרא 1ליטר ,רגיל,0,5.25,12.00,12.00,אריזות ו מוצרי  ניקוי לסופר ,יח',אריזות ו מוצרי  ניקוי לסופר ,
815,815,נוזל כלים 12% תפוח 4 ליטר ,רגיל,0,10.50,0.00,0.00,אריזות ו מוצרי  ניקוי לסופר ,יח',אריזות ו מוצרי  ניקוי לסופר ,
830,830,שמפו רצפות 4 ליטר ,רגיל,12,7.00,8.26,8.26,אריזות ו מוצרי  ניקוי לסופר ,יח',אריזות ו מוצרי  ניקוי לסופר ,
866,866,תפו"ע מוזהב,רגיל,28.300,10.50,10.50,,מוצרי שימוש מטבח -חנות ,ק"ג,מוצרי שימוש מטבח -חנות ,
871,871,פור בוקס מכסה (420 יח),רגיל,0,225.96,266.63,266.63,אריזות ו מוצרי  ניקוי לסופר ,יח',אריזות ו מוצרי  ניקוי לסופר ,
883,883,תפו"ע סמיט,רגיל,30.700,10.50,0.00,,מוצרי שימוש מטבח -חנות ,ק"ג,מוצרי שימוש מטבח -חנות ,
889,889,מיכל לסלט ,רגיל,0,0.82,0.97,0.97,אריזות ו מוצרי  ניקוי לסופר ,יח',אריזות ו מוצרי  ניקוי לסופר ,
998,998,תפו"ע חרמון,רגיל,49.400,10.50,14.90,,פירות וירקות ,ק"ג,פירות וירקות ,
1002,1002,עוגת משפחתית,רגיל,-1,110.00,169.90,169.90,ממתקי בסקוטי ,יח',ממתקי בסקוטי ,
1013,1013,שקית נייר 25/50 בתאבון (2000),רגיל,0,162.00,95.58,,מוצרי שימוש מטבח -חנות ,יח',מוצרי שימוש מטבח -חנות ,
1110,1110,גזר טרי שק 10 KG ,רגיל,41,38.00,0.00,0.00,תפוז טרי ( שימוש עצמי ),יח',תפוז טרי ( שימוש עצמי ),
1131,1131,שומר ,רגיל,32.615,7.60,12.90,12.90,פירות וירקות ,ק"ג,פירות וירקות ,
1150,1150,פטרוזיליה ,רגיל,-5,4.00,2.00,2.00,פירות וירקות ,יח',פירות וירקות ,
1172,1172,אפרסמון ,רגיל,10.580,18.00,22.90,22.90,פירות וירקות ,ק"ג,פירות וירקות ,
1195,1195,פיתה טוסט כל דגן ,רגיל,0,2.40,0.00,,מוצרי שימוש מטבח -חנות ,יח',מוצרי שימוש מטבח -חנות ,
1200,,זוגינוי קושא,רגיל,-3.515,0.00,11.90,11.90,פירות וירקות ,ק"ג,פירות וירקות ,
1221,1221,שטיפת רכב אספנות,רגיל,0,15.00,30.00,30.00,קופה שטיפה (הכל ),יח',קופה שטיפה (הכל ),
1300,1300,שעועית ירוקה ארוזה,רגיל,0,24.90,28.90,28.90,פירות וירקות ,יח',פירות וירקות ,
1832,1832,מפית שמינית 33 "פרח " (2400 מפית ),רגיל,0,100.80,129.80,129.80,אריזות ו מוצרי  ניקוי לסופר ,יח',אריזות ו מוצרי  ניקוי לסופר ,
1874,001874,רדיד 50/45 מטר 14 מיקרון "עבה",רגיל,0,22.90,30.00,30.00,אריזות ו מוצרי  ניקוי לסופר ,יח',אריזות ו מוצרי  ניקוי לסופר ,
1944,7290000001944,פקק שחור לבקבוק 250 מ"ל,רגיל,0,21.00,165.20,,מוצרי שימוש מטבח -חנות ,יח',מוצרי שימוש מטבח -חנות ,
2000,2000,שום ארוז ,רגיל,1,5.00,8.00,8.00,פירות וירקות ,יח',פירות וירקות ,
2196,2196,פרגמוט 35|45,רגיל,0,9.50,16.11,,מוצרי שימוש מטבח -חנות ,יח',מוצרי שימוש מטבח -חנות ,
2220,2220,סברינה גבוהה (440 ) יח ,רגיל,0,233.64,275.70,275.70,אריזות ו מוצרי  ניקוי לסופר ,יח',אריזות ו מוצרי  ניקוי לסופר ,
2271,838948002271,שניידרס עוגיות שוקולד צ'יפס (16)קקאו 200ג,רגיל,-30,12.50,20.90,20.90,חטיפים מתוקים ,יח',חטיפים מתוקים ,
2352,2352,שקית איטלקית חומה + ידית ,רגיל,8,200.00,0.47,0.47,אריזות ו מוצרי  ניקוי לסופר ,יח',אריזות ו מוצרי  ניקוי לסופר ,
2367,2367,מתקן לנייר AIRFLAX,רגיל,0,125.00,247.76,247.76,אריזות ו מוצרי  ניקוי לסופר ,יח',אריזות ו מוצרי  ניקוי לסופר ,
2376,002376,סבון אסלה שלישייה "כחול",רגיל,0,11.65,22.00,22.00,אריזות ו מוצרי  ניקוי לסופר ,יח',אריזות ו מוצרי  ניקוי לסופר ,
2384,2384,אשפתון 75*90 ,רגיל,0,6.00,0.00,0.00,אריזות ו מוצרי  ניקוי לסופר ,יח',אריזות ו מוצרי  ניקוי לסופר ,
2404,2404,נייר אפיה 40/60 סיליקון 1000 יח,רגיל,0,150.00,0.00,,מוצרי שימוש מטבח -חנות ,יח',מוצרי שימוש מטבח -חנות ,
2497,002497,נצמד 45/ 300 מטר 8 מיקרון פירות " אורגינל",רגיל,0,27.00,12.00,12.00,אריזות ו מוצרי  ניקוי לסופר ,יח',אריזות ו מוצרי  ניקוי לסופר ,
2591,2591,כוס 180 נטורל ,רגיל,0,60.00,70.80,,מוצרי שימוש מטבח -חנות ,יח',מוצרי שימוש מטבח -חנות ,
2801,2801,קלמנטינה,רגיל,0.000,6.30,6.00,,מוצרי שימוש מטבח -חנות ,ק"ג,מוצרי שימוש מטבח -חנות ,
2832,002832,מתקן לבן למחסנית קצף חוגלה (6948000),רגיל,0,73.50,86.73,86.73,מוצרי מכולת ,יח',מוצרי מכולת ,
2840,2840,גביע 30 מל צמוד מכסה עגול 1000 יח,רגיל,7,65.00,0.00,,מוצרי שימוש מטבח -חנות ,יח',מוצרי שימוש מטבח -חנות ,
3003,3003,פרטנר שינוע,רגיל,0,15.00,30.00,30.00,קופה שטיפה (הכל ),יח',קופה שטיפה (הכל ),
3004,3004,מסחנית 1/6 לסבון קצף ,רגיל,0,125.00,175.82,175.82,אריזות ו מוצרי  ניקוי לסופר ,יח',אריזות ו מוצרי  ניקוי לסופר ,
3021,3021,מגבת נייר 150/6 Slim Roll,רגיל,9,75.00,147.50,,מוצרי שימוש מטבח -חנות ,יח',מוצרי שימוש מטבח -חנות ,
3150,4062139003150,לייס צ'יפס 150 KFC גרם (9,רגיל,-1,10.95,15.90,15.90,חטיפים מלוחים ,יח',חטיפים מלוחים ,
3242,3242,מתקן לבן לנט צץ ,רגיל,0,42.00,49.56,49.56,אריזות ו מוצרי  ניקוי לסופר ,יח',אריזות ו מוצרי  ניקוי לסופר ,
3312,3312,סטרקינג,רגיל,8.700,9.50,9.50,,מוצרי שימוש מטבח -חנות ,ק"ג,מוצרי שימוש מטבח -חנות ,
3328,3328,שקית נייר דליה חום 450 יח,רגיל,0,120.00,0.00,,מוצרי שימוש מטבח -חנות ,יח',מוצרי שימוש מטבח -חנות ,
4141,4141,פוקאצ'ה,רגיל,0,7.00,15.00,15.00,מוצרי שימוש מטבח -חנות ,יח',מוצרי שימוש מטבח -חנות ,
4197,4197,קופסא קרפט 20.5/10.8/7.7,רגיל,0,170.00,0.00,,מוצרי שימוש מטבח -חנות ,יח',מוצרי שימוש מטבח -חנות ,
4242,4242,בייגלה פילסברי,רגיל,0,2.00,6.00,6.00,מוצרי שימוש מטבח -חנות ,יח',מוצרי שימוש מטבח -חנות ,
4343,4343,בגט פילסברי,רגיל,0,2.00,5.00,5.00,מוצרי שימוש מטבח -חנות ,יח',מוצרי שימוש מטבח -חנות ,
4422,4422,קרטון ביאו לבן 250 יח,רגיל,0,135.00,0.00,,מוצרי שימוש מטבח -חנות ,יח',מוצרי שימוש מטבח -חנות ,
4497,838948004497,שניידרס עוגיות שוקולד צ'יפס (16) 200 גרם,רגיל,-16,12.50,20.90,20.90,חטיפים מתוקים ,יח',חטיפים מתוקים ,
5120,022000005120,מסטיק FIVE כחול 15,רגיל,0,5.56,9.90,9.90,חטיפים מתוקים ,יח',חטיפים מתוקים ,
5259,7290019365259,חטיף ממתק פיסטוק + פירות ,רגיל,0,2.71,6.90,7.90,ממתקים ,יח',ממתקים ,
6006,6006,ניילון גופיה גדול לבן,רגיל,0,170.00,0.00,,מוצרי שימוש מטבח -חנות ,יח',מוצרי שימוש מטבח -חנות ,
6762,4062139006762,לייס צ'יפס PIZZA HUT 150 גרם (9),רגיל,-9,10.95,15.90,15.90,חטיפים מלוחים ,יח',חטיפים מלוחים ,
6925,7290000006925,משטח קרטון,רגיל,3,0.01,0.00,,מוצרי שימוש מטבח -חנות ,יח',מוצרי שימוש מטבח -חנות ,
7014,7290000007014,הנחה ספק שטארוס ,רגיל,-1,349.50,0.00,0.00,הנחות ספקים ,יח',הנחות ספקים ,
7765,7765,תמר לח,רגיל,20.000,12.50,12.50,,מוצרי שימוש מטבח -חנות ,ק"ג,מוצרי שימוש מטבח -חנות ,
7781,7781,טונה שימורי,רגיל,24,20.00,23.60,,מוצרי שימוש מטבח -חנות ,יח',מוצרי שימוש מטבח -חנות ,
7880,7880,עוגת שמרים,רגיל,0,10.00,24.90,24.90,חטיפים מתוקים ,יח',חטיפים מתוקים ,
7894,7894,חלה מתוקה,רגיל,0,8.00,11.90,11.90,חטיפים מתוקים ,יח',חטיפים מתוקים ,
7899,7899,עוגת שמרים,רגיל,0,12.00,24.90,24.90,חטיפים מתוקים ,יח',חטיפים מתוקים ,
8001,8001,כוס JM חד פעמי 12 OZ ,רגיל,1,260.00,306.80,306.80,מוצרי קפה (סאשה ),יח',מוצרי קפה (סאשה ),
8002,8002,מנשא לכוס קפה JM ,רגיל,300,0.75,0.89,,מוצרי שימוש מטבח -חנות ,יח',מוצרי שימוש מטבח -חנות ,
8055,8055,אייס פסיפלורה ליטר ,רגיל,24,30.00,35.40,35.40,מוצרי קפה (סאשה ),יח',מוצרי קפה (סאשה ),
8096,9000403973094,שקית קפה 1 קג ,רגיל,119,95.00,159.90,159.90,מוצרי קפה (סאשה ),יח',מוצרי קפה (סאשה ),
8099,8099,סוכר לייט ,רגיל,1,55.00,64.90,64.90,מוצרי קפה (סאשה ),יח',מוצרי קפה (סאשה ),
8135,8135,סירופ אייס לימונענע ליטר ,רגיל,12,30.00,35.40,35.40,מוצרי קפה (סאשה ),יח',מוצרי קפה (סאשה ),
8192,8192,סחלב,רגיל,0,35.00,41.30,,מוצרי שימוש מטבח -חנות ,יח',מוצרי שימוש מטבח -חנות ,
8203,8203,כוס פלסטיק לאייס קפה (יח 1000),רגיל,0,290.00,342.20,342.20,מוצרי קפה (סאשה ),יח',מוצרי קפה (סאשה ),
8230,8230,מכסה כיפת לכוס אייס(1000 יח)  ,רגיל,0,0.24,283.20,283.20,מוצרי קפה (סאשה ),יח',מוצרי קפה (סאשה ),
8258,8258,בוחשן כפית 1000 יח,רגיל,7,50.00,59.00,59.00,מוצרי קפה (סאשה ),יח',מוצרי קפה (סאשה ),
8350,8350,כוס חד פעמי 8 OZ  (יח 1000),רגיל,4005,170.00,200.60,200.60,מוצרי קפה (סאשה ),יח',מוצרי קפה (סאשה ),
8352,8352,מכסה לכוס 8 OZ חדש (1000 יח),רגיל,0,130.00,153.40,153.40,מוצרי קפה (סאשה ),יח',מוצרי קפה (סאשה ),
8353,8353,כוס חד פעמי 4 OZ JM  לוגו ,רגיל,0,145.00,8.56,8.56,מוצרי קפה (סאשה ),יח',מוצרי קפה (סאשה ),
8397,8397,מכסה לכוס 12 (1000 יחידה ) ,רגיל,0,135.00,159.30,,מוצרי שימוש מטבח -חנות ,יח',מוצרי שימוש מטבח -חנות ,
8505,7290002263548,אבקת אייס קפה 1 ק"ג ,רגיל,50,28.00,33.04,33.04,מוצרי קפה (סאשה ),יח',מוצרי קפה (סאשה ),
8506,7290108533859,אבקת אייס וניל 1 ק"ג ,רגיל,0,28.00,33.04,33.04,מוצרי קפה (סאשה ),יח',מוצרי קפה (סאשה ),
8509,7290000008509,אבקת אייס תות ,רגיל,0,30.00,35.40,35.40,מוצרי קפה (סאשה ),יח',מוצרי קפה (סאשה ),
8549,8549,קופסת נורסטה לשאריות קפה ( מוצרי רכש ),רגיל,0,250.00,0.00,0.00,מוצרי רכש ,יח',מוצרי רכש ,
8700,8700,פיקדון בקבוקים,רגיל,769,0.26,0.39,0.39,פיקדון  ו משטחים - ארגזים ,יח',פיקדון  ו משטחים - ארגזים ,
8701,8701,פור בוקס תחתית 24K ,רגיל,0,488.46,576.36,576.36,אריזות ו מוצרי  ניקוי לסופר ,יח',אריזות ו מוצרי  ניקוי לסופר ,
8710,8710,דטרגנט לניקוי מכונה קפה ,רגיל,0,70.00,82.60,82.60,מוצרי קפה (סאשה ),יח',מוצרי קפה (סאשה ),
8855,8855,סוכר לבן JM ,רגיל,6,55.00,64.90,64.90,מוצרי קפה (סאשה ),יח',מוצרי קפה (סאשה ),
8856,8856,סוכר חום JIM מנות ,רגיל,0,72.00,85.00,85.00,מוצרי קפה (סאשה ),יח',מוצרי קפה (סאשה ),
8857,8857,קש לאייס חבילה ,רגיל,0,15.00,17.70,17.70,מוצרי קפה (סאשה ),יח',מוצרי קפה (סאשה ),
8892,8892,זיתים ירוקים אחים כהן,רגיל,4,45.00,53.10,,מוצרי שימוש מטבח -חנות ,יח',מוצרי שימוש מטבח -חנות ,
8940,8940,חבק לכוס,רגיל,0,0.20,0.20,,מוצרי שימוש מטבח -חנות ,יח',מוצרי שימוש מטבח -חנות ,
8956,9000403975487,פולי קפה ויינר מילאנג  220 גרם ,רגיל,1,18.00,29.90,29.90,מוצרי מכולת ,יח',מוצרי מכולת ,
8957,9000403975470,פולי קפה פואטרי קינג קולקשן 250 גרם ,רגיל,-10,20.00,29.90,29.90,מוצרי מכולת ,יח',מוצרי מכולת ,
9827,7290000009827,משטח שופרסל עסקים ,רגיל,13,0.01,0.00,0.00,משטחים ,יח',משטחים ,
9901,9901,זעתר 1קג,רגיל,-1,15.00,17.70,,מוצרי שימוש מטבח -חנות ,יח',מוצרי שימוש מטבח -חנות ,
9999,9999,חיוב עבור אגרה וטרינרת ,רגיל,0,20.00,0.00,0.00,פיקדון  ו משטחים - ארגזים ,יח',פיקדון  ו משטחים - ארגזים ,
10001,10001,שטיפה חיצונית פנימית - תדלוק מעל 200 ש"ח,רגיל,-860,15.00,30.00,30.00,קופה שטיפה (הכל ),יח',קופה שטיפה (הכל ),
10003,7290113500181,פס 3 שוקולדים ,רגיל,0,39.00,79.90,79.90,ממתקי בסקוטי ,יח',ממתקי בסקוטי ,
10223,7290113500297,פס טירמסן +קקאו,רגיל,0,39.00,79.90,79.90,ממתקי בסקוטי ,יח',ממתקי בסקוטי ,
10353,7290113501799,פס פיסטציו ,רגיל,0,39.00,79.90,79.90,ממתקי בסקוטי ,יח',ממתקי בסקוטי ,
10443,7290113500372,פס שוקולד בלגי ללא תוספת סוכר ,רגיל,0,42.00,79.90,79.90,ממתקי בסקוטי ,יח',ממתקי בסקוטי ,
10665,7290113500433,פס עוגת רד וולוט ,רגיל,0,39.00,79.90,79.90,ממתקי בסקוטי ,יח',ממתקי בסקוטי ,
11953,11953,המבורגר מיני יחידות,רגיל,0,2.30,11.80,,מוצרי שימוש מטבח -חנות ,יח',מוצרי שימוש מטבח -חנות ,
11954,11954,מארז פרנה יוניק ,רגיל,0,10.00,11.80,,מוצרי שימוש מטבח -חנות ,יח',מוצרי שימוש מטבח -חנות ,
11955,11955,בייגל אמריקאי ,רגיל,0,2.90,3.40,,מוצרי שימוש מטבח -חנות ,יח',מוצרי שימוש מטבח -חנות ,
11956,11956,חלה שניצל דג,רגיל,0,2.70,3.20,,מוצרי שימוש מטבח -חנות ,יח',מוצרי שימוש מטבח -חנות ,
11957,11957,בייגל רומני ,רגיל,0,2.30,2.70,,מוצרי שימוש מטבח -חנות ,יח',מוצרי שימוש מטבח -חנות ,
15104,15104,סט כובע + חם צוואר פרווה פנימית,רגיל,4,15.00,29.90,,מוצרי עונתי חורף ,יח',מוצרי עונתי חורף ,
15110,15110,כפפות נשים כריות,רגיל,8,15.00,24.90,,מוצרי עונתי חורף ,יח',מוצרי עונתי חורף ,
15113,15113,כפפות צמר ילדים מדוגם,רגיל,6,6.00,11.90,,מוצרי עונתי חורף ,יח',מוצרי עונתי חורף ,
15125,15125,כובע צמר 3 פונפונים,רגיל,3,18.00,29.90,,מוצרי עונתי חורף ,יח',מוצרי עונתי חורף ,
15140,15140,צעיף ילדים פרווה שפן,רגיל,9,12.00,19.90,,מוצרי עונתי חורף ,יח',מוצרי עונתי חורף ,
15145,15145,חותלות,רגיל,11,10.00,19.90,,מוצרי עונתי חורף ,יח',מוצרי עונתי חורף ,
15148,15148,כובע קסקט פון פון ילדים,רגיל,0,12.00,19.90,,מוצרי עונתי חורף ,יח',מוצרי עונתי חורף ,
15170,15170,כפפות טאץ נשים לב פרווה,רגיל,5,10.00,15.90,,מוצרי עונתי חורף ,יח',מוצרי עונתי חורף ,
15189,15189,גרבי פרווה,רגיל,4,5.00,8.90,,מוצרי עונתי חורף ,יח',מוצרי עונתי חורף ,
15203,15203,מחמם עורף צבעוני,רגיל,0,5.00,8.90,,מוצרי עונתי חורף ,יח',מוצרי עונתי חורף ,
15212,15212C,מעיל גשם ילדים ,רגיל,10,10.00,18.90,,מוצרי עונתי חורף ,יח',מוצרי עונתי חורף ,
15227,15227,כובע צמר פונפון ילדים ,רגיל,3,12.00,19.90,,מוצרי עונתי חורף ,יח',מוצרי עונתי חורף ,
15229,15229A,צעיף 3 פונפונים צבעוני,רגיל,9,20.00,34.90,,מוצרי עונתי חורף ,יח',מוצרי עונתי חורף ,
15239,15239,כפפות טאץ ילדים מודפס,רגיל,3,7.00,14.90,,מוצרי עונתי חורף ,יח',מוצרי עונתי חורף ,
15248,15248,חם צוואר כפול,רגיל,0,6.00,11.90,,מוצרי עונתי חורף ,יח',מוצרי עונתי חורף ,
15256,15256,צעיף חורפי לגבר פסים,רגיל,5,17.00,32.90,,מוצרי עונתי חורף ,יח',מוצרי עונתי חורף ,
15257,15257,צעיף חורפי אלגנטי לגבר,רגיל,9,17.00,32.90,,מוצרי עונתי חורף ,יח',מוצרי עונתי חורף ,
15274,15274,כפפות טאץ נשים אבזם,רגיל,5,15.00,24.90,,מוצרי עונתי חורף ,יח',מוצרי עונתי חורף ,
15832,15832,נקניקיה ,רגיל,-630,8.00,18.00,18.00,מחלקת -Barista ,יח',מחלקת -Barista ,
18065,7290000018065,כובע צמר חיות,רגיל,0,10.00,17.90,,מוצרי עונתי חורף ,יח',מוצרי עונתי חורף ,
18132,18132,כפפות צמר,רגיל,-1,8.00,15.90,,מוצרי עונתי חורף ,יח',מוצרי עונתי חורף ,
18136,18136,כפפות צמר נשים,רגיל,3,10.00,15.90,,מוצרי עונתי חורף ,יח',מוצרי עונתי חורף ,
18148,18148,כובע פון פון צבעוני,רגיל,2,15.00,21.90,,מוצרי עונתי חורף ,יח',מוצרי עונתי חורף ,
18778,18778,מטריה ארוכה 27 אינץ סיליקון ,רגיל,5,25.00,38.90,,מוצרי עונתי חורף ,יח',מוצרי עונתי חורף ,
18785,18785,מטריה ארוכה 22 אינץ סיליקון ,רגיל,0,20.00,38.90,,מוצרי עונתי חורף ,יח',מוצרי עונתי חורף ,
18802,18802,כפפות חצי צמר עבה,רגיל,2,5.00,11.90,,מוצרי עונתי חורף ,יח',מוצרי עונתי חורף ,
19330,19330,מחמם אוזניים קפיץ לילדים עם אורות לד,רגיל,0,20.00,32.90,,מוצרי עונתי חורף ,יח',מוצרי עונתי חורף ,
19351,19351,צעיף חורפי מעוצב פרימיום,רגיל,3,20.00,32.90,,מוצרי עונתי חורף ,יח',מוצרי עונתי חורף ,
19355,19355,מטריה ילדים 20 אינץ 8 פינים כדורגל,רגיל,9,10.00,24.90,,מוצרי עונתי חורף ,יח',מוצרי עונתי חורף ,
19356,19356,מטריה ילדים 20 אינץ 8 פינים שפנים,רגיל,0,10.00,24.90,,מוצרי עונתי חורף ,יח',מוצרי עונתי חורף ,
19361,19361,מטריה פרימיום נפתח נסגר סיליקון 23 אינץ,רגיל,0,28.00,40.10,,מוצרי עונתי חורף ,יח',מוצרי עונתי חורף ,
19369,19369,מטריה כיס סיליקון בנרתיק 20 אינץ צבעוני,רגיל,4,25.00,38.90,,מוצרי עונתי חורף ,יח',מוצרי עונתי חורף ,
19371,19371,כובע מצחייה קורדרוי רקמת וינטג’,רגיל,3,18.00,29.90,,מוצרי עונתי חורף ,יח',מוצרי עונתי חורף ,
20123,641956817078,כיסא גיימינג M אדום SPT,רגיל,2,333.00,499.90,,אבזרי סלולר ו חשמל ,יח',אבזרי סלולר ו חשמל ,
25005,7290113500556,פס גבינה אפויה ,רגיל,0,39.00,79.90,79.90,ממתקי בסקוטי ,יח',ממתקי בסקוטי ,
26003,7290113500617,פס גבינה פירורים ,רגיל,0,39.00,79.90,79.90,ממתקי בסקוטי ,יח',ממתקי בסקוטי ,
26053,7290113500624,פס גבינה פירורים ללא סוכר ,רגיל,0,39.00,79.90,79.90,ממתקי בסקוטי ,יח',ממתקי בסקוטי ,
27201,27201,פקדון משקה בודד,רגיל,6268,0.25,0.00,,מוצרי שימוש מטבח -חנות ,יח',מוצרי שימוש מטבח -חנות ,
28548,7290113501959,אינגליש פאי פשאן ,רגיל,0,36.00,79.90,79.90,ממתקי בסקוטי ,יח',ממתקי בסקוטי ,
28599,757528013509,טאקיס כשר 90 גר' FUEGO (35),רגיל,0,10.90,15.90,15.90,חטיפים מלוחים ,יח',חטיפים מלוחים ,
30502,7290113500754,קוביית בראוניס עטופה ,רגיל,0,6.50,11.90,11.90,ממתקי בסקוטי ,יח',ממתקי בסקוטי ,
32001,7290113500860,עוגיות אלפחורס עתופה ,רגיל,0,3.80,7.90,7.90,ממתקי בסקוטי ,יח',ממתקי בסקוטי ,
32012,7290113500884,מיני מארז עוגיות אלפחורס ,רגיל,-38,9.00,17.90,17.90,ממתקי בסקוטי ,יח',ממתקי בסקוטי ,
32125,7290117648230,עוגיות ריבה ,רגיל,-1,9.00,14.90,14.90,ממתקי בסקוטי ,יח',ממתקי בסקוטי ,
32140,7290113500969,קופסת עוגיות שקדים וגינגר ,רגיל,1,20.00,39.90,39.90,ממתקי בסקוטי ,יח',ממתקי בסקוטי ,
32168,7290113500082,עוגיות שוקולד מתפוצצת ,רגיל,0,9.00,17.90,17.90,ממתקי בסקוטי ,יח',ממתקי בסקוטי ,
32210,7290113501669,קופסת עוגיות פיננסייר שקדים,רגיל,0,24.00,39.90,39.90,ממתקי בסקוטי ,יח',ממתקי בסקוטי ,
32280,7290113500136,קופסת עוגיות טחינה ,רגיל,0,20.00,39.90,39.90,ממתקי בסקוטי ,יח',ממתקי בסקוטי ,
32288,7290113500075,עוגיות טחינה ,רגיל,1,9.00,14.90,14.90,ממתקי בסקוטי ,יח',ממתקי בסקוטי ,
32508,7290113503502,עוגיות שוקולד ציפס ,רגיל,0,4.80,9.90,9.90,ממתקי בסקוטי ,יח',ממתקי בסקוטי ,
34500,34500,קרואסון חמאה גדול,רגיל,-70,4.80,14.00,14.00,מחלקת -Barista ,יח',מחלקת -Barista ,
34501,34501,קרואסון שוקולד גדול ,רגיל,-1598,5.50,14.00,14.00,מחלקת -Barista ,יח',מחלקת -Barista ,
34502,34502,קרואסון שקדים גדול ,רגיל,-359,6.30,14.00,14.00,מחלקת -Barista ,יח',מחלקת -Barista ,
34503,34503,קרואסון גבינה מלוח גדול ,רגיל,-325,6.00,14.00,14.00,מחלקת -Barista ,יח',מחלקת -Barista ,
34515,34515,בורקס גבינה גדול ,רגיל,-44,6.00,14.00,14.00,מחלקת -Barista ,יח',מחלקת -Barista ,
34518,34518,בורקס תפוח אדמה גדול ,רגיל,0,6.00,14.00,14.00,מחלקת -Barista ,יח',מחלקת -Barista ,
34527,34527,סינבון אישי ,רגיל,-308,6.90,14.00,14.00,מחלקת -Barista ,יח',מחלקת -Barista ,
34547,34547,פפיון ריקוטה ותות ,רגיל,-149,7.50,16.00,16.00,מחלקת -Barista ,יח',מחלקת -Barista ,
34550,34550,קרואסון פטה ומנצגו ,רגיל,-115,6.90,16.00,16.00,מחלקת -Barista ,יח',מחלקת -Barista ,
34564,34564,קרואסון דיסקית במילוי קרם נוטלה,רגיל,16,7.50,14.00,,מאפים (גדרון - שמרים ),יח',מאפים (גדרון - שמרים ),
34704,,קראוסן קינמון גדול ,רגיל,192,5.50,14.00,,ממתקי בסקוטי ,יח',ממתקי בסקוטי ,
35000,7290113501188,קראנץ  גבינה ,רגיל,0,23.00,39.90,,ממתקי בסקוטי ,יח',ממתקי בסקוטי ,
35357,35357,אצבע פילו גבינה פרמזן,רגיל,-10,6.50,12.00,,מחלקת -Barista ,יח',מחלקת -Barista ,
40066,7290000040066,יופלה דובדובן,רגיל,8,3.69,5.90,5.90,מוצרי מקרר ,יח',מוצרי מקרר ,
40974,7290000040974,חלב תנובה דל לקטוז 2% ,רגיל,9,5.74,8.50,,מוצרי מקרר ,יח',מוצרי מקרר ,
41445,7290000041445,קוטג 5% בדצ 250 ג,רגיל,9,4.60,5.90,,מוצרי מקרר ,יח',מוצרי מקרר ,
41452,7290000041452,"קוטג' 9%, 250 גרם",רגיל,-2,4.60,6.60,,מוצרי מקרר ,יח',מוצרי מקרר ,
43944,7290000043944,יוגורט תנובה 4% שומן 1.5 ליטר,רגיל,0,14.05,19.90,,מוצרי מקרר ,יח',מוצרי מקרר ,
45580,7290000045580,נעמה 240 גחורש ,רגיל,1,14.68,22.90,,מוצרי מקרר ,יח',מוצרי מקרר ,
46327,46327,גלבוע 22% שומן 200 ג,רגיל,0,10.55,19.90,19.90,מוצרי בית,יח',מוצרי בית,
47898,47898,גבינה לבנה בשקית,רגיל,0,26.94,26.94,26.94,מוצרי מקרר ,יח',מוצרי מקרר ,
47942,7290000047942,גבינת עמק 9% 250 גרם ברצ,רגיל,0,4.14,9.90,,מוצרי מקרר ,יח',מוצרי מקרר ,
48055,48055,קופסת פחזניות במילוי קרם וניל ,רגיל,0,22.00,39.90,39.90,ממתקי בסקוטי ,יח',ממתקי בסקוטי ,
48185,7290000048185,גבינה 5% 250 מהדרין ,רגיל,0,4.19,5.81,5.81,מוצרי מקרר ,יח',מוצרי מקרר ,
48192,7290000048192,"גבינה לבנה 9%, 250 גרם ",רגיל,0,4.14,6.80,,מוצרי מקרר ,יח',מוצרי מקרר ,
48307,7290000048307,קוטג תנובה עם זיים %5 שומן 250 גרם ,רגיל,0,4.92,6.90,,מוצרי מקרר ,יח',מוצרי מקרר ,
48437,7290000048437,צפתית5% 200ג פיראוס,רגיל,0,11.80,18.50,18.50,מוצרי מקרר ,יח',מוצרי מקרר ,
48446,7290117647592,מיני מארז כדורי שוקלד ,רגיל,-60,9.00,17.90,17.90,ממתקי בסקוטי ,יח',ממתקי בסקוטי ,
49843,757528049843,טאקיס כשר בלו היט 90 גר' (35,רגיל,-9,10.90,15.90,15.90,מוצרי  אלקטרונים ,יח',מוצרי  אלקטרונים ,
50454,50454,יוגורט יופלה,רגיל,0,9.38,14.90,14.90,מוצרי מקרר ,יח',מוצרי מקרר ,
51307,7290000051307,"הפסקת אוכל דגני עוגי וחלב בטעם וניל, 150 מ""ל",רגיל,0,6.72,9.90,,מוצרי מקרר ,יח',מוצרי מקרר ,
52311,52311,גבינה צהובה עמק לייט,רגיל,0,13.44,20.90,20.90,מוצרי מקרר ,יח',מוצרי מקרר ,
52649,7290000052649,לאבנה 500ג5%,רגיל,0,16.43,24.90,24.90,מוצרי מקרר ,יח',מוצרי מקרר ,
52717,52717,קוטג' שום שמיר,רגיל,0,4.44,7.90,7.90,מוצרי מקרר ,יח',מוצרי מקרר ,
54000,54000,סופלה שוקולד כשל"פ,רגיל,0,13.00,0.00,,מוצרי מאפים ,יח',מוצרי מאפים ,
54035,54035,בראוניז (4*4) כשל"פ,רגיל,0,238.00,3.90,,מוצרי מאפים ,יח',מוצרי מאפים ,
54060,54060,גבינה פירורים אישית כשל"פ,רגיל,-18,12.00,21.90,,מוצרי מאפים ,יח',מוצרי מאפים ,
54640,7290117847107,פסעוגת גבינה בלוברי  ,רגיל,0,39.00,79.90,79.90,ממתקי בסקוטי ,יח',ממתקי בסקוטי ,
56272,7290000056272,גבינה זיתים ,רגיל,0,4.85,7.90,7.90,מוצרי מקרר ,יח',מוצרי מקרר ,
56753,7290000056753,גבינת עמק 28% פרוץ 200 גרם,רגיל,6,13.44,24.90,,מוצרי מקרר ,יח',מוצרי מקרר ,
56951,7290000056951,שמנת לבישול 15%,רגיל,0,13.55,18.90,18.90,מוצרי מקרר ,יח',מוצרי מקרר ,
57088,57088,גבינה צהובה 28% עמק,רגיל,7,13.44,19.90,19.90,מוצרי מקרר ,יח',מוצרי מקרר ,
57118,7290000057118,גבינת עמק סמי פרוס 400 גרם,רגיל,0,19.60,34.90,,מוצרי מקרר ,יח',מוצרי מקרר ,
57132,57132,יוגורט1.5% ביוטבעי200,רגיל,0,2.37,5.90,5.90,מוצרי מקרר ,יח',מוצרי מקרר ,
57149,57149,יוגורט ביו 3% טבעי,רגיל,0,2.37,3.90,3.90,מוצרי מקרר ,יח',מוצרי מקרר ,
57682,57682,נפוליאון טבעי 25%,רגיל,0,27.75,53.90,53.90,מוצרי מקרר ,יח',מוצרי מקרר ,
58030,7290000058030,אקטמיל ,רגיל,0,15.42,21.90,,מוצרי מקרר ,יח',מוצרי מקרר ,
58979,7290000058979,גיל בטעם תות,רגיל,12,1.14,2.90,,מוצרי מקרר ,יח',מוצרי מקרר ,
59259,59259,ארגז חלב ירוק,רגיל,27,15.10,0.00,0.00,מוצרי מקרר ,יח',מוצרי מקרר ,
59631,59631,ארגז פלסטיק אפור,רגיל,17,13.50,0.00,0.00,מוצרי מקרר ,יח',מוצרי מקרר ,
60200,7290000060200,פתיתים אפויים קוסקוס 500 גרם,רגיל,20,5.34,9.90,9.90,מוצרי בית,יח',מוצרי בית,
60217,7290000060217,פסטה מקרוני 500 גרם,רגיל,0,0.00,0.00,,מוצרי מכולת ,יח',מוצרי מכולת ,
60301,60301,שמנת ק"ג ,רגיל,0,36.90,43.54,43.54,מוצרי שימוש מטבח -חנות ,יח',מוצרי שימוש מטבח -חנות ,
60576,7290000060576,פתיתים אפויים כוכבים 500 גרם,רגיל,24,5.33,8.90,8.90,מוצרי בית,יח',מוצרי בית,
60828,7290000060828,פסטה קרניים בינוניות 500  ג,רגיל,-1,4.40,8.90,8.90,מוצרי בית,יח',מוצרי בית,
60972,7290000060972,אטריות דקיקות אסם 400 גרם,רגיל,1,4.70,9.90,10.90,מוצרי בית,יח',מוצרי בית,
61061,7290000061061,קרקר במל 250 גרם,רגיל,0,0.00,0.00,,חטיפים מלוחים ,יח',חטיפים מלוחים ,
61108,7290000061108,רוטב טריאקי אסם 290 מ״ל,רגיל,13,9.63,13.90,13.90,מוצרי בית,יח',מוצרי בית,
62952,7290000062952,מיני קרוטונים מתובל 250ג,רגיל,3,10.32,16.90,16.90,חטיפים מתוקים ,יח',חטיפים מתוקים ,
62952,7290000062952,מיני קרוטונים מתובל 250ג,רגיל,3,10.90,16.90,16.90,חטיפים מתוקים ,יח',חטיפים מתוקים ,
63140,63140,שקדי מרק רכיבים טבעי400ג,רגיל,0,8.82,18.00,18.00,מוצרי מכולת ,יח',מוצרי מכולת ,
64874,64871,מנה חמה פירה עם בצל 56 ג,רגיל,10,6.71,8.90,8.90,חטיפים מלוחים ,יח',חטיפים מלוחים ,
65977,7290000065977,אוסם חטיפי פריכונים תירס ,רגיל,12,6.25,12.90,,מוצרי בית,יח',מוצרי בית,
66123,66123,אבקת סוכר,רגיל,0,15.00,17.70,,מוצרי שימוש מטבח -חנות ,יח',מוצרי שימוש מטבח -חנות ,
66169,0788364066169,בד"צ ג'לי ראש דשא תות 40 גר' 1/12 (12) ורוד,רגיל,0,4.50,6.90,6.90,חטיפים מתוקים ,יח',חטיפים מתוקים ,
66213,0788364066213,בד"צ ג'לי ראש דשא אבטיח 11/120 גר,רגיל,20,4.50,6.90,6.90,חטיפים מתוקים ,יח',חטיפים מתוקים ,
68190,7290000068190,ג׳לי בטעם תות 90 גרם,רגיל,-4,4.90,8.00,8.00,מוצרי מקרר ,יח',מוצרי מקרר ,
68343,7290000068343,פריכונים מאורז מלא 140 גרם,רגיל,0,0.00,0.00,,חטיפים מלוחים ,יח',חטיפים מלוחים ,
68701,7290000068701,שקדי מרק במיכל 400 גרם,רגיל,0,12.30,20.00,20.00,מוצרי מכולת ,יח',מוצרי מכולת ,
68787,68787,במבה יום הולדת 25ג בד״צ,רגיל,0,1.90,2.90,3.90,חטיפים מלוחים ,יח',חטיפים מלוחים ,
69715,7290000069715,קרקר מלוח 300 גרם ,רגיל,7,7.90,13.90,,חטיפים מלוחים ,יח',חטיפים מלוחים ,
70308,70308,מרק עוף אמיתי 400 גרם,רגיל,0,17.50,21.00,21.00,מוצרי מכולת ,יח',מוצרי מכולת ,
72784,7290000072784,טסטרס צ'ויס נט. קפאין 100 ג ,רגיל,13,30.00,45.00,45.00,מוצרי מכולת ,יח',מוצרי מכולת ,
72968,7290000072968,סיני מיניס 500 גרם,רגיל,0,11.90,19.90,20.90,מוצרי בית,יח',מוצרי בית,
73699,7290000073699,חומוס חלק 150 גרם ,רגיל,6,4.03,9.90,,מוצרי מקרר ,יח',מוצרי מקרר ,
77253,77253,לחמית כפרית 190 גרם,רגיל,3,7.31,12.90,12.90,מוצרי מכולת ,יח',מוצרי מכולת ,
77444,077444,ענבים טלי קרספי,רגיל,8.600,46.00,46.00,,מוצרי שימוש מטבח -חנות ,ק"ג,מוצרי שימוש מטבח -חנות ,
78212,7290000078212,קרוטונים מתובלים 250גרם,רגיל,0,11.00,16.90,20.90,חטיפים מלוחים ,יח',חטיפים מלוחים ,
88643,88643,פספלורה,רגיל,13.000,15.00,19.50,,מוצרי שימוש מטבח -חנות ,ק"ג,מוצרי שימוש מטבח -חנות ,
90030,7290000090030,באגט נפואון ,רגיל,32,14.00,16.52,,מוצרי שימוש מטבח -חנות ,יח',מוצרי שימוש מטבח -חנות ,
92324,7290000092324,מזרה שוקולד 6 ק"ג ,רגיל,0.000,24.00,28.32,,מוצרי שימוש מטבח -חנות ,ק"ג,מוצרי שימוש מטבח -חנות ,
92614,7290121010627,בורקס פילאס טורקי פטריות,רגיל,12.000,19.00,0.00,0.00,מאפים (גדרון - שמרים ),ק"ג,מאפים (גדרון - שמרים ),
93031,7290000093031,לחם גבטה קפוא ,רגיל,0,156.00,0.00,0.00,מאפים (גדרון - שמרים ),יח',מאפים (גדרון - שמרים ),
94199,7290000094199,לחם חצי גביטה ,רגיל,300,1.80,0.00,0.00,מאפים (גדרון - שמרים ),יח',מאפים (גדרון - שמרים ),
95157,077975095157,ליימן סניידרס שברי בייגלה (12)חלפיניו 318ג,רגיל,0,11.25,17.90,17.90,חטיפים מתוקים ,יח',חטיפים מתוקים ,
96018,7290000096018,שנק קינמון ,רגיל,24.000,14.00,0.00,0.00,מאפים (גדרון - שמרים ),ק"ג,מאפים (גדרון - שמרים ),
96858,7290000096858,תערובת דגנים 4  ק"ג ,רגיל,1,89.88,0.00,0.00,מאפים (גדרון - שמרים ),יח',מאפים (גדרון - שמרים ),
97282,7290000097282,קרואסון בטעם שוקלד ,רגיל,50,2.30,0.00,0.00,מאפים (גדרון - שמרים ),יח',מאפים (גדרון - שמרים ),
99248,7290000099248,בורקס גבינה במשקל ,רגיל,120.000,14.50,0.00,0.00,מאפים (גדרון - שמרים ),ק"ג,מאפים (גדרון - שמרים ),
99255,7290000099255,בורקס תפוח אדמה לקג ,רגיל,72.000,14.00,0.00,0.00,מאפים (גדרון - שמרים ),ק"ג,מאפים (גדרון - שמרים ),
99385,7290000099385,גבינות חלבי משקל ,רגיל,40.000,15.00,0.00,0.00,מאפים (גדרון - שמרים ),ק"ג,מאפים (גדרון - שמרים ),
99415,7290000099415,רוגלך בטעם שוקולד משקל ,רגיל,64.000,14.00,0.00,0.00,מאפים (גדרון - שמרים ),ק"ג,מאפים (גדרון - שמרים ),
99439,7290000099439,קרואסון קטן במשקל ,רגיל,0,0.00,0.00,0.00,מאפים (גדרון - שמרים ),יח',מאפים (גדרון - שמרים ),
99477,7290000099477,קרואסון ביס שוקולד במשקל ,רגיל,120.000,14.00,0.00,0.00,מאפים (גדרון - שמרים ),ק"ג,מאפים (גדרון - שמרים ),
99545,7290000099545,מאפה גבינה בוקר ,רגיל,60,3.80,0.00,0.00,מאפים (גדרון - שמרים ),יח',מאפים (גדרון - שמרים ),
99804,7290000099804,קוקיס  שוקולד לבן,רגיל,0,35.00,41.30,41.30,מאפים (גדרון - שמרים ),יח',מאפים (גדרון - שמרים ),
99873,7290000099873,קוקיס שבבי שוקולד ,רגיל,0,0.00,0.00,0.00,מאפים (גדרון - שמרים ),יח',מאפים (גדרון - שמרים ),
99927,7290000099927,בורקיס חלבי במשקל ,רגיל,0.000,15.00,0.00,0.00,מאפים (גדרון - שמרים ),ק"ג,מאפים (גדרון - שמרים ),
100128,7290000100128,תות שדה קפוא 300 גרם ,רגיל,0,9.50,17.90,18.90,קפואים מצוננים ,יח',קפואים מצוננים ,
101010,101010,אייס קפה עובדים,רגיל,-199,3.18,5.00,5.00, עובדים ,יח', עובדים ,
101927,101927,אוכמניות כחולות קפוא300ג ,רגיל,0,9.50,17.90,18.90,קפואים מצוננים ,יח',קפואים מצוננים ,
101941,7290000101941,אננס קפוא 300גרם,רגיל,0,9.50,17.90,18.90,קפואים מצוננים ,יח',קפואים מצוננים ,
101958,7290000101958,מנגו חתוך מוקפא 300 גרם,רגיל,0,9.50,17.90,18.90,קפואים מצוננים ,יח',קפואים מצוננים ,
104676,7290000104676,אפונה ירוקה מוקפאת 800גר ,רגיל,14,9.50,17.90,18.90,קפואים מצוננים ,יח',קפואים מצוננים ,
104683,7290000104683,שעועית ירוקה שלמה מוקפאת ,רגיל,7,11.90,21.90,22.90,קפואים מצוננים ,יח',קפואים מצוננים ,
104706,7290000104706,גזר גמדי מוקפא 800 גרם ,רגיל,15,11.50,21.90,22.90,קפואים מצוננים ,יח',קפואים מצוננים ,
104744,7290000104744,כרובית מוקפאת 800 גרם ,רגיל,8,14.30,27.90,28.90,קפואים מצוננים ,יח',קפואים מצוננים ,
104805,7290000104805,גרגרי חומוס מבושל 800 גרם,רגיל,6,11.50,21.90,22.90,קפואים מצוננים ,יח',קפואים מצוננים ,
104904,7290000104904,לקט ירקות מעורבים 800 גרם,רגיל,14,11.90,19.90,,מוצרי שימוש מטבח -חנות ,יח',מוצרי שימוש מטבח -חנות ,
107295,7290000107295,תפרחות ברוקולי 800 גרם ,רגיל,7,15.90,27.90,28.90,קפואים מצוננים ,יח',קפואים מצוננים ,
110844,7290000110844,חטיף כיפלי בטעם גריל70ג,רגיל,15,3.42,7.90,10.90,חטיפים מלוחים ,יח',חטיפים מלוחים ,
110851,110851,חטיף כיפלי בטעם בצל 70 גרם,רגיל,0,3.42,7.90,10.90,חטיפים מלוחים ,יח',חטיפים מלוחים ,
111105,111105,ארגונית לרכב,רגיל,0,10.00,40.00,40.00,מוצרי מכולת ,יח',מוצרי מכולת ,
111106,111106,אפוד זוהר,רגיל,0,7.00,15.00,15.00,מוצרי מכולת ,יח',מוצרי מכולת ,
111108,111108,וילון צד סטטי,רגיל,0,5.00,10.00,10.00,מוצרי מכולת ,יח',מוצרי מכולת ,
111109,111109,מחצלת קמפינג 2*2,רגיל,0,22.00,54.90,54.90,מוצרי חצר תחנה ,יח',מוצרי חצר תחנה ,
111111,111111,עגלת שטח מתקפלת M047,רגיל,0,180.00,259.90,259.90,מוצרי חצר תחנה ,יח',מוצרי חצר תחנה ,
111112,111112,ערכת פקל קפה,רגיל,0,75.00,109.90,109.90,מוצרי חצר תחנה ,יח',מוצרי חצר תחנה ,
111113,111113,מזרן שטח,רגיל,0,30.00,59.90,59.90,מוצרי חצר תחנה ,יח',מוצרי חצר תחנה ,
112211,112211,קרמבולה,רגיל,3.180,30.00,49.90,,פירות וירקות ,ק"ג,פירות וירקות ,
112220,7290000112220,טחינה גולמית 100% 500 גר,רגיל,6,8.90,15.90,16.90,מוצרי בית,יח',מוצרי בית,
112233,112233,אספרסו,רגיל,-9871,0.84,6.00,6.00,מחלקת -Barista ,יח',מחלקת -Barista ,
112244,112244,קפוצינו רגיל ,רגיל,-8070,1.95,10.00,10.00,מחלקת -Barista ,יח',מחלקת -Barista ,
112255,112255,קפוצינו גדול,רגיל,-1934,3.60,14.00,14.00,מחלקת -Barista ,יח',מחלקת -Barista ,
112266,112266,קפה קר,רגיל,-314,2.65,14.00,14.00,מחלקת -Barista ,יח',מחלקת -Barista ,
112288,112288,אספרסו כפול,רגיל,-3148,1.57,8.00,8.00,מחלקת -Barista ,יח',מחלקת -Barista ,
112776,112776,דלורית,רגיל,1.600,6.50,6.50,,מוצרי שימוש מטבח -חנות ,ק"ג,מוצרי שימוש מטבח -חנות ,
113270,42113270,אורביט דרז'ה אבטיח 14 גר' (20) 1/30,רגיל,0,1.67,2.90,2.90,מוצרי  אלקטרונים ,יח',מוצרי  אלקטרונים ,
116204,7290000116204,מרק דגש עוף שקית 1ק קנור,רגיל,9,14.20,21.90,21.90,מוצרי בית,יח',מוצרי בית,
117720,7290000117720,מרק נמס בכוס פטריות זוג,רגיל,11,4.13,9.00,9.00,מוצרי מכולת ,יח',מוצרי מכולת ,
121212,121212,Disney Boy Hat,רגיל,18,12.00,25.00,,תכשיטים לילדות קטנות ,יח',תכשיטים לילדות קטנות ,
128002,128002,מיכל חד פעמי 230 גרם עם שסתום והברגה,רגיל,72,13.00,25.00,,מוצרי חצר תחנה ,יח',מוצרי חצר תחנה ,
131313,7290000131313,MEN GLASSES,רגיל,76,22.00,50.00,,משקפים ,יח',משקפים ,
134352,7290000134352,קינמון טחון 80 גרם ,רגיל,0,6.50,12.90,12.90,מוצרי מכולת ,יח',מוצרי מכולת ,
134826,7290000134826,זעתר מעורב 100 גרם ,רגיל,0,6.50,12.90,12.90,מוצרי מכולת ,יח',מוצרי מכולת ,
134833,7290000134833,כמון טחון 100 גרם ,רגיל,3,6.50,12.90,12.90,מוצרי מכולת ,יח',מוצרי מכולת ,
134840,7290000134840,כורכום טחון 100 גרם ,רגיל,-3,6.50,12.90,12.90,מוצרי מכולת ,יח',מוצרי מכולת ,
134857,7290000134857,פפריקה מתוקה במיכל 100,רגיל,3,6.50,14.00,14.00,מוצרי מכולת ,יח',מוצרי מכולת ,
134871,7290000134871,פלפל שחור במיכל 100 גרם ,רגיל,0,6.50,12.90,12.90,מוצרי מכולת ,יח',מוצרי מכולת ,
134987,134987,פלפל שחור גרוס במיכל 90גר,רגיל,0,8.70,13.90,13.90,מוצרי מכולת ,יח',מוצרי מכולת ,
135151,7290000135151,סודה בטעם למון ליים 275 מ"ל,רגיל,0,2.12,5.90,7.00,משקאות ,יח',משקאות ,
137513,7290000137513,קרמיסימו גליד ,רגיל,0,43.10,59.90,59.90,גלידות ,יח',גלידות ,
141414,141414,Disney Girl Hat,רגיל,20,12.00,25.00,,תכשיטים לילדות קטנות ,יח',תכשיטים לילדות קטנות ,
144467,7290000144467,שמן חמניות+נוגדי חמצון 1ל,רגיל,10,10.90,20.90,21.90,מוצרי בית,יח',מוצרי בית,
148489,7290000148489,ליימן גת-גרעיני דלעת* 200 (12) גרם,רגיל,0,7.50,11.90,11.90,פיצוחים,יח',פיצוחים,
151515,151515,MEN BAG LARGE,רגיל,4,45.00,90.00,,תכשיטים לילדות קטנות ,יח',תכשיטים לילדות קטנות ,
161616,161616,BRAND WALLET,רגיל,7,25.00,70.00,,תכשיטים לילדות קטנות ,יח',תכשיטים לילדות קטנות ,
170142,170142,מסכה ילדים,רגיל,0,12.28,19.90,19.90,מוצרי מכולת ,יח',מוצרי מכולת ,
171717,171717,EYEBROW CLIP,רגיל,9,5.00,10.00,,תכשיטים לילדות קטנות ,יח',תכשיטים לילדות קטנות ,
176079,7290000176079,קפה טורקי עם הל 100 גרם,רגיל,22,8.10,14.90,14.90,מוצרי בית,יח',מוצרי בית,
176093,7290000176093,קפה טורקי אלאדין 200 גרם,רגיל,29,14.90,20.90,20.90,מוצרי בית,יח',מוצרי בית,
180212,180212,שוקולד מריר+שברי אגוז100,רגיל,0,5.80,11.90,12.90,חטיפים מתוקים ,יח',חטיפים מתוקים ,
181818,181818,BLACK NAIL CLIPPER,רגיל,11,5.00,10.00,,תכשיטים לילדות קטנות ,יח',תכשיטים לילדות קטנות ,
191539,191539,טישו ,רגיל,346,0.90,5.90,6.90,מוצרי ניקיון ו טיפוח אישי,יח',מוצרי ניקיון ו טיפוח אישי,
191919,191919,SILVER NAIL CLIPPER,רגיל,11,5.00,10.00,,תכשיטים לילדות קטנות ,יח',תכשיטים לילדות קטנות ,
194304,016000194304,לדר פרוט ביי פוט מגוון טעמים (8) שישיה 128 גרם,רגיל,1,12.90,18.90,18.90,חטיפים מתוקים ,יח',חטיפים מתוקים ,
194837,7290000194837,שקיות מזון XL עם קשירה ,רגיל,16,7.90,19.90,19.90,חד פעמי,יח',חד פעמי,
195216,7290000195216,נייר אפיה ניקול ,רגיל,12,8.70,15.90,15.90,חד פעמי,יח',חד פעמי,
195773,7290000195773,"מגבונים לחים לתינוק לעור רגיש ללא בישום, רביעיה  ",רגיל,0,12.70,24.90,25.90,מוצרי ניקיון ו טיפוח אישי,יח',מוצרי ניקיון ו טיפוח אישי,
202020,7290000202020,NANO BRUSHERS S,רגיל,3,20.00,38.00,,תכשיטים לילדות קטנות ,יח',תכשיטים לילדות קטנות ,
204611,7290000204611,ספוגיות הקסם ניקול 6 יח׳,רגיל,19,9.50,14.90,15.90,מוצרי בית,יח',מוצרי בית,
205801,205801,מצת זיפ',רגיל,0,8.01,25.00,25.00,אבזרי עישון ,יח',אבזרי עישון ,
208114,7290000208114,אפונה וגזר 550 גרם ,רגיל,3,5.90,11.90,12.90,מוצרי בית,יח',מוצרי בית,
208213,7290000208213,שעועית ברוטב עגבניות,רגיל,7,5.70,10.00,10.00,מוצרי מכולת ,יח',מוצרי מכולת ,
208312,7290000208312,תירס מתוק יכין בואקום 400,רגיל,1,5.40,8.90,9.80,מוצרי בית,יח',מוצרי בית,
208336,7290000208336,רסק עגבניה יכין 240 גרם,רגיל,24,2.50,4.90,,מוצרי מכולת ,יח',מוצרי מכולת ,
208404,7290000208404,פול A2 יכין 580 גרם,רגיל,12,6.00,10.90,,מוצרי מכולת ,יח',מוצרי מכולת ,
208697,8423207208697,מרבה סלים דליס קידס לבן (16,רגיל,7,13.31,17.90,17.90,חטיפים מתוקים ,יח',חטיפים מתוקים ,
211985,7290000211985,אורז עגול 1 ק״ג,רגיל,0,8.10,13.90,13.90,מוצרי בית,יח',מוצרי בית,
212121,212121,NANO BRUSHERS M,רגיל,3,22.00,40.00,,תכשיטים לילדות קטנות ,יח',תכשיטים לילדות קטנות ,
216923,6258754216923,חטיף ללא סוכר,רגיל,23,2.45,5.90,,חטיפים מתוקים ,יח',חטיפים מתוקים ,
222222,222222,שקית קפה ל בדיקה -1,מכלול,0,0.00,1.00,1.00,בדיקה ,יח',בדיקה ,
232323,232323,NANO BRUSHERS L,רגיל,3,24.00,44.00,,תכשיטים לילדות קטנות ,יח',תכשיטים לילדות קטנות ,
238029,7290000238029,בצק עלים 1 ק״ג,רגיל,6,14.90,27.90,28.90,קפואים מצוננים ,יח',קפואים מצוננים ,
238173,7290000238173,בורקס גבינה 800 גרם ,רגיל,0,12.20,23.90,24.90,קפואים מצוננים ,יח',קפואים מצוננים ,
238180,7290000238180,בורקס תפו״א 800 גרם ,רגיל,9,11.90,21.90,22.90,קפואים מצוננים ,יח',קפואים מצוננים ,
242424,242424,NANO BRUSHERS XL,רגיל,3,26.00,50.00,,תכשיטים לילדות קטנות ,יח',תכשיטים לילדות קטנות ,
243566,7290000243566,שמן קנולה מועשר 750 מל עץ,רגיל,5,9.90,11.90,11.90,מוצרי בית,יח',מוצרי בית,
244761,7290000244761,קרם ידיים ולווטה 100 מ״ל,רגיל,24,8.40,15.90,16.90,מוצרי ניקיון ו טיפוח אישי,יח',מוצרי ניקיון ו טיפוח אישי,
252525,252525,MANICORE SET Large,רגיל,1,15.00,30.00,,תכשיטים לילדות קטנות ,יח',תכשיטים לילדות קטנות ,
253923,7290000253923,מסטיקס רול גאם דובדבן ,רגיל,11,4.10,7.90,,חטיפים מלוחים ,יח',חטיפים מלוחים ,
261982,261982,קופסא גומי חמוץ מתוק,רגיל,0,2.00,9.90,9.90,חטיפים מתוקים ,יח',חטיפים מתוקים ,
262626,262626,MANICURE SET Small,רגיל,22,10.00,20.00,,תכשיטים לילדות קטנות ,יח',תכשיטים לילדות קטנות ,
267029,7290000267029,שקד מולבן חצוי 100 ג׳שקדיה,רגיל,0,8.20,15.90,15.90,פיצוחים,יח',פיצוחים,
267050,7290000267050,שקד טבעי טחון100 ג׳-שקדיה,רגיל,28,8.20,15.90,15.90,פיצוחים,יח',פיצוחים,
267548,7290000267548,אגוז מלך טחון100 ג׳שקדיה,רגיל,20,8.20,16.00,16.00,מוצרי מכולת ,יח',מוצרי מכולת ,
267616,7290000267616,צנובר 100גרם,רגיל,9,19.90,34.90,35.90,מוצרי בית,יח',מוצרי בית,
267678,7290000267678,גרעין דלעת טבעי קלוף 150ג,רגיל,12,9.90,16.00,16.00,פיצוחים,יח',פיצוחים,
272696,7290000272696,מיץ לימון משומר-עסיס 1ל׳,רגיל,5,7.20,13.90,14.80,מוצרי בית,יח',מוצרי בית,
272726,7290000272726,חומץ 5% 1 ליטר,רגיל,5,5.30,10.90,10.90,מוצרי בית,יח',מוצרי בית,
276477,038000276477,פרינגלס פילי סטייק גבינה** (14),רגיל,11,12.40,16.90,16.90,מוצרי  אלקטרונים ,יח',מוצרי  אלקטרונים ,
288352,7290000288352,300 קוטל חרקים וזוחלים-K - סנו,רגיל,7,16.50,24.90,,מוצרי ניקיון ו טיפוח אישי,יח',מוצרי ניקיון ו טיפוח אישי,
289069,7290000289069,סנו ג׳אוול מרסס לימון 1ל,רגיל,8,11.90,21.90,21.90,מוצרי בית,יח',מוצרי בית,
292533,7290000292533,סנו ג'ל לניקוי כללי 1 ל׳,רגיל,7,12.90,23.90,24.90,מוצרי בית,יח',מוצרי בית,
293943,7290000293943,סנו אנטי קאלק מרסס 1 ל׳,רגיל,7,11.90,18.90,19.90,מוצרי בית,יח',מוצרי בית,
300900,7290000300900,טבעות שניצל תירס 750 גרם ,רגיל,18,22.12,39.90,36.90,קפואים מצוננים ,יח',קפואים מצוננים ,
307046,307046,אפונה וגזר,רגיל,0,2.00,8.00,8.00,מוצרי מכולת ,יח',מוצרי מכולת ,
311043,311043,עוג. קקאו ש. שועל לל״ס200ג,רגיל,8,7.50,11.90,11.90,חטיפים מתוקים ,יח',חטיפים מתוקים ,
311128,311128,עוגיות חמאה מן 300 גרם,רגיל,6,7.00,11.90,11.90,חטיפים מתוקים ,יח',חטיפים מתוקים ,
311227,311227,מן וופל קפה 200 גרם,רגיל,21,4.46,7.90,7.90,חטיפים מתוקים ,יח',חטיפים מתוקים ,
311869,311869,וופל מן שוקולד ללת״ס 180ג,רגיל,-1,6.90,11.90,11.90,חטיפים מתוקים ,יח',חטיפים מתוקים ,
313290,7290000313290,נודלס אטריות מסולסל200גר,רגיל,0,7.90,12.00,12.00,מוצרי מכולת ,יח',מוצרי מכולת ,
319971,3199,צלעות בקר על הנאש,רגיל,0,30.00,72.00,72.00,מוצרי מכולת ,יח',מוצרי מכולת ,
320168,6958444601823,רמקול נייד Divoom Airbeat 20 אדום איכות אמריקאית,רגיל,0,88.70,139.90,,אבזרי סלולר ו חשמל ,יח',אבזרי סלולר ו חשמל ,
320320,693239190022064,רמקולים למחשב XTRIKE ME SK-402 RGB,רגיל,0,25.60,49.90,,אבזרי סלולר ו חשמל ,יח',אבזרי סלולר ו חשמל ,
321321,321321,בגיט נקניקיות 2,רגיל,0,8.00,15.00,15.00,מוצרי מכולת ,יח',מוצרי מכולת ,
321654,321654,נרטיק מאמו,רגיל,0,13.29,30.00,30.00,אבזרי עישון ,יח',אבזרי עישון ,
323753,608614323753,זריפה גרעיני דלעת 250 גרם 1/12,רגיל,-1,12.82,19.90,19.90,פיצוחים,יח',פיצוחים,
323814,608614323814,זריפה גרעיני חמניה 200 1/12 גרם,רגיל,0,6.97,10.90,10.90,פיצוחים,יח',פיצוחים,
334684,7290000334684,טבעות בצל 700 גרם,רגיל,8,15.88,29.90,,מוצרי מקרר ,יח',מוצרי מקרר ,
334745,7290000334745,תפוגן אמירקאי ציפס 1קג ,רגיל,11,20.27,34.90,31.90,קפואים מצוננים ,יח',קפואים מצוננים ,
343434,343434,Classic Wallet,רגיל,10,20.00,39.90,,תכשיטים לילדות קטנות ,יח',תכשיטים לילדות קטנות ,
345291,345291,תה ארל גריי 25 שק*1.5 גרם,רגיל,0,9.70,13.90,13.90,מוצרי בית,יח',מוצרי בית,
345536,7290000345536,תה שחור עם נענע ,רגיל,10,12.90,27.90,,מוצרי בית,יח',מוצרי בית,
345678,345678,סוכריה על מקל יוגוטה,רגיל,-234,1.00,2.90,3.90,חטיפים מתוקים ,יח',חטיפים מתוקים ,
347752,7290000347752,תה ירוק לימון ולואזיה ,רגיל,28,19.90,27.90,,מוצרי בית,יח',מוצרי בית,
353535,353535,Rainbow Spring,רגיל,12,6.00,12.00,,תכשיטים לילדות קטנות ,יח',תכשיטים לילדות קטנות ,
355408,016000355408,רולאפס בטעם תות עשירייה (10) 141 גרם,רגיל,0,14.90,18.90,18.90,חטיפים מתוקים ,יח',חטיפים מתוקים ,
360217,7291044089998,שלישיה נורות לד אור חם GPlus 15W E27 A60,רגיל,9,12.90,19.90,,אבזרי סלולר ו חשמל ,יח',אבזרי סלולר ו חשמל ,
363636,363636,IQ Metal Puzzle,רגיל,24,6.00,12.00,,תכשיטים לילדות קטנות ,יח',תכשיטים לילדות קטנות ,
364261,7290000364261,סלסולי כתף בקר 120 גרם ,רגיל,0,9.50,18.90,18.90,נקיניקיות ,יח',נקיניקיות ,
364278,7290000364278,סלסולי סלמי איטלקי 120 גרם ,רגיל,0,9.50,18.90,18.90,נקיניקיות ,יח',נקיניקיות ,
364285,7290000364285,סלסולי פסטרמה הודו 120 גרם ,רגיל,0,9.50,18.90,18.90,נקיניקיות ,יח',נקיניקיות ,
364292,7290000364292,סלסולי פסטרמה גחלים 120 גרם ,רגיל,0,9.50,18.90,18.90,נקיניקיות ,יח',נקיניקיות ,
364858,7290000364858,סלסולי כתף בקר 120 גרם ,רגיל,0,17.90,28.90,28.90,נקיניקיות ,יח',נקיניקיות ,
364872,364872,נקניקיות עוף 400 גרם,רגיל,0,9.70,13.90,13.90,נקיניקיות ,יח',נקיניקיות ,
367958,367958,פלסטון טירת צבי,רגיל,4,17.09,21.90,21.90,נקיניקיות ,יח',נקיניקיות ,
373737,373737,Dinasour Egg,רגיל,12,4.00,10.00,,תכשיטים לילדות קטנות ,יח',תכשיטים לילדות קטנות ,
383838,383838,BOXER,רגיל,4,30.00,59.90,,תכשיטים לילדות קטנות ,יח',תכשיטים לילדות קטנות ,
391229,7290000391229,קוקטיל פחצה ,רגיל,0,258.96,164.94,,מוצרי שימוש מטבח -חנות ,יח',מוצרי שימוש מטבח -חנות ,
393939,393939,Summer Sea Mat,רגיל,4,30.00,59.90,,תכשיטים לילדות קטנות ,יח',תכשיטים לילדות קטנות ,
404040,404040,Toyu-Bag,רגיל,2,20.00,39.90,,תכשיטים לילדות קטנות ,יח',תכשיטים לילדות קטנות ,
412481,7290000412481,מנקה אסלות 1 ליטר ,רגיל,11,5.90,11.90,12.90,מוצרי ניקיון ו טיפוח אישי,יח',מוצרי ניקיון ו טיפוח אישי,
414114,414114,מצית פשוטה,רגיל,0,0.77,4.00,4.00,אבזרי עישון ,יח',אבזרי עישון ,
414141,414141,TIC-TAC-TOE,רגיל,6,9.00,19.90,,תכשיטים לילדות קטנות ,יח',תכשיטים לילדות קטנות ,
416618,7290000416618,ממרח טעם שוקולד בד״ץ 400ג,רגיל,11,9.50,15.90,16.90,חטיפים מתוקים ,יח',חטיפים מתוקים ,
453231,7290000453231,שמרים יבשים שמרית 100ג,רגיל,11,4.47,10.00,10.00,מוצרי מכולת ,יח',מוצרי מכולת ,
467153,7290000467153,חומוס טחינה ,רגיל,-1,12.81,14.90,14.90,מוצרי בית,יח',מוצרי בית,
497044,497044,ברמן אקטיב,רגיל,0,12.00,23.00,23.00,מוצרי מכולת ,יח',מוצרי מכולת ,
497112,497112,אחיד פרוס ברמן,רגיל,0,3.00,7.11,7.11,מוצרי מכולת ,יח',מוצרי מכולת ,
497198,497198,ברמן אסלי 10 פיתות,רגיל,0,11.81,19.00,19.00,מוצרי מכולת ,יח',מוצרי מכולת ,
497570,497570,דגנים פלוס ברמן,רגיל,0,10.00,20.00,20.00,מוצרי מכולת ,יח',מוצרי מכולת ,
498034,498034,לחם כוסמין,רגיל,0,10.00,23.00,23.00,מוצרי מכולת ,יח',מוצרי מכולת ,
498256,498256,לחמניות10,רגיל,0,19.49,25.00,25.00,מוצרי מכולת ,יח',מוצרי מכולת ,
504278,7290000504278,סוכרזית פטנט 700 טבליות,רגיל,13,12.90,22.60,23.60,מוצרי בית,יח',מוצרי בית,
513109,513109,כלוב מגן למיכלים חד פעמיים,רגיל,1,941.95,0.00,,מוצרי חצר תחנה ,יח',מוצרי חצר תחנה ,
513680,513680,ראש מאעין,רגיל,0,10.00,29.90,29.90,אבזרי סלולר ו חשמל ,יח',אבזרי סלולר ו חשמל ,
518220,7290000518220,סוכרה דיאט 100 שקיות ,רגיל,8,17.90,27.90,28.90,מוצרי בית,יח',מוצרי בית,
523224,7290000523224,מלח ים דק 500 גרם,רגיל,5,4.90,9.90,10.90,מוצרי בית,יח',מוצרי בית,
523804,7290000523804,מלח הארץ עדין צנצנת 1ק״ג,רגיל,4,4.50,11.90,11.90,מוצרי בית,יח',מוצרי בית,
523811,7290000523811,מלח הארץ גס צנצנת 1 ק״ג,רגיל,3,4.50,11.90,12.90,מוצרי בית,יח',מוצרי בית,
530598,7290000530598,נקניקיות וינר 500 גרם ,רגיל,0,17.74,19.90,19.90,נקיניקיות ,יח',נקיניקיות ,
530703,7290000530703,ח.עוף והודו גר סלמי 400,רגיל,0,28.16,35.90,35.90,נקיניקיות ,יח',נקיניקיות ,
536743,7290000536743,קריספי סטיקס תירס 500גרם ,רגיל,2,10.90,19.90,20.90,קפואים מצוננים ,יח',קפואים מצוננים ,
537566,7290000537566,נקניקיות עוף 400 גרם ,רגיל,-1,15.82,19.90,,נקיניקיות ,יח',נקיניקיות ,
554082,7290000554082,מוצרלה מיוחדת לפ ,רגיל,18,55.81,65.86,65.86,מוצרי שימוש מטבח -חנות ,יח',מוצרי שימוש מטבח -חנות ,
554457,0554457, צפתית 350 5%,רגיל,0,18.89,35.90,35.90,מוצרי מקרר ,יח',מוצרי מקרר ,
554600,0554600, מרוסקת 300 גרם,רגיל,0,21.50,37.90,37.90,מוצרי מקרר ,יח',מוצרי מקרר ,
554686,7290000554686,לבנה שמן זית 250,רגיל,0,12.25,17.90,17.90,מוצרי מקרר ,יח',מוצרי מקרר ,
554754,7290000554754,מוצרלה בייבי ,רגיל,0,71.38,84.23,84.23,מוצרי שימוש מטבח -חנות ,יח',מוצרי שימוש מטבח -חנות ,
554969,7290000554969,שמנת ק"ג טבעי ,רגיל,10,36.90,43.54,43.54,מוצרי שימוש מטבח -חנות ,יח',מוצרי שימוש מטבח -חנות ,
554976,7290000554976,שמנת טעמים זיתים ,רגיל,14,36.90,43.54,43.54,מוצרי שימוש מטבח -חנות ,יח',מוצרי שימוש מטבח -חנות ,
555555,555555,פרטנר חצוני פנמי,רגיל,0,10.00,55.00,55.00,קופה שטיפה (הכל ),יח',קופה שטיפה (הכל ),
560533,7290000560533,ג'ל גילוח לגבר רדג' 198 גרם,רגיל,6,11.90,21.90,,מוצרי ניקיון ו טיפוח אישי,יח',מוצרי ניקיון ו טיפוח אישי,
560540,7290000560540,ג'ל גילוח לעור רגיש 198 גרם,רגיל,5,11.90,21.90,,מוצרי ניקיון ו טיפוח אישי,יח',מוצרי ניקיון ו טיפוח אישי,
564978,564978,לחם מחמצת טוסקני,רגיל,0,10.00,20.00,20.00,מוצרי מכולת ,יח',מוצרי מכולת ,
582001,582001,גריינר ברזל,רגיל,0,14.11,36.00,36.00,אבזרי עישון ,יח',אבזרי עישון ,
599274,7290000599274,מקל עץ ברזל 1.5 מטר,רגיל,25,3.90,6.90,,מוצרי מכולת ,יח',מוצרי מכולת ,
612391,612391,מצת קליפר,רגיל,1416,2.05,5.90,5.90,אבזרי עישון ,יח',אבזרי עישון ,
650007,650007,שמן תירס 1 ליטר שוקחה,רגיל,12,10.50,19.90,,מוצרי מכולת ,יח',מוצרי מכולת ,
662817,7290000662817,סלמון מעושן 100 גרם,רגיל,10,15.00,29.90,,מוצרי מקרר ,יח',מוצרי מקרר ,
666679,666679,קופסה גומי,רגיל,0,2.00,9.90,9.90,חטיפים מתוקים ,יח',חטיפים מתוקים ,
676899,676899,קיווי,רגיל,39.200,15.00,0.00,,מוצרי שימוש מטבח -חנות ,ק"ג,מוצרי שימוש מטבח -חנות ,
742552,742552,בונדוק אקסטרה,רגיל,0,1.66,2.90,,פיצוחים,יח',פיצוחים,
773626,773626,מאפרה,רגיל,0,10.00,20.00,20.00,אבזרי עישון ,יח',אבזרי עישון ,
805870,7290000805870,לק קט דגים 1.5 ק"ג,רגיל,0,0.00,0.00,,בעלי חיים ,יח',בעלי חיים ,
805900,7290000805900,לה קט עוף 2.85 ק"ג,רגיל,0,39.90,69.90,,בעלי חיים ,יח',בעלי חיים ,
805917,7290000805917,לה קט גריל נטול חמץ 2.85 ק"ג,רגיל,1,39.80,74.90,,בעלי חיים ,יח',בעלי חיים ,
805924,7290000805924,לה קט דגים 2.85 ק"ג,רגיל,0,39.80,69.90,,בעלי חיים ,יח',בעלי חיים ,
854660,6250154598791,בראבו אקסטרה,רגיל,6,2.53,5.90,,חטיפים מתוקים ,יח',חטיפים מתוקים ,
968978,968978,מונט בלאנק ,רגיל,0,589.00,695.00,,מוצרי שימוש מטבח -חנות ,יח',מוצרי שימוש מטבח -חנות ,
987789,987789,שטיפה חיצונית,רגיל,0,5.00,10.00,10.00,קופה שטיפה (הכל ),יח',קופה שטיפה (הכל ),
999989,999989,שטיפה רכב פרטי במבצע ,רגיל,0,15.00,30.00,30.00,קופה שטיפה (הכל ),יח',קופה שטיפה (הכל ),
1090101,1090101,בטטה ,רגיל,12.255,8.50,10.90,10.90,פירות וירקות ,ק"ג,פירות וירקות ,
1110201,7290001110201,בצל אדום,רגיל,38.055,6.50,9.90,9.90,פירות וירקות ,ק"ג,פירות וירקות ,
1110602,1110602,בצל ריבסייד ,רגיל,15.355,2.70,4.90,4.90,פירות וירקות ,ק"ג,פירות וירקות ,
1120101,7290001120101,בצלצלי שאלוט ,רגיל,0,10.90,15.90,15.90,פירות וירקות ,יח',פירות וירקות ,
1122125,1122125,כוס קרח,רגיל,-2438,1.31,3.00,3.00,מוצרי מכולת ,יח',מוצרי מכולת ,
1123233,1123233,שמן זית בלדי 4ליטר,רגיל,2,105.00,123.90,,מוצרי שימוש מטבח -חנות ,יח',מוצרי שימוש מטבח -חנות ,
1140101,1140101,גזר ארוז ,רגיל,16.280,5.20,6.90,6.90,פירות וירקות ,ק"ג,פירות וירקות ,
1140201,1140201,גזר צבעוני ,רגיל,-9,4.96,9.90,9.90,פירות וירקות ,יח',פירות וירקות ,
1180402,7290001180402,חציל פרימיום עשור ,רגיל,5.912,7.00,6.90,6.90,פירות וירקות ,ק"ג,פירות וירקות ,
1200101,1200101,כרוב לבן (מגש ) איכות מעולה ,רגיל,0.000,4.20,7.90,7.90,פירות וירקות ,ק"ג,פירות וירקות ,
1200201,1200201,כרוב אדום איכות מעולה ,רגיל,-2.900,4.00,7.90,7.90,פירות וירקות ,ק"ג,פירות וירקות ,
1209189,7290001209189,נקניקיות חריפות 400 גרם,רגיל,11,9.50,19.90,,מוצרי מקרר ,יח',מוצרי מקרר ,
1220105,1220105,כרובית ,רגיל,15.050,9.50,9.90,9.90,פירות וירקות ,ק"ג,פירות וירקות ,
1230739,01230739,כאמל כחול -(החלפ ברקוד),רגיל,0,28.67,41.00,41.00, כל הסיגריות,יח', כל הסיגריות,
1235698,1235698,קדיף ,רגיל,0,12.00,17.90,17.90,חטיפים מתוקים ,יח',חטיפים מתוקים ,
1250103,1250103,מלפפון ,רגיל,-49.210,4.50,6.90,7.90,פירות וירקות ,ק"ג,פירות וירקות ,
1250201,1250201,מלפפון בייבי ביח ,רגיל,2,8.00,9.90,9.90,פירות וירקות ,יח',פירות וירקות ,
1300201,1300201,עגבניה מגי ,רגיל,0.000,8.80,11.90,11.90,פירות וירקות ,ק"ג,פירות וירקות ,
1300406,1300406,עגבניה ,רגיל,-55.495,8.50,7.90,7.90,פירות וירקות ,ק"ג,פירות וירקות ,
1310101,1310101,שרי ,רגיל,-5.535,10.00,18.90,18.90,פירות וירקות ,ק"ג,פירות וירקות ,
1310102,1310102,שרי לובלו ,רגיל,63.400,18.00,13.90,13.90,פירות וירקות ,ק"ג,פירות וירקות ,
1400106,1400106,פלפל אדום פרימיום ,רגיל,-13.140,8.50,7.90,9.90,פירות וירקות ,ק"ג,פירות וירקות ,
1400506,1400506,פלפל צהוב פרימיום עשור ,רגיל,7.140,8.50,7.90,7.90,פירות וירקות ,ק"ג,פירות וירקות ,
1407424,7290001407738,חלבה שוקו 50 גרם ,רגיל,-1,1.13,3.90,3.90,חטיפים מתוקים ,יח',חטיפים מתוקים ,
1407769,7290001407769,טחינה שומש. מלא בארכה 500ג,רגיל,9,8.90,15.90,16.80,מוצרי בית,יח',מוצרי בית,
1407813,7290001407813,חלבה פיסטוק בארכה 350 גרם ,רגיל,8,9.90,16.90,16.90,חטיפים מתוקים ,יח',חטיפים מתוקים ,
1407844,7290001407844,חלבה וניל בארכה 350 גרם,רגיל,2,9.90,16.90,16.90,חטיפים מתוקים ,יח',חטיפים מתוקים ,
1407936,7290001407936,טחינה גולמית מעודנת 310,רגיל,7,8.90,15.90,16.90,מוצרי בית,יח',מוצרי בית,
1480102,1480102,צנונית ביח ,רגיל,38,6.00,6.90,6.90,פירות וירקות ,יח',פירות וירקות ,
1499105,7290011499105,בלוגרית 5  %,רגיל,-1,19.86,28.90,,מוצרי מקרר ,יח',מוצרי מקרר ,
1499129,7290011499129,קוביות בולגרית מ,רגיל,0,18.96,35.90,35.90,מוצרי מקרר ,יח',מוצרי מקרר ,
1499327,7290011499327,"גבינה בולגרית מעודנת במי מלח 5%, 250 גרם",רגיל,0,19.86,35.90,35.90,מוצרי מקרר ,יח',מוצרי מקרר ,
1499358,1499358,"גבינת פטה עיזים מלוחה 20%, 200 גרם",רגיל,0,22.95,39.90,39.90,מוצרי מקרר ,יח',מוצרי מקרר ,
1499365,7290011499365,"גבינת חלומי 24%, 200 גרם ",רגיל,0,19.23,35.90,35.90,מוצרי מקרר ,יח',מוצרי מקרר ,
1499419,7290011499419, ניו יורק 5%טבעי,רגיל,0,10.38,17.90,17.90,מוצרי מקרר ,יח',מוצרי מקרר ,
1499624,7290011499624, שמנת טבעי 200 גר,רגיל,0,11.56,18.90,18.90,מוצרי מקרר ,יח',מוצרי מקרר ,
1500122,1500122,בקבוק 500 מ"ל שקוף ,רגיל,0,231.00,259.60,,מוצרי שימוש מטבח -חנות ,יח',מוצרי שימוש מטבח -חנות ,
1500288,1500288,נייר טואלט צץ רץ איטלקי 1/9000 (67588) 4820,רגיל,1,95.00,120.00,120.00,אריזות ו מוצרי  ניקוי לסופר ,יח',אריזות ו מוצרי  ניקוי לסופר ,
1500506,1500506,כוס לאייס 330 ( קרטון 1000 ) ,רגיל,3,195.00,200.00,200.00,אריזות ו מוצרי  ניקוי לסופר ,יח',אריזות ו מוצרי  ניקוי לסופר ,
1500594,1500594,שקיית נייר חצי בגט (2000 יח),רגיל,0,110.00,129.80,129.80,אריזות ו מוצרי  ניקוי לסופר ,יח',אריזות ו מוצרי  ניקוי לסופר ,
1500797,1500797,כפפות ניטריל שחורות Large,רגיל,20,15.00,22.00,22.00,אריזות ו מוצרי  ניקוי לסופר ,יח',אריזות ו מוצרי  ניקוי לסופר ,
1500798,7290001500798,כפפות ניטריל שחורות 1/100 XXXLLL,רגיל,0,15.00,11.80,,מוצרי שימוש מטבח -חנות ,יח',מוצרי שימוש מטבח -חנות ,
1501067,1501067,סקוויזר לחיץ 500 מ״ל 160Z,רגיל,0,69.00,80.00,80.00,אריזות ו מוצרי  ניקוי לסופר ,יח',אריזות ו מוצרי  ניקוי לסופר ,
1501085,1501085,אקונומיקה מבושמת 3.5% 4 ליטר,רגיל,-1,5.99,15.00,15.00,אריזות ו מוצרי  ניקוי לסופר ,יח',אריזות ו מוצרי  ניקוי לסופר ,
1501267,1501267,סכום ארוז 5 פריטים (500),רגיל,0,100.00,118.00,118.00,אריזות ו מוצרי  ניקוי לסופר ,יח',אריזות ו מוצרי  ניקוי לסופר ,
1501287,1501287,נייר פרגמנט 25/25 לבן ,רגיל,0,0.06,0.07,0.07,אריזות ו מוצרי  ניקוי לסופר ,יח',אריזות ו מוצרי  ניקוי לסופר ,
1501614,1501614,מכסה 95 שקוף כפית (1000 יח),רגיל,0,106.00,106.20,106.20,אריזות ו מוצרי  ניקוי לסופר ,יח',אריזות ו מוצרי  ניקוי לסופר ,
1502952,1502952,מארז זוגי להמבורגר 7.7*10.8*20.5 F FLUT,רגיל,4,150.00,167.00,167.00,אריזות ו מוצרי  ניקוי לסופר ,יח',אריזות ו מוצרי  ניקוי לסופר ,
1503732,1503732,סחבה מיקרופייר,רגיל,0,49.14,57.99,,מוצרי שימוש מטבח -חנות ,יח',מוצרי שימוש מטבח -חנות ,
1503733,1503733,מטלית מיקרופייר,רגיל,0,17.64,20.82,,מוצרי שימוש מטבח -חנות ,יח',מוצרי שימוש מטבח -חנות ,
1503996,1503996,קרעת קרפט מרובעת 1000 מ"ל (300),רגיל,0,180.00,212.40,212.40,אריזות ו מוצרי  ניקוי לסופר ,יח',אריזות ו מוצרי  ניקוי לסופר ,
1504001,1504001,מכסה לקרעת קרפט מרובעה (300),רגיל,0,102.00,0.00,0.00,אריזות ו מוצרי  ניקוי לסופר ,יח',אריזות ו מוצרי  ניקוי לסופר ,
1504344,1504344,קרטוניה להמבורגר חום מחורר (פייפר),רגיל,0,220.50,250.00,250.00,אריזות ו מוצרי  ניקוי לסופר ,יח',אריזות ו מוצרי  ניקוי לסופר ,
1504534,1504534,מגש סושי אקו קרפט ,רגיל,0,0.57,0.68,0.68,אריזות ו מוצרי  ניקוי לסופר ,יח',אריזות ו מוצרי  ניקוי לסופר ,
1504535,1504535,מכסה לסושי אקו קרפט ,רגיל,0,0.49,0.58,0.58,אריזות ו מוצרי  ניקוי לסופר ,יח',אריזות ו מוצרי  ניקוי לסופר ,
1504641,1504641,גביע צמוד מכסה OZ4,רגיל,0,110.00,65.00,65.00,אריזות ו מוצרי  ניקוי לסופר ,יח',אריזות ו מוצרי  ניקוי לסופר ,
1504670,1504670,בקבוק פלסטיק 1 ליטר ,רגיל,0,187.50,177.00,,מוצרי שימוש מטבח -חנות ,יח',מוצרי שימוש מטבח -חנות ,
1505368,1505368,גליל תעשייתי 1000 מטליות טישו,רגיל,26,35.00,41.29,41.29,אריזות ו מוצרי  ניקוי לסופר ,יח',אריזות ו מוצרי  ניקוי לסופר ,
1505372,1505372,גביע 30 מ"ל צמוד מכסה עגול ,רגיל,0,100.00,118.00,,מוצרי שימוש מטבח -חנות ,יח',מוצרי שימוש מטבח -חנות ,
1505626,1505626,צופסטיק כהה חבק שחור 24 ס"מ 1/100,רגיל,0,19.90,0.00,,מוצרי שימוש מטבח -חנות ,יח',מוצרי שימוש מטבח -חנות ,
1530104,1530104,קישוא איכות מעולה ,רגיל,18.100,8.50,8.90,8.90,פירות וירקות ,ק"ג,פירות וירקות ,
1561775,7290001561775,מצת אלקטרוני שקופה,רגיל,0,14.83,17.50,,מוצרי שימוש מטבח -חנות ,יח',מוצרי שימוש מטבח -חנות ,
1600101,1600101,תירס ארוז (מארז ),רגיל,20.180,13.50,8.90,8.90,פירות וירקות ,ק"ג,פירות וירקות ,
1620114,1620114,תפוח אדמה לבן איטלקי ארוז ,רגיל,-43.705,3.70,5.90,5.90,פירות וירקות ,ק"ג,פירות וירקות ,
1620206,1620206,תפוח אדמה אדום איטלקי ארוז ,רגיל,-34.015,3.70,5.90,5.90,פירות וירקות ,ק"ג,פירות וירקות ,
1729228,8935001729228,ליימן מנטוס בקבוקון מעוגל 1/660 (4) בטעם חמוץ תות,רגיל,12,5.50,11.90,11.90,חטיפים מתוקים ,יח',חטיפים מתוקים ,
1729259,8935001729259,ליימן מנטוס בקבוקון מעוגל 60 1/6 (4) בטעם חמוץ תפוח,רגיל,34,5.50,11.90,11.90,חטיפים מתוקים ,יח',חטיפים מתוקים ,
1780428,7290001780428,מאגדת שלגון לייט,רגיל,6,23.72,39.90,,גלידות ,יח',גלידות ,
1902202,7290001902202,חצי בגט 180 קפוא,רגיל,0,1.20,0.00,,מאפים (גדרון - שמרים ),יח',מאפים (גדרון - שמרים ),
1902776,7290001902776,לחמנית עם דגנים קפוא ,רגיל,180,1.35,1.60,1.60,מאפים (גדרון - שמרים ),יח',מאפים (גדרון - שמרים ),
2008224,7290002008224,מזרה עגול צבעוני צנצ.100,רגיל,16,3.30,7.00,7.00,מוצרי מכולת ,יח',מוצרי מכולת ,
2008989,7290002008989,קישקשים בקופסא 225 יח׳,רגיל,10,5.50,9.90,10.90,מוצרי בית,יח',מוצרי בית,
2010802,2010802,אבוקודו זוגות מוכן לאכילה ,רגיל,-43,7.80,9.90,9.90,פירות וירקות ,יח',פירות וירקות ,
2014201,7290002014201,מיקי חומוס נטו 200 גרם ,רגיל,0,4.20,7.90,7.90,מוצרי מקרר ,יח',מוצרי מקרר ,
2019183,7290002019183,עגבניות שלמות מקולפ800 ג,רגיל,10,5.50,9.90,10.80,מוצרי בית,יח',מוצרי בית,
2019763,7290002019763,עגבנ. מרוסקות פרי ניר 800ג,רגיל,0,5.50,9.90,10.80,מוצרי בית,יח',מוצרי בית,
2019787,7290002019787,רוטב עגבניות פריניר 260גר,רגיל,0,2.40,5.90,6.90,מוצרי בית,יח',מוצרי בית,
2030102,7290002030102,אבטיח ,רגיל,78.085,10.00,5.90,5.90,פירות וירקות ,ק"ג,פירות וירקות ,
2050601,2050601,אגס,רגיל,14.160,15.00,14.90,14.90,פירות וירקות ,ק"ג,פירות וירקות ,
2057031,7290002057031,זית מבוקע פיקנטי 560 גרם,רגיל,12,6.75,11.90,,מוצרי מכולת ,יח',מוצרי מכולת ,
2057093,7290002057093,ירוק.ג 560 גרם מנזילוA2,רגיל,11,7.30,13.90,,מוצרי מכולת ,יח',מוצרי מכולת ,
2057604,2057604,פלפל חריף שיפקה 540 גרם,רגיל,0,3.90,9.90,10.90,מוצרי בית,יח',מוצרי בית,
2077268,7290002077268,מיני קציצות דג לבישול 00 ,רגיל,7,16.90,29.90,30.90,קפואים מצוננים ,יח',קפואים מצוננים ,
2090301,2090301,אננס ,רגיל,-4,40.00,25.90,25.90,פירות וירקות ,יח',פירות וירקות ,
2109372,7290002109372,יבורקס פילו גבינה בולגרית ,רגיל,12,12.80,23.90,24.90,קפואים מצוננים ,יח',קפואים מצוננים ,
2112002,2112002,קבב כבש,רגיל,0,11.00,19.90,,בשרים ,יח',בשרים ,
2130574,7290002130574,דבש מפרחי בר יד מרדכי500,רגיל,2,19.30,37.90,38.90,מוצרי בית,יח',מוצרי בית,
2170103,2170103,בננה מובחרת ,רגיל,-0.275,11.00,8.90,8.90,פירות וירקות ,ק"ג,פירות וירקות ,
2200345,7290002200345,מסטיקס רול גאם תותי פרוטי,רגיל,12,4.10,7.90,,חטיפים מלוחים ,יח',חטיפים מלוחים ,
2200352,7290002200352,מסטיקס רול גאם פירות טרופיים,רגיל,12,4.10,7.90,,חטיפים מלוחים ,יח',חטיפים מלוחים ,
2230106,7290002230106,לימון פרימיום ,רגיל,43.417,9.00,10.90,10.90,פירות וירקות ,ק"ג,פירות וירקות ,
2253006,7290002253006,שום כתוש דורות 200 גרם ,רגיל,13,10.80,19.90,20.90,קפואים מצוננים ,יח',קפואים מצוננים ,
2260101,2260101,מלון ,רגיל,-46.245,7.00,11.90,11.90,פירות וירקות ,ק"ג,פירות וירקות ,
2270103,2270103,נקטרינה ,רגיל,5.790,18.00,23.90,23.90,פירות וירקות ,ק"ג,פירות וירקות ,
2310108,2310108,מנגו מאיה ,רגיל,0.785,24.50,19.90,19.90,פירות וירקות ,ק"ג,פירות וירקות ,
2327028,7290002327028,ג׳חנון 650 גרם ,רגיל,5,10.50,19.90,20.90,קפואים מצוננים ,יח',קפואים מצוננים ,
2327042,7290002327042,בורקס תפוא 800 גרם ,רגיל,8,12.80,23.90,,קפואים מצוננים ,יח',קפואים מצוננים ,
2327059,7290002327059,בצק עלים 1 ק״ג ,רגיל,12,11.20,21.90,22.90,קפואים מצוננים ,יח',קפואים מצוננים ,
2327073,7290002327073,בורקס גבינה - שלושת האופים,רגיל,6,12.80,19.90,,קפואים מצוננים ,יח',קפואים מצוננים ,
2331094,7290002331094,נביעות TO GO בקבוק 755 מ"ל,רגיל,220,2.61,7.00,,משקאות ,יח',משקאות ,
2350108,2350108,ענבים לבנים - טלי ,רגיל,76.435,30.00,24.90,24.90,פירות וירקות ,ק"ג,פירות וירקות ,
2350204,2350204,ענבים אדומים - טלי ,רגיל,16.195,25.00,24.90,24.90,פירות וירקות ,ק"ג,פירות וירקות ,
2350308,2350308,ענבים שחורים - טלי ,רגיל,-15.380,19.80,24.90,24.90,פירות וירקות ,ק"ג,פירות וירקות ,
2371533,7290002371533,סלסולי פסטרמה דבש 120 גרם ,רגיל,0,9.50,18.90,18.90,נקיניקיות ,יח',נקיניקיות ,
2371854,7290002371854,נקניקיות עוף חריפות 120 גרם ,רגיל,0,17.90,28.90,28.90,נקיניקיות ,יח',נקיניקיות ,
2385059,7290002385059,מטבעות עיזים מוס ,רגיל,0,112.42,132.66,132.66,מוצרי שימוש מטבח -חנות ,יח',מוצרי שימוש מטבח -חנות ,
2385332,7290002385332,לאבנה 9% מיוחדת,רגיל,2,28.50,33.60,,מוצרי שימוש מטבח -חנות ,יח',מוצרי שימוש מטבח -חנות ,
2385455,7290002385455,בול מעודנת 24 % ,רגיל,0,49.00,57.82,57.82,מוצרי שימוש מטבח -חנות ,יח',מוצרי שימוש מטבח -חנות ,
2450105,2450105,פסיפלורה 10XL מגשים ,רגיל,-11,17.90,23.90,23.90,פירות וירקות ,יח',פירות וירקות ,
2472193,7290002472193,עוגת  מאפיין בטעם שוקולד עם שוקוציפס ,רגיל,0,16.00,21.90,21.90,מאפים (גדרון - שמרים ),יח',מאפים (גדרון - שמרים ),
2472254,7290002472254,עוגת  מאפיין אגוזים ,רגיל,0,16.00,21.90,21.90,מאפים (גדרון - שמרים ),יח',מאפים (גדרון - שמרים ),
2480401,2480401,קווי יבוא ,רגיל,-17.335,17.00,39.90,39.90,פירות וירקות ,ק"ג,פירות וירקות ,
2520101,2520101,רימון איכות מעולה,רגיל,-22.120,12.00,18.90,18.90,פירות וירקות ,ק"ג,פירות וירקות ,
2530101,2530101,שזיף אדום ,רגיל,-2.105,19.00,23.90,23.90,פירות וירקות ,ק"ג,פירות וירקות ,
2551003,7290002551003,ס.ק נתחי טונה בשמו 160 גרם ,רגיל,-42,4.98,11.90,,מוצרי בית,יח',מוצרי בית,
2564928,7290002564928,נטיפי צ'יפס שוקולד 250 ג,רגיל,13,9.50,17.90,18.90,חטיפים מתוקים ,יח',חטיפים מתוקים ,
2570103,2570103,תמר מגוהל 12 יח,רגיל,-19,20.90,29.90,29.90,פירות וירקות ,יח',פירות וירקות ,
2600301,2600301,תפוח עץ סמיט יבוא ,רגיל,-22.200,10.00,14.90,16.90,פירות וירקות ,ק"ג,פירות וירקות ,
2600603,2600603,תפוח עץ פינק ליידי יבוא ,רגיל,-23.257,14.00,14.90,15.90,פירות וירקות ,ק"ג,פירות וירקות ,
2692768,7290002692768,תרסיס שמן קנולה עץ הזית,רגיל,10,10.50,20.00,20.00,מוצרי מכולת ,יח',מוצרי מכולת ,
2692782,7290002692782,תרסיס שמן זית 150 מ״ל,רגיל,9,11.50,19.90,20.90,מוצרי בית,יח',מוצרי בית,
2697121,7290002697121,לחם מחמצת שיפון,רגיל,-1,0.00,14.90,,לחם ,יח',לחם ,
2710110,7290002710110,ביצים חופשיות 12 יח,רגיל,-3,23.60,14.24,,מוצרי שימוש מטבח -חנות ,יח',מוצרי שימוש מטבח -חנות ,
2730262,7290002730262,פלמוליב קלאסי ירוק 750מל,רגיל,0,6.50,11.90,11.90,מוצרי בית,יח',מוצרי בית,
2730811,7290002730811,משחת שיניים פסים מרעננים,רגיל,35,8.90,19.90,,מוצרי ניקיון ו טיפוח אישי,יח',מוצרי ניקיון ו טיפוח אישי,
2730958,7290002730958,סב. פלמוליב ירוק 4*90 גרם,רגיל,18,9.90,17.90,18.90,מוצרי ניקיון ו טיפוח אישי,יח',מוצרי ניקיון ו טיפוח אישי,
2757139,2757139,מלווח. 700 גרם ,רגיל,0,10.50,19.90,20.90,קפואים מצוננים ,יח',קפואים מצוננים ,
2757535,7290002757535,בור. פילו אצבעות גב.700גר ,רגיל,8,12.80,23.90,24.90,קפואים מצוננים ,יח',קפואים מצוננים ,
2759188,7290002759188,פיצה פרפקטו ,רגיל,0,1.20,0.00,0.00,מאפים (גדרון - שמרים ),יח',מאפים (גדרון - שמרים ),
2814160,7290002814160,מסיר שומנים סנט מוריץ 1ל,רגיל,6,10.90,19.90,20.90,מוצרי בית,יח',מוצרי בית,
2814610,7290002814610,מסיר שומנים לימון 1 ליטר,רגיל,5,8.20,15.90,16.90,מוצרי בית,יח',מוצרי בית,
2814849,7290002814849,אסלה אוקינוס סנטמוריץ 3 יח",רגיל,24,5.90,11.90,,מוצרי ניקיון ו טיפוח אישי,יח',מוצרי ניקיון ו טיפוח אישי,
2862000,7290002862000,אריסה תוניסאית 250 גרם,רגיל,3,10.90,17.90,18.90,מוצרי בית,יח',מוצרי בית,
2862017,7290002862017,שום כתוש 250 גרם,רגיל,12,10.90,17.90,18.90,מוצרי בית,יח',מוצרי בית,
2862031,7290002862031,אריסה חריפה 250 גרם,רגיל,0,10.90,17.90,18.90,מוצרי בית,יח',מוצרי בית,
2862123,7290002862123,סחוג ירוק 150 גרם,רגיל,0,7.90,12.90,13.90,מוצרי בית,יח',מוצרי בית,
2862277,7290002862277,ממרח לימון כבוש 200 גרם,רגיל,0,9.90,17.90,18.90,מוצרי בית,יח',מוצרי בית,
2862338,2862338,סחוג אדום 150 גרם,רגיל,0,7.90,15.90,16.90,מוצרי בית,יח',מוצרי בית,
2900566,7290002900566,פסטרמה ברביקיו מופתחת 360 ג,רגיל,0,22.90,31.90,31.90,נקיניקיות ,יח',נקיניקיות ,
2954026,7290002954026,שמן תירס "שוקחה" 3 ליטר,רגיל,3,27.00,44.90,45.90,מוצרי בית,יח',מוצרי בית,
2986652,7290002986652,פתיבר שוקו גטניו 470 גרם,רגיל,28,5.70,11.90,,חטיפים מתוקים ,יח',חטיפים מתוקים ,
2994800,7290002994800,לחם מנוקה קלונה,רגיל,-13,4.20,9.90,,לחם ,יח',לחם ,
3009329,7290003009329,ליימן גת-בוטן אמריקאי 200 (24)גרם,רגיל,-2,4.70,5.90,5.90,מוצרי  אלקטרונים ,יח',מוצרי  אלקטרונים ,
3010102,3010102,ארגנו ארוז ,רגיל,-2,3.90,7.90,7.90,פירות וירקות ,יח',פירות וירקות ,
3030103,3030103,בזיליקום שקית 1 ק"ג ( שימוש מאבח ),רגיל,0.000,25.00,29.50,29.50,פירות וירקות ,ק"ג,פירות וירקות ,
3030104,3030104,בזילקום ביח - שדות עמק ,רגיל,-14,5.50,8.90,8.90,פירות וירקות ,יח',פירות וירקות ,
3040106,3040106,בצל ירוק ביח ,רגיל,53.465,3.50,7.90,7.90,פירות וירקות ,יח',פירות וירקות ,
3054350,7290003054350,חרדל דיזון גרגירים 5  קג ,רגיל,0,60.62,0.00,0.00,מוצרי שימוש מטבח -חנות ,יח',מוצרי שימוש מטבח -חנות ,
3054657,7290003054657,חרדל אקסטרא פורטה 370גרם,רגיל,8,9.90,13.90,14.80,מוצרי בית,יח',מוצרי בית,
3060103,3060103,גינגר ביח -שדות ,רגיל,-2,7.50,10.90,10.90,פירות וירקות ,יח',פירות וירקות ,
3070208,3070208,דלעת ארוזה ,רגיל,-1.750,9.00,11.90,11.90,פירות וירקות ,ק"ג,פירות וירקות ,
3072521,3072521,פסטרמה כתף בקר מעושנת,רגיל,0,29.90,39.90,39.90,נקיניקיות ,יח',נקיניקיות ,
3100107,3100107,חסה ערבית בקרטון ,רגיל,0,5.00,7.90,7.90,פירות וירקות ,יח',פירות וירקות ,
3100304,3100304,חסה לבבות קיסר ,רגיל,19,8.70,9.90,9.90,פירות וירקות ,יח',פירות וירקות ,
3100402,3100402,חסה לאליק ביחידה ,רגיל,141,9.00,13.90,13.90,פירות וירקות ,יח',פירות וירקות ,
3107247,7290003107247,שמרים יבשים אינסטנט 33 גרם,רגיל,10,3.30,6.90,7.90,מוצרי בית,יח',מוצרי בית,
3140108,3140108,כוסברה ביח ,רגיל,0,3.50,4.90,4.90,פירות וירקות ,יח',פירות וירקות ,
3142058,7290003287055,שיפודי פרגית 500 גרם ,רגיל,5,35.00,59.90,,בשרים ,יח',בשרים ,
3143146,7290003143146,ממרח תמרים גת 450 גרם,רגיל,21,4.90,9.90,10.90,מוצרי בית,יח',מוצרי בית,
3143368,7290003143368,מיני ריטר ,רגיל,0,1.19,1.90,1.90,חטיפים מתוקים ,יח',חטיפים מתוקים ,
3144310,7290003144310,ליימן גת- תערובת אגוזים וחמוציות (12)150ג,רגיל,0,11.70,17.90,17.90,פיצוחים,יח',פיצוחים,
3158164,7290003158164,פילו ריקוטה ,רגיל,14.000,20.00,0.00,,מוצרי שימוש מטבח -חנות ,ק"ג,מוצרי שימוש מטבח -חנות ,
3190103,3190103,נבטים סיניים ביחידה ,רגיל,0,4.90,7.90,7.90,פירות וירקות ,יח',פירות וירקות ,
3220113,7290003220113,סלק בואקום 500 גר,רגיל,9,5.43,7.90,7.90,פירות וירקות ,יח',פירות וירקות ,
3229116,7290003229116,פסטרמה הודו בדבש 400 ג,רגיל,0,20.90,31.90,31.90,נקיניקיות ,יח',נקיניקיות ,
3229147,3229147,סלמי איטלקי 300 גרם,רגיל,0,20.60,31.90,31.90,נקיניקיות ,יח',נקיניקיות ,
3230105,7290003230105,סלרי ביח - שדות בעמק ,רגיל,-3,5.00,5.90,5.90,פירות וירקות ,יח',פירות וירקות ,
3244331,7290003244331,קוביות עגבניות במיץ 800ג,רגיל,8,5.50,9.90,10.90,מוצרי בית,יח',מוצרי בית,
3332014,7290003332014,קפה נחלה 500 גרם ,רגיל,19,32.05,44.90,,מוצרי בית,יח',מוצרי בית,
3350101,3350101,פטריות ,רגיל,-34,8.00,10.90,10.90,פירות וירקות ,יח',פירות וירקות ,
3350702,3350702,פטריות - מיני חורש ,רגיל,-25,6.80,8.90,8.90,פירות וירקות ,יח',פירות וירקות ,
3360102,3360102,קורנית /טימין ביחידה ,רגיל,-3,4.90,6.90,6.90,פירות וירקות ,יח',פירות וירקות ,
3370102,3370102,רוקט רוקולה ארוז ,רגיל,6,9.60,11.90,11.90,פירות וירקות ,יח',פירות וירקות ,
3370301,3370301,רוקט רוקולה בתפזורת  ( שימוש מטבח ),רגיל,-4,22.00,25.96,25.96,פירות וירקות ,יח',פירות וירקות ,
3400500,03400500,הרשי ריסס חטיף נט ריג׳ס ,רגיל,0,3.00,5.90,5.90,חטיפים מתוקים ,יח',חטיפים מתוקים ,
3402809,03402809,הרשי ריסס מיניטוראס,רגיל,0,2.82,5.90,5.90,חטיפים מתוקים ,יח',חטיפים מתוקים ,
3431120,7290003431120,נקנקיות בקר מרגז,רגיל,-30.265,55.00,95.00,,מוצרי מקרר ,ק"ג,מוצרי מקרר ,
3438006,7290003438006,רוטב פסטו אוליביה 180 גר,רגיל,8,9.50,17.90,18.90,מוצרי בית,יח',מוצרי בית,
3438013,7290003438013,ממרח זיתים ירוקים 190גרם,רגיל,6,9.50,17.90,17.90,מוצרי בית,יח',מוצרי בית,
3438020,3438020,ממרח עגבניות מיובשות 190 ג,רגיל,0,9.50,17.90,18.90,מוצרי בית,יח',מוצרי בית,
3444009,03444009,חטיף ריסס שוקו חלב + חמאת בוטנים 42 גרם,רגיל,14,3.20,5.90,6.90,חטיפים מתוקים ,יח',חטיפים מתוקים ,
3456208,7290003456208,בונזו מולטיפאק 3*400 גרם - קתום ,רגיל,20,3.85,8.90,6.90,בעלי חיים ,יח',בעלי חיים ,
3456222,7290003456222,בונזו מולטיפאק 3*400 גרם - חום ,רגיל,66,3.85,8.90,6.90,בעלי חיים ,יח',בעלי חיים ,
3495023,7290003495023,מאפה שקדים חלבי אישי ,רגיל,0,0.00,0.00,0.00,מאפים (גדרון - שמרים ),יח',מאפים (גדרון - שמרים ),
3495030,7290003495030,מאפה שקדים במשקל ,רגיל,24.000,18.00,0.00,0.00,מוצרי שימוש מטבח -חנות ,ק"ג,מוצרי שימוש מטבח -חנות ,
3495405,7290003495405,בורקס פילאס פיצה זית משק ,רגיל,78.000,18.00,0.00,0.00,מאפים (גדרון - שמרים ),ק"ג,מאפים (גדרון - שמרים ),
3578177,7290003578177,תירס גמדי ויליפוד 410 גר,רגיל,19,5.70,8.80,9.80,מוצרי בית,יח',מוצרי בית,
3598311,7290003598311,מינוט סטייק אנטריקוט 300 גרם ,רגיל,2,21.00,37.90,,בשרים ,יח',בשרים ,
3643004,7290003643004,אורז בסמטי קלאסי בשקית 1 ק,רגיל,11,10.90,15.90,16.90,מוצרי בית,יח',מוצרי בית,
3643646,3643646,סוכר דמררה צנצנת 1 ק״ג,רגיל,13,9.60,15.90,14.90,מוצרי בית,יח',מוצרי בית,
3643714,7290003643714,חומוס 500 גרם,רגיל,10,5.90,11.90,12.80,מוצרי בית,יח',מוצרי בית,
3643738,7290003643738,חיטה 500 גרם,רגיל,7,3.10,8.90,6.80,מוצרי בית,יח',מוצרי בית,
3643752,7290003643752,עדשים ירוקות 500 גרם ,רגיל,6,6.20,8.90,12.90,מוצרי בית,יח',מוצרי בית,
3643769,7290003643769,עדשים אדומות 500 גרם ,רגיל,10,5.90,8.90,12.90,מוצרי בית,יח',מוצרי בית,
3800103,3800103,חטיפוני גזר 130 גרם ,רגיל,-12,6.00,12.90,12.90,פירות וירקות ,יח',פירות וירקות ,
3804320,7290003804320,תיבוליות קנור 72גר,רגיל,9,7.20,11.90,12.90,חטיפים מתוקים ,יח',חטיפים מתוקים ,
3804368,7290003804368,תיבוליות בזיליקום קנור 72,רגיל,11,7.20,11.90,12.90,חטיפים מתוקים ,יח',חטיפים מתוקים ,
3804382,7290003804382,תיבוליות פטריות קנור 72ג,רגיל,0,7.20,12.00,12.00,מוצרי מכולת ,יח',מוצרי מכולת ,
3882922,3882922,עלי גפן ממולאים אורז 400ג,רגיל,0,10.90,18.00,18.00,מוצרי מכולת ,יח',מוצרי מכולת ,
3903955,3903955,שוקולד קרם חלב 100 גרם,רגיל,39,6.70,9.90,10.90,חטיפים מתוקים ,יח',חטיפים מתוקים ,
4014407,4014407,m&m אדום,רגיל,0,2.00,5.90,5.90,חטיפים מתוקים ,יח',חטיפים מתוקים ,
4064099,7290004064099,מטחנה מלח הרי ההימלאיה,רגיל,2,9.20,18.00,18.00,מוצרי מכולת ,יח',מוצרי מכולת ,
4064174,7290004064174,מלח דק הימלאיה 1 ק״ג,רגיל,7,11.90,20.00,20.00,מוצרי מכולת ,יח',מוצרי מכולת ,
4064181,7290004064181,מלח גס הימלאיה 1 ק״ג,רגיל,7,11.90,20.00,20.00,מוצרי מכולת ,יח',מוצרי מכולת ,
4068172,7290004068172,יוגורט עיזים 600,רגיל,1,14.83,17.50,,מוצרי שימוש מטבח -חנות ,יח',מוצרי שימוש מטבח -חנות ,
4068516,7290004068516,גודה 26% פרוסה ,רגיל,12,40.60,47.91,47.91,מוצרי שימוש מטבח -חנות ,יח',מוצרי שימוש מטבח -חנות ,
4068875,7290004068875,גרנה פדנו שכבים ,רגיל,0,107.26,126.57,126.57,מוצרי שימוש מטבח -חנות ,יח',מוצרי שימוש מטבח -חנות ,
4119225,7290004119225,יופ. אננס %3,רגיל,-10,3.69,7.90,7.90,מוצרי מקרר ,יח',מוצרי מקרר ,
4119973,7290004119973,קרלו 125 גרם ,רגיל,4,2.26,3.50,,מוצרי מקרר ,יח',מוצרי מקרר ,
4120283,7290004120283,שקית שוקו,רגיל,0,2.24,3.90,,מוצרי מקרר ,יח',מוצרי מקרר ,
4120382,7290004120382,קרלו אקסטרא שוקלד ,רגיל,14,1.39,2.90,,מוצרי מקרר ,יח',מוצרי מקרר ,
4120566,7290004120566,בולגרית %24,רגיל,0,18.42,29.90,29.90,מוצרי מקרר ,יח',מוצרי מקרר ,
4120573,7290004120573,בולגרית %16,רגיל,0,18.42,25.90,25.90,מוצרי מקרר ,יח',מוצרי מקרר ,
4120634,7290004120634,בולגרית %5,רגיל,0,18.42,25.90,25.90,מוצרי מקרר ,יח',מוצרי מקרר ,
4121280,7290004121280,שמנת 9%חצי מנה,רגיל,0,1.13,1.90,1.90,מוצרי מקרר ,יח',מוצרי מקרר ,
4121839,7290004121839,פטה כבשים20% 250 גרם,רגיל,0,21.27,29.90,29.90,מוצרי מקרר ,יח',מוצרי מקרר ,
4121853,7290004121853,קוביות בול 5% פיראוס ,רגיל,3,16.58,21.90,21.90,מוצרי מקרר ,יח',מוצרי מקרר ,
4122195,7290004122195,גבינה צהובה גוש חלב 200 גרם 28%,רגיל,-1,10.00,15.90,15.90,מוצרי מקרר ,יח',מוצרי מקרר ,
4122195,7290004122195,גבינה צהובה גוש חלב 200 גרם 28%,רגיל,-1,11.37,15.90,15.90,מוצרי מקרר ,יח',מוצרי מקרר ,
4122683,7290004122683,אצבעות 28% עמק,רגיל,0,13.31,20.90,20.90,מוצרי מקרר ,יח',מוצרי מקרר ,
4125509,7290004125509,שמנ אורג 100,רגיל,1,1.39,2.90,3.90,מוצרי בית,יח',מוצרי בית,
4125585,4125585,1.10 ל וניל בוקר,רגיל,12,7.67,13.90,13.90,מוצרי בית,יח',מוצרי בית,
4126674,7290004126674,גבינת טל עמק לייט 9% 200 גרם,רגיל,11,15.51,23.90,23.90,מוצרי מקרר ,יח',מוצרי מקרר ,
4127329,7290004127329,קוטג 5% 250 ו. מהדרין,רגיל,-9,4.60,5.90,5.90,מוצרי מקרר ,יח',מוצרי מקרר ,
4127336,4127336,קוטג 9% 250 ו. מהדרין,רגיל,0,4.60,7.90,7.90,מוצרי מקרר ,יח',מוצרי מקרר ,
4127817,7290004127817, גבינה 9%-500 גרם ,רגיל,0,8.38,14.90,14.90,מוצרי מקרר ,יח',מוצרי מקרר ,
4128333,7290004128333,לאבנה פ 9% 500 ג,רגיל,0,16.43,22.90,22.90,מוצרי מקרר ,יח',מוצרי מקרר ,
4129101,7290004129101,נפוליאון טבעי 225 ג,רגיל,0,10.78,14.90,14.90,מוצרי מקרר ,יח',מוצרי מקרר ,
4129545,7290004129545,"גבינה לבנה 3%, 250 גרם",רגיל,0,4.14,5.80,,מוצרי מקרר ,יח',מוצרי מקרר ,
4130794,4130794,משקה סויה במתיקות,רגיל,0,7.67,11.90,11.90,מוצרי מקרר ,יח',מוצרי מקרר ,
4130916,4130916,יוגורת יופלה בטעם פירות יער,רגיל,28,3.69,6.90,6.90,מוצרי מקרר ,יח',מוצרי מקרר ,
4131814,7290004131814,צפתית 5% מעודנת,רגיל,0,11.80,20.90,20.90,מוצרי מקרר ,יח',מוצרי מקרר ,
4132606,4132606,מאגדת קרלו מיני,רגיל,0,9.75,16.90,16.90,מוצרי מקרר ,יח',מוצרי מקרר ,
4133160,7290004133160,קרלו אקסטרה וניל ,רגיל,10,1.39,2.90,,מוצרי מקרר ,יח',מוצרי מקרר ,
4135072,7290004135072,מיני וניל קרלו ,רגיל,0,11.17,17.90,,מוצרי מקרר ,יח',מוצרי מקרר ,
4135119,7290004135119,מיני וניל קרלו ,רגיל,0,11.17,17.90,,מוצרי מקרר ,יח',מוצרי מקרר ,
4136154,4136154,אייס קפה 340 בבקבוק,רגיל,1,5.34,8.90,8.90,מוצרי מקרר ,יח',מוצרי מקרר ,
4136598,7290004136598,"הפסקת אוכל קורנפלקס ומשקה וניל, 150 מ""ל",רגיל,0,6.72,9.90,,מוצרי מקרר ,יח',מוצרי מקרר ,
4136857,7290004136857,גלי פטל תנובה,רגיל,0,1.61,2.90,2.90,מוצרי מקרר ,יח',מוצרי מקרר ,
4137311,7290004137311,גבינת עמק לייט 9% פרוס 400 גרם,רגיל,0,25.49,34.90,,מוצרי מקרר ,יח',מוצרי מקרר ,
4137809,4137809,פיראוס לאבנה 250 ג 5%,רגיל,0,8.00,13.90,13.90,מוצרי מקרר ,יח',מוצרי מקרר ,
4170134,7290004170134,בורקס תפו"א גדול 170 גרם ,רגיל,0,2.00,0.00,0.00,מאפים (גדרון - שמרים ),יח',מאפים (גדרון - שמרים ),
4170141,7290004170141,בורקס גבינה גדול 160 גרם,רגיל,0,2.50,0.00,0.00,מאפים (גדרון - שמרים ),יח',מאפים (גדרון - שמרים ),
4219826,7290004219826,מלבין קפה קומפלטה 400 גרם,רגיל,3,16.90,29.90,29.90,מוצרי מקרר ,יח',מוצרי מקרר ,
4228804,7290004228804,עלי בצק למילוי סיגרים 45 ,רגיל,19,12.90,23.90,24.90,מוצרי בית,יח',מוצרי בית,
4263652,7290004263652,נקניקיות עוף 400 גרם,רגיל,6,9.50,19.90,,קפואים מצוננים ,יח',קפואים מצוננים ,
4480424,7290004480424,פרוסה צידר 500,רגיל,3,31.77,37.49,37.49,מוצרי שימוש מטבח -חנות ,יח',מוצרי שימוש מטבח -חנות ,
4496074,7290004496074,חומוס אסלי 650גרם ,רגיל,0,7.45,12.90,,מוצרי מקרר ,יח',מוצרי מקרר ,
4496111,7290004496111,חציל במיונז 360 גרם ,רגיל,0,8.14,12.90,,מוצרי מקרר ,יח',מוצרי מקרר ,
4496142,7290004496142,טחינה  360 גרם ,רגיל,0,8.14,12.90,,מוצרי מקרר ,יח',מוצרי מקרר ,
4496159,7290004496159,כרוב אדום  360 גרם ,רגיל,0,8.14,12.90,,מוצרי מקרר ,יח',מוצרי מקרר ,
4496173,7290004496173,טורקי  360 גרם ,רגיל,0,8.14,12.90,,מוצרי מקרר ,יח',מוצרי מקרר ,
4496180,7290004496180,תירס  360 גרם ,רגיל,-1,8.14,12.90,,מוצרי מקרר ,יח',מוצרי מקרר ,
4496517,7290004496517,חומוס אסלי 160 גרם ,רגיל,0,3.76,5.90,,מוצרי מקרר ,יח',מוצרי מקרר ,
4496586,7290004496586,טחינה  160 גרם ,רגיל,0,3.76,5.90,,מוצרי מקרר ,יח',מוצרי מקרר ,
4496593,7290004496593,חציל במיונז 160 גרם ,רגיל,0,3.76,5.90,,מוצרי מקרר ,יח',מוצרי מקרר ,
4496616,7290004496616,כרוב אדום 160 גרם ,רגיל,0,3.76,5.90,,מוצרי מקרר ,יח',מוצרי מקרר ,
4496623,7290004496623,טורקי  160 גרם ,רגיל,0,3.76,5.90,,מוצרי מקרר ,יח',מוצרי מקרר ,
4496852,7290004496852,מסבחה 160 גרם ,רגיל,0,3.76,5.90,,מוצרי מקרר ,יח',מוצרי מקרר ,
4496944,7290004496944,תירס 160 גרם ,רגיל,0,3.76,5.90,,מוצרי מקרר ,יח',מוצרי מקרר ,
4504076,7290004504076,רוגלך גדול מנה אישית 50 יח,רגיל,50,2.30,0.00,,מאפים (גדרון - שמרים ),יח',מאפים (גדרון - שמרים ),
4554293,7290004554293,קרטיב ענבים ,רגיל,0,1.98,3.90,3.90,גלידות ,יח',גלידות ,
4563247,9901384,משמש יבשים,רגיל,10,10.25,15.90,,פיצוחים,יח',פיצוחים,
4685478,4685478,פיתות כוסמין,רגיל,-1,14.91,20.00,20.00,מוצרי מכולת ,יח',מוצרי מכולת ,
4725846,4725846,חריץ גאודה,רגיל,0,20.00,53.51,53.51,מוצרי מכולת ,יח',מוצרי מכולת ,
4737443,7290004737443,פירות 820 גרם,רגיל,11,6.50,11.90,12.90,מוצרי בית,יח',מוצרי בית,
4846909,7290004846909,המבורגר אסאדו,רגיל,12,20.90,37.90,,מוצרי מקרר ,יח',מוצרי מקרר ,
4943677,7290004943677,מילוטל צ'יפס קלאסי 1.5 ק"ג,רגיל,2,14.70,29.90,,קפואים מצוננים ,יח',קפואים מצוננים ,
5082948,7290005082948,שומשום מנופה לציפוי 5 ק"ג ,רגיל,1,110.04,0.00,0.00,קפואים מצוננים ,יח',קפואים מצוננים ,
5095801,7290005095801,עמבה תמר עם פרי 500 גרם,רגיל,12,7.70,13.90,,מוצרי מכולת ,יח',מוצרי מכולת ,
5278211,7290005278211,סחוט לימונדה ברי 500 מ"ל,רגיל,9,7.50,12.90,,משקאות ,יח',משקאות ,
5278280,7290005278280,לימונדה גינגיר 250 מ"ל ,רגיל,12,8.90,13.90,14.90,משקאות טבעיות ,יח',משקאות טבעיות ,
5278341,7290005278341,תפוח אוכמניות 250 מ"ל,רגיל,0,7.00,13.90,14.90,משקאות טבעיות ,יח',משקאות טבעיות ,
5278457,7290005278457,תפוח דובדובן 250 מ"ל ,רגיל,20,8.90,13.90,14.90,משקאות טבעיות ,יח',משקאות טבעיות ,
5287534,7290005287534,ס.ק טונה בשמן בטעם מעושן 160 גרם,רגיל,20,5.94,9.90,,מוצרי מכולת ,יח',מוצרי מכולת ,
5326387,5326387,עגבניות מיובש+שמן זית 270 מ"ל,רגיל,0,12.20,19.90,20.90,מוצרי בית,יח',מוצרי בית,
5326585,7290005326585,פסטו בזילקים ,רגיל,1,9.21,13.90,,מוצרי מקרר ,יח',מוצרי מקרר ,
5431937,7290005431937,טירמיסו,רגיל,4,5.04,7.90,7.90,מוצרי מקרר ,יח',מוצרי מקרר ,
5431968,5431968,מלבי שמנת,רגיל,0,5.75,9.90,9.90,מוצרי מקרר ,יח',מוצרי מקרר ,
5552221,5552221,שמרפף,רגיל,0,4.00,12.00,12.00,מוצרי מכולת ,יח',מוצרי מכולת ,
5559990,7290005559990,בצק פילאס תורקי 600 גרם ,רגיל,15,15.90,27.90,28.90,קפואים מצוננים ,יח',קפואים מצוננים ,
5605895,7290005605895,פאנטה אקזוטי 500 מ"ל ,רגיל,38,3.58,7.90,8.90,משקאות ,יח',משקאות ,
5651069,7290005651069,לה קט מיקס 2.85 ק"ג,רגיל,0,39.80,74.90,,בעלי חיים ,יח',בעלי חיים ,
5651366,7290005651366,בונזו בקר וכבד 3 ק"ג,רגיל,2,28.68,50.00,,בעלי חיים ,יח',בעלי חיים ,
5838002,7290005838002,דאניל וניל ,רגיל,28,2.89,4.90,4.90,מוצרי מקרר ,יח',מוצרי מקרר ,
5854040,7290005854040,קרטיב משמש,רגיל,0,1.98,4.00,,גלידות ,יח',גלידות ,
5854569,7290005854569,שוקו בננה ,רגיל,-3,3.98,6.90,6.90,גלידות ,יח',גלידות ,
5854606,7290005854606,קרטיב אננס ,רגיל,1,1.89,4.00,,גלידות ,יח',גלידות ,
5854613,7290005854613,קרטיב תותי ,רגיל,0,1.98,3.90,3.90,גלידות ,יח',גלידות ,
5888888,5888888,מאפה + קפה ב 2 שחהטבת הצטרפות,רגיל,0,2.00,2.00,2.00,מוצרי מכולת ,יח',מוצרי מכולת ,
5992735,7290005992735, לאבנה 250 גרם,רגיל,0,10.19,16.40,16.40,מוצרי מקרר ,יח',מוצרי מקרר ,
5992858,7290005992858,פטה 5% עיזים 4 קג ,רגיל,8,92.12,108.70,108.70,מוצרי שימוש מטבח -חנות ,יח',מוצרי שימוש מטבח -חנות ,
6210654,7290006210654,עוגת תפוח עץ 6 קג ,רגיל,0,104.02,122.74,,מוצרי שימוש מטבח -חנות ,יח',מוצרי שימוש מטבח -חנות ,
6229427,7290006229427,שישית סן בנדיטו 500 מ"ל,רגיל,36,36.65,0.00,,משקאות ,יח',משקאות ,
6241191,7290006241191,ליימן גת-אגוז מלך * 150,רגיל,1,11.90,18.85,18.85,מוצרי  אלקטרונים ,יח',מוצרי  אלקטרונים ,
6251275,7290006251275,תה ירוק סיני קלאסי 25*1.5,רגיל,13,16.90,27.90,27.90,מוצרי בית,יח',מוצרי בית,
6251374,7290006251374,תה ירוק לימונית+ג׳ינגר25,רגיל,2,16.90,27.90,27.90,מוצרי בית,יח',מוצרי בית,
6271174,7290006271174,ג׳חנון בצק לאפיה 700גרם ,רגיל,-2,9.40,17.90,18.90,קפואים מצוננים ,יח',קפואים מצוננים ,
6271181,7290006271181,ג׳חנון אפוי מעדנות 750גר ,רגיל,0,14.90,27.90,28.90,קפואים מצוננים ,יח',קפואים מצוננים ,
6324895,6324895,לחם מחמצת אגוזים וצימוקים,רגיל,0,10.00,25.00,25.00,מוצרי מכולת ,יח',מוצרי מכולת ,
6374684,7290006374684,שמן זית קלאסי 500 מ״ל,רגיל,0,25.90,37.90,21.90,מוצרי בית,יח',מוצרי בית,
6374738,7290006374738,תות 340 גרם,רגיל,3,11.80,17.90,17.90,מוצרי בית,יח',מוצרי בית,
6390806,7290006390806,חצי גבטה ,רגיל,0,2.60,3.07,3.07,מאפים (גדרון - שמרים ),יח',מאפים (גדרון - שמרים ),
6390813,7290006390813,חצי גבטה כפרי ,רגיל,0,2.60,3.07,3.07,מאפים (גדרון - שמרים ),יח',מאפים (גדרון - שמרים ),
6448026,6448026,נפוליאון גבינת שמנת,רגיל,0,32.23,42.00,42.00,מוצרי מקרר ,יח',מוצרי מקרר ,
6459350,7290006459350,נפנף GRILL,רגיל,6,2.20,4.90,,מוצרי מכולת ,יח',מוצרי מכולת ,
6459442,7290006459442,מנגל קטן ארוז בקרטון שקד,רגיל,4,16.90,29.90,,מוצרי חצר תחנה ,יח',מוצרי חצר תחנה ,
6492432,6492432, מוצרלה בייבי 150,רגיל,0,12.79,23.90,23.90,מוצרי מקרר ,יח',מוצרי מקרר ,
6492616,7290006492616, בולגרית פרוסות 5,רגיל,-1,22.60,37.90,37.90,מוצרי מקרר ,יח',מוצרי מקרר ,
6567048,7290006567048,פתיתי קוסקוס 350 גרם,רגיל,9,5.30,12.00,12.00,מוצרי מכולת ,יח',מוצרי מכולת ,
6618085,7290006618085,אסטוניש מרסס חדר אמבט750,רגיל,6,6.50,11.90,12.90,מוצרי בית,יח',מוצרי בית,
6618146,7290006618146,הפי מדליק פחם נוזלי 500 מ,רגיל,22,10.90,17.90,,מוצרי שימוש מטבח -חנות ,יח',מוצרי שימוש מטבח -חנות ,
6644817,6644817,רבעיית סודה,רגיל,0,6.00,10.90,11.90,משקאות ,יח',משקאות ,
6653857,7290006653857,דובונים ארנבונים 40 גרם,רגיל,23,3.20,6.90,,חטיפים מלוחים ,יח',חטיפים מלוחים ,
6739346,7290006739346,נקניקיות מבשר פרגיות 400 גרם ,רגיל,0,16.94,19.90,19.90,נקיניקיות ,יח',נקיניקיות ,
6739414,7290006739414,סלמי קוניאק  300גר,רגיל,0,26.73,31.90,31.90,נקיניקיות ,יח',נקיניקיות ,
6739421,7290006739421,סלמי מעושן איטלקי 300 גרם ,רגיל,0,27.74,31.90,31.90,נקיניקיות ,יח',נקיניקיות ,
6739445,7290006739445,שניצל תירס קלאסי 750 גרם ,רגיל,4,19.90,35.90,36.90,קפואים מצוננים ,יח',קפואים מצוננים ,
6739544,7290006739544,כתף בקר 300 גר ,רגיל,0,31.97,39.90,39.90,נקיניקיות ,יח',נקיניקיות ,
6742278,7290006742278,פסטרמה גחלים 300 גרם ,רגיל,0,27.74,31.90,31.90,נקיניקיות ,יח',נקיניקיות ,
6742292,7290006742292,פסטרמה בדבש גרם 330,רגיל,0,27.74,31.90,31.90,נקיניקיות ,יח',נקיניקיות ,
6742315,7290006742315,פסטרמה ברביקיו 330 גרם ,רגיל,0,27.74,31.90,31.90,נקיניקיות ,יח',נקיניקיות ,
6775191,7290006775191,אחווה שוקלד במילוי,רגיל,118,0.89,2.90,2.90,חטיפים מתוקים ,יח',חטיפים מתוקים ,
6775801,7290006775801,אחוה רוגלך 400 ג,רגיל,0,8.75,10.90,10.90,חטיפים מתוקים ,יח',חטיפים מתוקים ,
6788481,7290006788481,דאו. קרליין 200SUNRISE,רגיל,4,7.90,15.90,16.90,מוצרי ניקיון ו טיפוח אישי,יח',מוצרי ניקיון ו טיפוח אישי,
6788498,6788498,דאו. קרליין ספרי 200 PURE,רגיל,-1,7.90,15.90,16.90,מוצרי ניקיון ו טיפוח אישי,יח',מוצרי ניקיון ו טיפוח אישי,
6805850,7290006805850,תערובת להכנת פנקייק 440גר,רגיל,0,12.90,24.00,24.00,מוצרי מכולת ,יח',מוצרי מכולת ,
6894021,7290006894021,אריזה גלידה שפרעם ,רגיל,9,25.00,36.90,36.90,גלידות ,יח',גלידות ,
6894045,7290006894045,מנה אישית גלידה שפרעם ,רגיל,38,6.00,9.90,9.90,גלידות ,יח',גלידות ,
6894120,7290006894120,אריזה גלידה בטעם כנאפה 750 מ"ל ,רגיל,8,19.00,29.90,29.90,גלידות ,יח',גלידות ,
6930622,6930622,צאם ביצה קשה 100 יח 4.7קג ,רגיל,0,138.16,163.03,163.03,מוצרי שימוש מטבח -חנות ,יח',מוצרי שימוש מטבח -חנות ,
6983152,7290006983152,אסם קרטונים מתובלים ,רגיל,-3,15.61,24.00,,מוצרי מכולת ,יח',מוצרי מכולת ,
6992864,7290006992864,לה קט חתלתולים 2.85 ק"ג,רגיל,1,39.80,74.90,,בעלי חיים ,יח',בעלי חיים ,
7065007,7290017065007, פרוסות מוצרלה 20,רגיל,0,15.13,27.90,27.90,מוצרי מקרר ,יח',מוצרי מקרר ,
7065168,7065168,גבינה כחולה 100,רגיל,-7,14.88,17.56,17.56,מוצרי שימוש מטבח -חנות ,יח',מוצרי שימוש מטבח -חנות ,
7065236,7290017065236,"גבינה בולגרית מעודנת 24%, 250 גרם",רגיל,1,19.86,35.90,35.90,מוצרי מקרר ,יח',מוצרי מקרר ,
7903056,6972007903056,גומי מתקלף מיקס חיות יבשה 60 גר' (50),רגיל,0,6.65,10.90,10.90,חטיפים מתוקים ,יח',חטיפים מתוקים ,
7998773,7998773,אוזניה AURPOD3,רגיל,0,200.00,449.90,449.90,אבזרי סלולר ו חשמל ,יח',אבזרי סלולר ו חשמל ,
8001355,8001355,לוקיר אישי צהוב - 25 G,רגיל,0,0.50,3.90,3.90,אבזרי סלולר ו חשמל ,יח',אבזרי סלולר ו חשמל ,
8101318,7290008101318,פירורי לחם קריספ זהוב 300,רגיל,8,4.90,7.90,7.90,מוצרי מכולת ,יח',מוצרי מכולת ,
8116565,7290008116565,מי פה ליסטרין פרש 500מ״ל,רגיל,0,13.90,23.90,24.90,מוצרי ניקיון ו טיפוח אישי,יח',מוצרי ניקיון ו טיפוח אישי,
8343466,7290008343466,בצק פילו 500 גרם ,רגיל,11,13.90,27.90,28.90,קפואים מצוננים ,יח',קפואים מצוננים ,
8343558,7290008343558,סיגרים בשר 1 ק'ג שלושת ,רגיל,4,15.00,25.90,26.90,קפואים מצוננים ,יח',קפואים מצוננים ,
8343565,7290008343565,סיגרים תפו״א 1 ק"ג,רגיל,6,15.00,25.90,26.90,קפואים מצוננים ,יח',קפואים מצוננים ,
8343619,7290008343619,פסטלים תפו״א 1קג משלושי ,רגיל,0,15.00,25.90,26.90,קפואים מצוננים ,יח',קפואים מצוננים ,
8367240,7290008367240,עוגת דבש ,רגיל,0,16.00,22.00,22.00,מאפים (גדרון - שמרים ),יח',מאפים (גדרון - שמרים ),
8367875,7290008367875,בורקס שבלול גבינה ,רגיל,0,0.00,0.00,0.00,מאפים (גדרון - שמרים ),יח',מאפים (גדרון - שמרים ),
8367905,7290008367905,בורקס שבלול פיצה ,רגיל,0,0.00,0.00,0.00,מאפים (גדרון - שמרים ),יח',מאפים (גדרון - שמרים ),
8415576,7290008415576,צבר חומוס 850 גרם ,רגיל,-2,10.56,17.90,17.90,מוצרי מקרר ,יח',מוצרי מקרר ,
8464611,7290008464611,סודה 275 מ"ל ,רגיל,32,2.50,5.90,7.00,משקאות ,יח',משקאות ,
8593168,7290008593168,גבינה 400 גר ערבית,רגיל,0,18.00,26.90,26.90,מוצרי מקרר ,יח',מוצרי מקרר ,
8593267,7290008593267,לבנה כדורים 400 ג,רגיל,0,18.00,30.90,30.90,מוצרי מקרר ,יח',מוצרי מקרר ,
8593274,7290008593274,יוגורט,רגיל,0,12.20,18.90,18.90,מוצרי מקרר ,יח',מוצרי מקרר ,
8593595,7290008593595,גבינה מלוחה 400 גרם מלוח ,רגיל,0,18.40,26.90,26.90,מוצרי מקרר ,יח',מוצרי מקרר ,
8757003,7290008757003,שפס. ג׳נג׳ר 250 זכ פק,רגיל,0,4.14,7.90,8.90,משקאות ,יח',משקאות ,
8757027,7290008757027,שוופס טוניק פק,רגיל,1,4.14,7.90,8.90,משקאות ,יח',משקאות ,
8806961,7290008806961,קרמיסימו שוקלד ציבס ,רגיל,0,21.46,31.90,31.90,גלידות ,יח',גלידות ,
8975780,7290008975780,בונזו גזע קטן 3 ק"ג,רגיל,2,28.68,50.00,,בעלי חיים ,יח',בעלי חיים ,
9396751,7290009396751,סירופ סוכר למאפים 6 ליטר ,רגיל,3,50.40,0.00,0.00,מאפים (גדרון - שמרים ),יח',מאפים (גדרון - שמרים ),
9397437,7290009397437,נייר אפיה 500,רגיל,0,113.08,133.43,,מוצרי שימוש מטבח -חנות ,יח',מוצרי שימוש מטבח -חנות ,
9398618,7290009398618,סןפגניה גדולה ריבה ,רגיל,0,1.85,0.00,,מאפים (גדרון - שמרים ),יח',מאפים (גדרון - שמרים ),
9635383,7290019635383, שמנת ריבת בצל 20,רגיל,0,11.56,18.90,18.90,מוצרי מקרר ,יח',מוצרי מקרר ,
9801790,9801790,מבצע אגוז אמריקאי,רגיל,2,8.54,15.90,,פיצוחים,יח',פיצוחים,
9901001,9901001,מבצע שקים טבעי,רגיל,3,9.32,15.90,,פיצוחים,יח',פיצוחים,
9901209,000009901209,תערובת אגוזים,רגיל,-2,11.11,17.90,17.90,פיצוחים,יח',פיצוחים,
9901223,9901223,מבצע אגוז פקאן,רגיל,10,10.99,15.90,,פיצוחים,יח',פיצוחים,
9901315,000009901315,תערובת לסלט,רגיל,3,10.15,18.00,18.00,פיצוחים,יח',פיצוחים,
9901360,9901360,מבצע חמוציות שלמות,רגיל,10,8.54,14.90,,פיצוחים,יח',פיצוחים,
9901391,9901391,מבצע תמר מגהול,רגיל,3,16.61,21.90,,פיצוחים,יח',פיצוחים,
9911111,9911111,לימונדה גרוס,רגיל,0,8.00,11.90,12.90,משקאות ,יח',משקאות ,
9911112,9911112,לימונדה טבעי,רגיל,0,8.00,9.90,10.90,משקאות ,יח',משקאות ,
9911113,9911113,מיץ תפוזים טבעי,רגיל,0,8.00,11.90,12.90,משקאות ,יח',משקאות ,
9911114,9911114,מיץ גזר טבעי,רגיל,0,6.00,11.90,12.90,משקאות ,יח',משקאות ,
9911115,9911115,מיץ תפוחי עץ טבעי,רגיל,0,6.00,12.00,12.00,מוצרי מכולת ,יח',מוצרי מכולת ,
9911116,9911116,נס קפה קטן,רגיל,-971,2.29,10.00,10.00,מחלקת -Barista ,יח',מחלקת -Barista ,
9911117,9911117,מקיאטו ,רגיל,-625,1.42,10.00,10.00,מחלקת -Barista ,יח',מחלקת -Barista ,
9911118,9911118,אמריקנו קטן,רגיל,-186,1.70,10.00,10.00,מחלקת -Barista ,יח',מחלקת -Barista ,
9911119,9911119,אמריקנו גדול,רגיל,-93,1.85,12.00,12.00,מחלקת -Barista ,יח',מחלקת -Barista ,
9911120,9911120,שוקו חם קטן ,רגיל,-257,2.07,8.00,8.00,מחלקת -Barista ,יח',מחלקת -Barista ,
9911123,9911123,מארז 5 פיתות,רגיל,0,2.00,5.00,5.00,מוצרי מכולת ,יח',מוצרי מכולת ,
9911125,9911125,מארז 5 לחמניות,רגיל,0,0.00,4.00,4.00,מוצרי מכולת ,יח',מוצרי מכולת ,
9923353,7290009923353,פקדון זכוכית/פח לכל פרטים,רגיל,72,0.26,0.30,,פיקדון  ו משטחים - ארגזים ,יח',פיקדון  ו משטחים - ארגזים ,
9957792,7290009957792,מאפה לחמניית פרצלה יחידה ,רגיל,720,1.90,2.25,2.25,מאפים (גדרון - שמרים ),יח',מאפים (גדרון - שמרים ),
10002078,7290010002078,פלפל שחור טחון 100 גרם,רגיל,5,9.50,15.90,,מוצרי מכולת ,יח',מוצרי מכולת ,
10002108,7290010002108,פלפל שחור גרוס גס 90 גרם,רגיל,5,9.50,15.90,,מוצרי מכולת ,יח',מוצרי מכולת ,
10259823,7290010259823,מנת השף נודלס בטעם עוף - מנת השף,רגיל,0,3.70,7.90,,מוצרי בית,יח',מוצרי בית,
10259830,7290010259830,מנת השף נודלס בטעם סיני - מנת השף,רגיל,1,3.70,7.90,,מוצרי בית,יח',מוצרי בית,
10259847,7290010259847,מנת השף נודלס בטעם תירס - מנת השף,רגיל,0,3.70,7.90,,מוצרי בית,יח',מוצרי בית,
10259854,7290010259854,מנת השף נודלס טעם פטריות - מנת השף,רגיל,0,3.70,7.90,,מוצרי בית,יח',מוצרי בית,
10320591,7290110320591,בול. 16% במרקם מעודן,רגיל,2,18.42,25.90,25.90,מוצרי מקרר ,יח',מוצרי מקרר ,
10320850,7290110320850,פתיתי עמק 200 גרם,רגיל,0,12.23,24.90,24.90,מוצרי מקרר ,יח',מוצרי מקרר ,
10321697,7290110321697,יופ גו יוגרט אפרסק ,רגיל,12,4.39,6.50,6.50,מוצרי מקרר ,יח',מוצרי מקרר ,
10321703,7290110321703,יו פ גו יוגרט פ.יער ,רגיל,0,4.39,6.50,6.50,מוצרי מקרר ,יח',מוצרי מקרר ,
10323301,10323301,העמק תנובה אמנטל,רגיל,9,14.98,24.00,24.00,מוצרי מכולת ,יח',מוצרי מכולת ,
10323592,7290110323592,יופ גו יוגרט לייט אפרסק ,רגיל,0,4.39,6.50,6.50,מוצרי מקרר ,יח',מוצרי מקרר ,
10324070,7290110324070,גבינת חלומי מחלב בקר,רגיל,0,15.61,25.50,25.50,מוצרי מקרר ,יח',מוצרי מקרר ,
10324353,10324353,יופלה גו יוגורט מעושר בחלבון טעם אננס,רגיל,0,4.18,7.90,7.90,מוצרי מקרר ,יח',מוצרי מקרר ,
10324773,7290110324773,משקה תנובה GO בטעם וניל 340 מל,רגיל,17,5.89,8.90,8.90,מוצרי מקרר ,יח',מוצרי מקרר ,
10325114,7290110325114,מש יוג GO תות בננה,רגיל,27,4.84,7.90,7.90,מוצרי מקרר ,יח',מוצרי מקרר ,
10325121,7290110325121,מש יוג GO מנגו אננס,רגיל,1,4.84,7.90,7.90,מוצרי מקרר ,יח',מוצרי מקרר ,
10325619,10325619,משקה שיבולת שועל אגוז,רגיל,28,8.82,12.90,12.90,מוצרי מקרר ,יח',מוצרי מקרר ,
10325626,7290110325626,משקה שקדים ללא סוכר,רגיל,1,8.82,12.90,12.90,מוצרי מקרר ,יח',מוצרי מקרר ,
10325893,7290110325893,"משקה GO בטעם אייס קפה, 340 מ""ל ",רגיל,12,5.89,8.90,8.90,מוצרי מקרר ,יח',מוצרי מקרר ,
10326173,10326173,יולו קוקיז,רגיל,0,3.55,7.50,7.50,מוצרי מכולת ,יח',מוצרי מכולת ,
10327033,10327033,משקה סויה מועשר בחלבון,רגיל,0,8.82,15.00,15.00,מוצרי מכולת ,יח',מוצרי מכולת ,
10327514,10327514,משקה שחבולת שועל אלטרנטיב,רגיל,0,8.82,15.00,15.00,מוצרי מכולת ,יח',מוצרי מכולת ,
10328023,10328023,משקה סויה מועש חלבון,רגיל,0,0.00,10.00,10.00,מוצרי מכולת ,יח',מוצרי מכולת ,
10328627,7290110328627,"גו במרקם סמיך בטעם בננה קרמל 0%, 200 גרם",רגיל,30,4.39,6.50,6.50,מוצרי מקרר ,יח',מוצרי מקרר ,
10328900,10328900,נפליון גבינת שמנת,רגיל,0,6.00,14.00,14.00,מוצרי מכולת ,יח',מוצרי מכולת ,
10329730,729110329730,קפה קר בטעם לאטה שוקולד,רגיל,0,4.80,10.00,10.00,מוצרי מכולת ,יח',מוצרי מכולת ,
10329952,10329952,יוגורט גו סמיך קוקוס 0.4%,רגיל,24,4.39,6.50,6.50,מוצרי מכולת ,יח',מוצרי מכולת ,
10426010,7290010426010,גבינה 700 גרם קו,רגיל,-4,30.93,43.90,,מוצרי מקרר ,יח',מוצרי מקרר ,
10426218,10426218,יוגרט כבשים 1 ליטר ,רגיל,6,11.86,17.90,,מוצרי מקרר ,יח',מוצרי מקרר ,
10426263,7290010426263,יוגרט איירן ,רגיל,21,3.22,5.90,,מוצרי מקרר ,יח',מוצרי מקרר ,
10426416,7290010426416,איירו משקה 1 לטר,רגיל,0,8.47,13.00,,מוצרי שימוש מטבח -חנות ,יח',מוצרי שימוש מטבח -חנות ,
10609000,7290010609000,מיני טרופיקש 200 מ״ל  ,רגיל,-97,0.97,1.90,2.90,משקאות ,יח',משקאות ,
10886210,7290010886210,זיקוק 18 ס"מ עבה צבעוני,רגיל,8,10.00,17.90,,מוצרי יום הולדת ו מתנות ,יח',מוצרי יום הולדת ו מתנות ,
10958010,7290109580104,זוגלובק פרימיום רוסטביף ,רגיל,0,21.29,32.90,32.90,נקיניקיות ,יח',נקיניקיות ,
11111111,11111111,Light Balloon,רגיל,50,6.00,20.00,,תכשיטים לילדות קטנות ,יח',תכשיטים לילדות קטנות ,
11124316,11124316,מטען קיר ראש PD 20 W,רגיל,0,13.00,44.90,44.90,אבזרי סלולר ו חשמל ,יח',אבזרי סלולר ו חשמל ,
11124317,11124317,מטען קיר TYPE C TO IP,רגיל,0,35.00,79.90,79.90,אבזרי סלולר ו חשמל ,יח',אבזרי סלולר ו חשמל ,
11124318,11124318,מטען קיר ראשTYPEC TO TYPE C,רגיל,0,0.00,80.00,80.00,מוצרי מכולת ,יח',מוצרי מכולת ,
11214012,7290011214012,לחם קסטן עם דגנים גדול  פרוס ,רגיל,28,30.00,0.00,0.00,מאפים (גדרון - שמרים ),יח',מאפים (גדרון - שמרים ),
11402129,7290011402129,מילוטל צ'יפס פלחים 1 ק"ג,רגיל,10,11.64,24.90,,מוצרי מקרר ,יח',מוצרי מקרר ,
11463083,7290011463083,משקה גולד תמר הנדי,רגיל,-56,0.62,1.90,,משקאות ,יח',משקאות ,
11515911,7290011515911,מאגדת ריבת חלב לייט,רגיל,6,23.72,39.90,,גלידות ,יח',גלידות ,
11889289,7290011889289,קרטיב משמש ,רגיל,0,1.98,4.00,,גלידות ,יח',גלידות ,
11964702,7290011964702,תיבול לשווארמה,רגיל,5,5.50,11.90,,מוצרי מכולת ,יח',מוצרי מכולת ,
12226120,7290012226120,קבנוס 135 גרם ,רגיל,0,8.71,13.90,13.90,נקיניקיות ,יח',נקיניקיות ,
12227653,7290012227653,חרמון עוף והודו וואקום 400 ג,רגיל,0,16.54,23.90,23.90,נקיניקיות ,יח',נקיניקיות ,
12227660,7290012227660,סלמי תה מעושן וואקם 400 גרם ,רגיל,0,16.54,23.90,23.90,נקיניקיות ,יח',נקיניקיות ,
12227912,7290012227912,קבנוס מעודן 135 גרם ,רגיל,0,10.20,15.90,15.90,נקיניקיות ,יח',נקיניקיות ,
12227974,7290012227974,פסטרמה בדבש גר דק 120 ג,רגיל,0,12.29,16.90,16.90,נקיניקיות ,יח',נקיניקיות ,
12227981,7290012227981,פסטרמה ברביקיו,רגיל,0,12.29,16.90,16.90,מוצרי מקרר ,יח',מוצרי מקרר ,
12227998,7290012227998,חזה בקר 120 גרם ,רגיל,0,12.29,16.90,16.90,נקיניקיות ,יח',נקיניקיות ,
12228261,7290012228261,פרימיום קנקרס נקניקיות עוף והודו 300 גרם ,רגיל,0,16.20,24.90,24.90,נקיניקיות ,יח',נקיניקיות ,
12404955,12404955,נקטר חמוציות 1.25,רגיל,0,8.77,11.90,12.90,משקאות ,יח',משקאות ,
12645389,7290012645389,יוגורט עיזים ,רגיל,0,16.78,22.90,,מוצרי מקרר ,יח',מוצרי מקרר ,
12884986,7290012884986,תפוגן ציפס 1 לתנור קג ,רגיל,0,21.80,30.90,31.90,קפואים מצוננים ,יח',קפואים מצוננים ,
12901355,7290012901355,פסטה דודלס וגבינה 206 גרם,רגיל,24,7.85,14.90,,מוצרי מכולת ,יח',מוצרי מכולת ,
12938405,7290012938405,"רדיד אלומיניום עבה במיוחד, 7 מטר ",רגיל,3,11.90,21.90,21.90,מוצרי בית,יח',מוצרי בית,
13269621,7290013269621,נוזל רצפות מלון בוטיק 2 ליטר,רגיל,8,12.90,22.90,,מוצרי ניקיון ו טיפוח אישי,יח',מוצרי ניקיון ו טיפוח אישי,
13310576,7290013310576,כוסות נייר 240 מ"ל 50 יח",רגיל,6,3.20,6.90,,חד פעמי,יח',חד פעמי,
13531759,7290013531759,שעועית אפויה במים,רגיל,12,6.20,11.90,,מוצרי מכולת ,יח',מוצרי מכולת ,
13608864,7290013608864,פרימור פירות הדר סחוט 1 ליטר,רגיל,1,9.02,16.90,,משקאות ,יח',משקאות ,
13787392,7290013787392,רביולי במילוי גבינות ,רגיל,0,17.83,26.90,,מוצרי מקרר ,יח',מוצרי מקרר ,
13787408,7290013787408,רביולי בטטה ,רגיל,0,17.83,26.90,,מוצרי מקרר ,יח',מוצרי מקרר ,
13906441,7290013906441,קבנוס 120 גרם ,רגיל,0,8.20,17.90,17.90,נקיניקיות ,יח',נקיניקיות ,
13985002,7290013985002,בורקס לוינסקי גבינה 580 גרם,רגיל,5,23.63,44.90,,מוצרי מקרר ,יח',מוצרי מקרר ,
13985057,7290013985057,בורקס לוינסקי תפוח אדמה 580 גרם,רגיל,5,23.63,44.90,,מוצרי מקרר ,יח',מוצרי מקרר ,
13985071,7290013985071,בורקס לוינסקי גבינה ותרד 580 גרם,רגיל,6,23.63,44.90,,מוצרי מקרר ,יח',מוצרי מקרר ,
13985088,7290013985088,בורקס לוינסקי תרד 580 גרם,רגיל,8,23.63,44.90,,מוצרי מקרר ,יח',מוצרי מקרר ,
14007702,1400702,פלפל טינקרבל  - פלפלון,רגיל,-46,7.50,9.90,9.90,פירות וירקות ,יח',פירות וירקות ,
14094260,7290014094260,שום מקולף ,רגיל,-2,8.00,13.90,13.90,פירות וירקות ,יח',פירות וירקות ,
14217027,7290014217027,תערובת תיבול עוף,רגיל,3,5.50,11.90,,מוצרי מכולת ,יח',מוצרי מכולת ,
14217065,7290014217065,אורגנו במיכל,רגיל,5,5.50,11.90,,מוצרי מכולת ,יח',מוצרי מכולת ,
14459632,7290014459632,טוגן 1.5 ק"ג ,רגיל,7,17.08,28.90,29.90,קפואים מצוננים ,יח',קפואים מצוננים ,
14581319,7290014581319,מנגל פח מנגלון הלהבה,רגיל,32,26.00,45.90,,מוצרי חצר תחנה ,יח',מוצרי חצר תחנה ,
14648937,7290014648937,קיסמי שיניים משולבים עם חוט דנטלי,רגיל,4,8.47,15.00,,מוצרי ניקיון ו טיפוח אישי,יח',מוצרי ניקיון ו טיפוח אישי,
14758681,7290014758681,קוטג 1% 250 מ""ל,רגיל,0,4.60,5.81,5.81,מוצרי מכולת ,יח',מוצרי מכולת ,
14759084,14759084,נפוליאון 16% מ. שומן,רגיל,0,10.78,14.90,14.90,מוצרי מקרר ,יח',מוצרי מקרר ,
14760141,7290014760141,משקה שקדים טרי 1ליטר,רגיל,7,8.82,15.90,15.90,מוצרי מקרר ,יח',מוצרי מקרר ,
14760912,7290014760912,ג.חלבון מהדרין 400 גרם ,רגיל,0,20.76,29.90,,מוצרי מקרר ,יח',מוצרי מקרר ,
14761056,14761056,שכבושוקולמרירלבו YOLO,רגיל,13,3.47,6.90,6.90,מוצרי מקרר ,יח',מוצרי מקרר ,
14761063,14761063,יולו שוקלד מריר,רגיל,4,3.47,7.00,7.00,מוצרי מכולת ,יח',מוצרי מכולת ,
14761070,7290014761070,יולו שוקלד לבן,רגיל,1,3.47,4.90,4.90,מוצרי מכולת ,יח',מוצרי מכולת ,
14761193,7290014761193,יוגורט פרילי פ.יער,רגיל,0,2.46,7.00,7.00,מוצרי מכולת ,יח',מוצרי מכולת ,
14761414,7290014761414,יולו שכבות,רגיל,15,3.47,4.90,4.90,מוצרי מקרר ,יח',מוצרי מקרר ,
14761612,14761612,שכבושוקולמרירלבו YOLO,רגיל,0,3.47,4.90,4.90,מוצרי מקרר ,יח',מוצרי מקרר ,
14762220,7290014762220,גלי ענבים 125 ג,רגיל,0,1.61,2.90,2.90,מוצרי מקרר ,יח',מוצרי מקרר ,
14791091,7290014791091,שוויפס לימונייד מוג פירות 500 מ"ל,רגיל,10,3.92,7.90,,משקאות ,יח',משקאות ,
14791336,7290014791336,מי עדן 1 ליטר ,רגיל,2,1.99,6.50,,משקאות ,יח',משקאות ,
14791725,7290014791725,שוויפס תפוחים מוגז פירות 500 מ"ל,רגיל,8,3.92,9.90,,משקאות ,יח',משקאות ,
15130028,7290015130028,חטיף חלבון WIN קרם חלב ועוגיות,רגיל,0,6.89,11.90,,חטיפים מתוקים ,יח',חטיפים מתוקים ,
15130035,7290015130035,חטיף חלבון WIN קרם קרמל ועוגיות,רגיל,1,6.89,11.90,,חטיפים מתוקים ,יח',חטיפים מתוקים ,
15130042,7290015130042,חטיף חלבון WIN קרם קרמל ושקדים,רגיל,-1,6.89,11.90,,חטיפים מתוקים ,יח',חטיפים מתוקים ,
15130158,7290015130158,ח.כדורי פאף גריל ,רגיל,9,8.30,12.90,,חטיפים מתוקים ,יח',חטיפים מתוקים ,
15130219,7290015130219,ח.כדורי פאף בברביקיו WEN ,רגיל,13,8.30,12.90,,חטיפים מתוקים ,יח',חטיפים מתוקים ,
15130301,7290015130301,ח.חלבון קרם עוגיות ,רגיל,0,6.89,11.90,,חטיפים מתוקים ,יח',חטיפים מתוקים ,
15130325,7290015130325,ח.חלבון שוקולד ובייגלה מלוח וצפוי שוקלד 60 ג,רגיל,0,6.89,11.90,,חטיפים מתוקים ,יח',חטיפים מתוקים ,
15130332,7290015130332,חטיף חלבון WIN אגוזי לוז שברי,רגיל,0,6.89,11.90,,חטיפים מתוקים ,יח',חטיפים מתוקים ,
15130349,7290015130349,ח.חלבון עוגיות וחלב ש.לבן ושברי עוגיות60 ג,רגיל,0,6.89,11.90,,חטיפים מתוקים ,יח',חטיפים מתוקים ,
15130462,7290015130462,חטיף חלבון WIN עוגיות קקאו וחלב,רגיל,0,6.89,11.90,,חטיפים מתוקים ,יח',חטיפים מתוקים ,
15130493,7290015130493,ח.חלבון קרם פיסטוק ופיסטוקם קלויי 65 גרם ,רגיל,0,6.89,11.90,,חטיפים מתוקים ,יח',חטיפים מתוקים ,
15130639,7290015130639,ח.חלבון שוקולד דובאי נ,רגיל,0,7.23,11.90,,חטיפים מתוקים ,יח',חטיפים מתוקים ,
15130691,7290015130691,משקה חלבון WIN בטעם קפה 330 מ"ל,רגיל,1,8.40,13.90,,מוצרי מקרר ,יח',מוצרי מקרר ,
15130714,7290015130318,ח.חלבון מוס שוקלד לבן 60 ג,רגיל,2,6.89,11.90,,חטיפים מתוקים ,יח',חטיפים מתוקים ,
15130790,7290015130790,שייק חלבון וניל 330 WEN מ"ל ,רגיל,0,8.40,13.90,,משקאות ,יח',משקאות ,
15324533,7290015324533,תבלין רוזמרין,רגיל,6,5.50,11.90,,מוצרי מכולת ,יח',מוצרי מכולת ,
15388375,7290015388375,שחורים סיני,רגיל,8,6.35,11.90,,פיצוחים,יח',פיצוחים,
15446525,7290015446525,חטיף חלבון אול אין בטעם בוטנים קרמל מלוח 100 גרם,רגיל,0,10.50,16.90,,חטיפים מתוקים ,יח',חטיפים מתוקים ,
15968454,7290015968454,צלחות פלסטיק גדולות ,רגיל,-1,10.90,17.90,,חד פעמי,יח',חד פעמי,
15968508,7290015968508,כוסות פלסטיק 180 מ"ל ,רגיל,49,2.90,4.90,,חד פעמי,יח',חד פעמי,
16006025,7290016006025,שוויפס סודה 500 מ"ל,רגיל,195,1.82,7.90,8.90,משקאות ,יח',משקאות ,
16006148,7290016006148,שוויפס ענבים מוגז פירות 500 מ"ל,רגיל,13,3.92,9.90,,משקאות ,יח',משקאות ,
16032022,16032022,מטען רכב פונינג,רגיל,0,0.00,60.00,60.00,מוצרי מכולת ,יח',מוצרי מכולת ,
16077759,7290016077759,רוטב ברבקיו קלאסי 480 גרם,רגיל,10,12.46,22.90,,מוצרי מכולת ,יח',מוצרי מכולת ,
16197495,7290016197495,מטליות מקרופייבר רצפה,רגיל,13,9.90,17.90,,מוצרי ניקיון ו טיפוח אישי,יח',מוצרי ניקיון ו טיפוח אישי,
16246223,7290016246223,חלווה אחווה חלבה בטעם וניל לוז,רגיל,8,1.24,1.90,,חטיפים מתוקים ,יח',חטיפים מתוקים ,
16246230,7290016246230,חטיף אחווה חלבי בטעם וניל פיסטוק,רגיל,9,1.24,1.90,,חטיפים מתוקים ,יח',חטיפים מתוקים ,
16246247,7290016246247,חלווה אחווה בטעם וניל עם קוקוס מקורמל,רגיל,4,1.24,1.90,,חטיפים מתוקים ,יח',חטיפים מתוקים ,
16246254,7290016246254,חטיף אחווה חלבה בטעם וניל שוקו,רגיל,-8,1.24,1.90,,חטיפים מתוקים ,יח',חטיפים מתוקים ,
16448795,7290016448795,משקה צ'יה קוקטייל פירות 290 מ"ל,רגיל,-5,3.85,6.90,6.90,משקאות ,יח',משקאות ,
16497519,7290016497519,בייגל טוסט לבן ,רגיל,72,1.60,2.00,2.00,מאפים (גדרון - שמרים ),יח',מאפים (גדרון - שמרים ),
16624885,7290016624885,להבונים 50 יחידות,רגיל,4,12.71,25.00,,מוצרי מכולת ,יח',מוצרי מכולת ,
16750034,7290016750034,ONE סט שטחים דילוקס ,רגיל,0,85.00,139.90,,מוצרי ריח - לרכב,יח',מוצרי ריח - לרכב,
16750287,7290016750287,ערכת לחידוש וניקוי פנסים,רגיל,7,12.00,29.90,29.90,מוצרי חצר תחנה ,יח',מוצרי חצר תחנה ,
16750300,7290016750300,גילדה,רגיל,8,9.50,19.90,,מוצרי ריח - לרכב,יח',מוצרי ריח - לרכב,
16750409,16750409,ONE סט שטחים דילוקס - שקוף ,רגיל,8,85.00,139.90,,מוצרי ריח - לרכב,יח',מוצרי ריח - לרכב,
16750423,16750423,ONE סט שטחים דילוקס שחור ,רגיל,0,85.00,139.90,,מוצרי ריח - לרכב,יח',מוצרי ריח - לרכב,
16750539,7290016750539,ONE  מגן שמש משקפיים L,רגיל,1,13.00,39.90,,מוצרי ריח - לרכב,יח',מוצרי ריח - לרכב,
16750546,7290016750546,ONE מגן שמש משקפייים M,רגיל,3,13.00,39.90,,מוצרי ריח - לרכב,יח',מוצרי ריח - לרכב,
16750591,7290016750591,קומפרסור GOLD דגם 2,רגיל,3,125.00,249.90,,אבזרי סלולר ו חשמל ,יח',אבזרי סלולר ו חשמל ,
16750911,7290016750911,ONE משאבה חשמלית ,רגיל,0,95.00,179.90,179.90,מוצרי חצר תחנה ,יח',מוצרי חצר תחנה ,
16750959,7290016570959,ONE כיסוי הגה נ930 ,רגיל,0,27.00,49.90,,מוצרי ריח - לרכב,יח',מוצרי ריח - לרכב,
16930282,7290116930282,ארוחה בקטנה,רגיל,9,5.38,9.90,9.90,מוצרי מקרר ,יח',מוצרי מקרר ,
16930466,16930466,יופלה שייק,רגיל,0,5.55,10.00,10.00,מוצרי מכולת ,יח',מוצרי מכולת ,
16930626,7290116930626,ארוחה בקטנה ציזיקי,רגיל,0,5.38,9.90,9.90,מוצרי מקרר ,יח',מוצרי מקרר ,
16930657,16930657,משקה גו 1,רגיל,0,5.61,11.00,11.00,מוצרי מכולת ,יח',מוצרי מכולת ,
16930909,16930909,יוגורט גו סמיך 0% תפוח,רגיל,0,4.18,8.00,8.00,מוצרי מכולת ,יח',מוצרי מכולת ,
16931241,7290116931241,קוטג 12% תנובה,רגיל,0,4.92,7.90,7.90,מוצרי מקרר ,יח',מוצרי מקרר ,
16931524,7290116931524,פרוסות גאודה עמק 200,רגיל,0,15.51,27.90,27.90,מוצרי מקרר ,יח',מוצרי מקרר ,
16931562,16931562,יוגורט חבובה גולד BIO,רגיל,0,3.80,8.00,8.00,מוצרי מכולת ,יח',מוצרי מכולת ,
16931564,16931564,יוגורט גו סמיכBIO גולד,רגיל,0,4.18,10.00,10.00,מוצרי מכולת ,יח',מוצרי מכולת ,
16931678,16931678,בפוליאוו פלפל שחור גרוס 225גרם,רגיל,0,9.73,12.00,12.00,מוצרי מכולת ,יח',מוצרי מכולת ,
16931739,7290116931739,פרוסות בולגרית מעודני ,רגיל,0,16.58,27.90,27.90,מוצרי מקרר ,יח',מוצרי מקרר ,
16931982,7290116931982,נפוליאון עירית 25% מוקצף ,רגיל,0,10.78,14.90,14.90,מוצרי מקרר ,יח',מוצרי מקרר ,
16932033,7290116932033,חמאה תנובה מהדרין200,רגיל,0,7.28,9.90,9.90,מוצרי מקרר ,יח',מוצרי מקרר ,
16932484,7290116932484,יוגורט חלבון GO וניל אוורירי,רגיל,-28,4.39,6.50,6.50,מוצרי מקרר ,יח',מוצרי מקרר ,
16932842,7290116932842,משקה שיבולת וניל,רגיל,2,8.82,14.90,14.90,מוצרי מקרר ,יח',מוצרי מקרר ,
16933078,7290116933078,גב שמנת נפוליאון פלפ,רגיל,0,10.78,14.90,14.90,מוצרי מקרר ,יח',מוצרי מקרר ,
16933191,7290116933191,"משקה GO בטעם קפה ואגוזי לוז, 340 מ""ל ",רגיל,9,5.89,8.90,8.90,מוצרי מקרר ,יח',מוצרי מקרר ,
16933801,7290116933801,יוג יופ טופ תות קורנ,רגיל,0,3.69,9.90,9.90,מוצרי מקרר ,יח',מוצרי מקרר ,
16934327,7290116934327,אייס קפה שיבולת שועל ,רגיל,0,9.40,13.90,13.90,מוצרי מקרר ,יח',מוצרי מקרר ,
16934365,7290116934365,נפוליאון שום שמיר,רגיל,0,10.78,14.90,14.90,מוצרי מקרר ,יח',מוצרי מקרר ,
16934402,16934402,יוגורט גו אורירי מנ,רגיל,48,4.39,6.50,6.50,מוצרי מקרר ,יח',מוצרי מקרר ,
16935409,7290116935409,נפליון מוקצף 25 % ,רגיל,0,9.92,14.90,14.90,מוצרי מקרר ,יח',מוצרי מקרר ,
16935416,7290116935416,משקה חלב לקפה,רגיל,20,5.36,7.90,,מוצרי מקרר ,יח',מוצרי מקרר ,
16936093,7290116936093,יולו קפה,רגיל,0,3.47,4.90,,מוצרי מקרר ,יח',מוצרי מקרר ,
16936130,7290116936130,שוקו תנובה 2.7%,רגיל,3,8.20,12.10,,מוצרי מקרר ,יח',מוצרי מקרר ,
16936222,7290116936222,חלבון גו אננס מקורמל,רגיל,18,4.39,6.50,,מוצרי מקרר ,יח',מוצרי מקרר ,
17023212,170232,שופיס פירוץ תפוח 4,רגיל,0,11.88,18.90,19.90,משקאות ,יח',משקאות ,
17617640,7290017617640,ס.ק נתחי טונה בשמן 960 גר ,רגיל,0,25.23,29.80,29.80,מוצרי שימוש מטבח -חנות ,יח',מוצרי שימוש מטבח -חנות ,
17617718,7290017617718,ס.ק ירקות ברוטב עגבניה ,רגיל,12,5.00,9.90,,מוצרי בית,יח',מוצרי בית,
17617862,7290017617862,זוג סלט טונה נון 2*160 גרם,רגיל,14,9.94,17.90,,מוצרי מכולת ,יח',מוצרי מכולת ,
17928098,7290017928098,בייגלה שטוחל"ה מלח 330 גרם,רגיל,12,6.30,11.90,,חטיפים מלוחים ,יח',חטיפים מלוחים ,
17928210,7290017928210,בייגלה גדול עם שוםשום 250 גרם,רגיל,9,6.30,11.90,,חטיפים מלוחים ,יח',חטיפים מלוחים ,
17928524,7290017928524,שטוחל"ה ניגובים מלח 330 גרם,רגיל,12,6.30,11.90,,חטיפים מלוחים ,יח',חטיפים מלוחים ,
17928685,7290017928685,בייגלה שמיניות מלח 400 גרם,רגיל,12,6.30,11.90,,חטיפים מלוחים ,יח',חטיפים מלוחים ,
17973203,7290017973203,משקה צ'יה קוקטייל מנגו 290 מ"ל,רגיל,2,3.85,6.90,6.90,משקאות ,יח',משקאות ,
18043592,7290018043592,אולין משדקה חלבון אפרסק 500 מ"ל ,רגיל,2,8.89,16.90,,משקאות ,יח',משקאות ,
18043608,7290018043608,אולין משקה מי חלבון פירות יער 500 מ"ל ,רגיל,0,8.89,16.90,,משקאות ,יח',משקאות ,
18077597,7290018077597,בייגל רומני אפוי קפוא,רגיל,0,2.50,0.00,,מאפים (גדרון - שמרים ),יח',מאפים (גדרון - שמרים ),
18077665,7290018077665,בייגל רומני ,רגיל,-16,2.50,10.00,10.00,מחלקת -Barista ,יח',מחלקת -Barista ,
18091937,7290018091937,מאמאמיה פיצה עם תירס 480 גרם ,רגיל,17,16.90,34.90,,קפואים מצוננים ,יח',קפואים מצוננים ,
18131770,7290018131770,גלידה מצופה תות,רגיל,38,3.46,6.90,,גלידות ,יח',גלידות ,
18198056,7290018198056,תפוגן קוביות תפוחי אדמה 1.5 ק"ג ,רגיל,6,21.80,30.90,31.90,קפואים מצוננים ,יח',קפואים מצוננים ,
18198148,7290018198148,תפוגן קריספי צ'יפס קלאסי,רגיל,1,20.27,34.90,,מוצרי מקרר ,יח',מוצרי מקרר ,
18198254,7290018198254,קריספי ציפס פוטטוס 1.25 קג ,רגיל,7,21.80,30.90,31.90,קפואים מצוננים ,יח',קפואים מצוננים ,
18198810,7290018198810,תפוגן ציפס קריספי קראנצ  1קג ,רגיל,6,20.27,30.90,31.90,קפואים מצוננים ,יח',קפואים מצוננים ,
18237373,7290018237373,פסטרמה גריל מנתח שלום 300 גרם,רגיל,5,17.90,34.90,,מוצרי מקרר ,יח',מוצרי מקרר ,
18237410,7290018237410,פסטרמה במעשנה מנתח שלום 300 גרם,רגיל,7,17.90,34.90,,מוצרי מקרר ,יח',מוצרי מקרר ,
18296127,7290018296127,פיתה פרו ,רגיל,0,10.00,19.90,19.90,לחם ,יח',לחם ,
18296462,7290018296462,6 חליות מתוק אגמי ,רגיל,-63,12.00,18.90,18.90,לחם ,יח',לחם ,
18441275,7290018441275,בן אנד גירס נטפליקס צ'ילי,רגיל,-6,17.00,24.90,,גלידות ,יח',גלידות ,
18441282,7290018441282,בן אנד גיריס שוקולד פטל,רגיל,3,17.79,27.90,,גלידות ,יח',גלידות ,
18441466,7290018441466,בן אנד גיריס וניל 150 גרם,רגיל,20,7.62,13.90,,גלידות ,יח',גלידות ,
18441541,7290018441541,בן אנד גיריס בננה אגוזים,רגיל,4,17.79,27.90,,גלידות ,יח',גלידות ,
18441558,7290018441558,בן אנד גירס שוקולד אגוזים,רגיל,5,17.79,29.90,,משקאות ,יח',משקאות ,
18441565,7290018441565,בן אנד גירס וניל פקאן,רגיל,7,15.51,29.90,,משקאות ,יח',משקאות ,
18474587,7290018474587,שמן קנולה,רגיל,-2,0.00,20.00,,מוצרי מכולת ,יח',מוצרי מכולת ,
18755303,7290018755303,טוויסטר מאגדת ,רגיל,1,21.12,31.90,31.90,גלידות ,יח',גלידות ,
18755860,7290018755860,טוויסטר מרשמלו,רגיל,12,3.98,7.90,,גלידות ,יח',גלידות ,
18755891,7290018755891,מגנום חמאה,רגיל,17,8.67,13.90,13.90,גלידות ,יח',גלידות ,
18774748,7290018774748,קפסולות חמאדה ,רגיל,35,10.22,17.90,17.90,פיצוחים,יח',פיצוחים,
18774762,7290018774762,קפסולות אלהיל ,רגיל,9,10.22,17.90,17.90,פיצוחים,יח',פיצוחים,
18774779,7290018774779,קפסולות מפרק ,רגיל,35,10.22,17.90,17.90,פיצוחים,יח',פיצוחים,
18774793,7290018774793,קפסולות אלסמרא,רגיל,27,10.22,17.90,17.90,פיצוחים,יח',פיצוחים,
18774809,7290018774809,קפסולת בלהציאו,רגיל,5,10.22,17.90,17.90,פיצוחים,יח',פיצוחים,
18925072,7290018925072,פרימור לימונים ונענע 2 ליטר,רגיל,0,16.90,29.90,,משקאות ,יח',משקאות ,
18949207,7290018949207,משקה קל ללא סוכר אפרסק,רגיל,0,3.80,6.90,7.90,משקאות ,יח',משקאות ,
18949238,7290018949238,משקה קלץללא סוכר תפוח,רגיל,0,3.80,6.90,7.90,משקאות ,יח',משקאות ,
18949269,7290018949269,משקה קל ללא סוכר -לימונדה,רגיל,0,3.80,6.90,7.90,משקאות ,יח',משקאות ,
18954362,7290018954362,רימונים  250 מ"ל ,רגיל,11,8.90,13.90,14.90,משקאות טבעיות ,יח',משקאות טבעיות ,
18954416,7290018954416,תפוזים 250 מ"ל,רגיל,5,8.90,13.90,13.90,משקאות ,יח',משקאות ,
18954423,7290018954423,תפוח מלא 250 מ"ל ,רגיל,-13,8.90,13.90,14.90,משקאות טבעיות ,יח',משקאות טבעיות ,
18954461,7290018954461,גזר סלק סלרי  250 מ"ל ,רגיל,0,8.90,13.90,14.90,משקאות טבעיות ,יח',משקאות טבעיות ,
18954508,7290018954508,גזר 250 מ"ל,רגיל,10,8.90,13.90,13.90,משקאות ,יח',משקאות ,
18989289,7290018989289,גרגירי חומוס,רגיל,5,7.10,11.90,,מוצרי מכולת ,יח',מוצרי מכולת ,
18989296,7290018989296,תורמוס,רגיל,11,7.10,11.90,,מוצרי מכולת ,יח',מוצרי מכולת ,
19056027,7290019056027,שוויפס תפוח זירו 1.5 ליתר,רגיל,9,5.83,11.90,,משקאות ,יח',משקאות ,
19056065,7290019056065,שוויפס פירות יער מוגז עדין 1.5 ליתר,רגיל,7,6.00,11.90,12.90,משקאות ,יח',משקאות ,
19056256,19056256,FUN WATER 1.5 תפוח פק.,רגיל,0,5.00,11.90,12.90,משקאות ,יח',משקאות ,
19056362,7290019056362,תפוזינה ענבים  1.5 פקק,רגיל,0,6.46,11.90,12.90,משקאות ,יח',משקאות ,
19056393,7290019056393,תפוזינה תותבננה 1.5 פק. LS,רגיל,-1,6.46,11.90,12.90,משקאות ,יח',משקאות ,
19056423,7290019056423,תפו תפוח 1.5 ,רגיל,-2,6.46,11.90,,משקאות ,יח',משקאות ,
19056515,19056515,FRUIT WATER 1.5 אננס פק.,רגיל,0,5.00,11.90,12.90,משקאות ,יח',משקאות ,
19056652,7290019056652,ספרינג אננס בננה 1.5 ליטר ,רגיל,0,6.46,11.90,,משקאות ,יח',משקאות ,
19056775,7290019056775,קריסטל ענבים מוגז 2 ליטר,רגיל,6,4.02,9.90,,משקאות ,יח',משקאות ,
19056782,7290019056782,קריסטל לימון ליים מוגז 2 ליטר,רגיל,6,4.02,9.90,,משקאות ,יח',משקאות ,
19056799,7290019056799,קריסטל אקזוטי מוגז 2 ליטר,רגיל,6,4.02,9.90,,משקאות ,יח',משקאות ,
19056805,7290019056805,קריסטל תפוח מוגז 2 ליטר,רגיל,6,4.02,9.90,,משקאות ,יח',משקאות ,
19056812,7290019056812,קריסטל מנטה מוגז 2 ליטר,רגיל,6,4.02,9.90,,משקאות ,יח',משקאות ,
19056836,7290019056836,קריסטל תות מוגז 2 ליטר,רגיל,6,4.02,9.90,,משקאות ,יח',משקאות ,
19056843,7290019056843,קריסטל קולה מוגז 2 ליטר,רגיל,6,4.02,9.90,,משקאות ,יח',משקאות ,
19146612,7290019146612,מלמ לקקן ג'לי אבטיח 1/30 (12,רגיל,0,0.78,1.90,1.90,חטיפים מתוקים ,יח',חטיפים מתוקים ,
19153481,7290019153481,מי עדן סודה 0.33 ליטר בקבוק,רגיל,0,2.55,4.90,,משקאות ,יח',משקאות ,
19167006,19167006,מעדן אורז בחלב,רגיל,0,2.47,6.00,6.00,מוצרי מכולת ,יח',מוצרי מכולת ,
19167013,19167013,סחלב,רגיל,0,2.47,6.00,6.00,מוצרי מכולת ,יח',מוצרי מכולת ,
19167099,19167099,טירמסו טבעוני,רגיל,0,5.04,7.90,7.90,מוצרי מקרר ,יח',מוצרי מקרר ,
19167112,7290019167112,קדאיף פרווה ,רגיל,4,5.04,7.90,7.90,מוצרי מקרר ,יח',מוצרי מקרר ,
19167129,7290019167129,טירמסו פרווה,רגיל,2,5.04,7.90,7.90,מוצרי מקרר ,יח',מוצרי מקרר ,
19167136,7290019167136,בוואריה פרווה,רגיל,0,5.04,8.90,,מוצרי מקרר ,יח',מוצרי מקרר ,
19204008,7290019204008,פסטרמה 4 פלפלים 350 גרם,רגיל,5,25.34,44.90,,קפואים מצוננים ,יח',קפואים מצוננים ,
19205357,7290019205357,פסטרמה דק דק דבש 110 גרם,רגיל,10,9.90,17.90,,מוצרי מקרר ,יח',מוצרי מקרר ,
19283850,7290019283850,פלפל צ'ומה הררית 250 גרם,רגיל,0,0.00,0.00,,מוצרי מכולת ,יח',מוצרי מכולת ,
19293415,7290019293415,מאגדת מילקה וניל,רגיל,7,24.57,42.90,,גלידות ,יח',גלידות ,
19310235,7290019310235,חטיף חלבון בטעם ונילה קראנץ' 60 גרם,רגיל,0,8.58,15.90,,חטיפים מתוקים ,יח',חטיפים מתוקים ,
19310440,7290019310440,"משקה בטעם פירות יער אול אין, 330 מ""ל",רגיל,60,2.70,9.90,,משקאות ,יח',משקאות ,
19401018,7290019401018,פרוטאין מקס זירו 62 גרם - ועוגיות קרמל ,רגיל,0,6.80,11.90,,חטיפים מתוקים ,יח',חטיפים מתוקים ,
19401025,7290019401025,פרוטאין מקס זירו 62 גרם -קרמל מלוח ,רגיל,5,6.80,11.90,,חטיפים מתוקים ,יח',חטיפים מתוקים ,
19401049,7290019401049,פרוטאין מקס זירו 62 גרם - שוקולד וקרמל ,רגיל,0,6.80,11.90,,חטיפים מתוקים ,יח',חטיפים מתוקים ,
19401353,7290019401353,פרוטאין מקס זירו 62 גרם - עוגיות שוקולד לבן פיסטוק,רגיל,0,6.80,11.90,,חטיפים מתוקים ,יח',חטיפים מתוקים ,
19401544,7290019401544,פרוטאין מקס זירו 62 גרם - עוגיות שוקול לבן וטופי ,רגיל,3,6.80,11.90,,חטיפים מתוקים ,יח',חטיפים מתוקים ,
19401766,7290019401766,חטיף שיפץ פרו,רגיל,-4,8.50,13.90,13.90,חטיפים מלוחים ,יח',חטיפים מלוחים ,
19401773,7290019401773,צ'יפס חלבון שמנת 72 גרם,רגיל,6,8.25,13.90,13.90,חטיפים מלוחים ,יח',חטיפים מלוחים ,
19401780,7290019401780,צ'יפס חלבון ברבקיו 72 גרם,רגיל,10,8.25,13.90,13.90,חטיפים מלוחים ,יח',חטיפים מלוחים ,
19401957,7290019401957,פרוטאין מקס זירו 30 גרם - קרם עוגיות ,רגיל,3,4.50,9.90,,חטיפים מתוקים ,יח',חטיפים מתוקים ,
19644095,7290019644095,כוכבים מצופים ש.חלב ולבן - כרמית,רגיל,0,3.90,6.90,,חטיפים מתוקים ,יח',חטיפים מתוקים ,
19644699,7290019644699,מיקס כדורים שוקולד חלב - כרמית,רגיל,-1,3.90,6.90,,חטיפים מתוקים ,יח',חטיפים מתוקים ,
19644743,7290019644743,מיקס כדורים שוקולד חלב - כרמית,רגיל,0,3.70,6.90,,מוצרי בית,יח',מוצרי בית,
19644927,7290019644927,בייגלה מצופה שוקולד לבן - כרמית,רגיל,0,3.90,6.90,,חטיפים מתוקים ,יח',חטיפים מתוקים ,
19644972,7290019644972,בייגלה מצופה שוקולד חלב - כרמית,רגיל,0,3.90,6.90,,חטיפים מתוקים ,יח',חטיפים מתוקים ,
19766018,7290019766018,אולין אין חטיף חלבון סופט קרם עוגיות ,רגיל,6,8.58,15.90,,חטיפים מתוקים ,יח',חטיפים מתוקים ,
19766025,7290019766025,אקסטרא חטיף חלבון שוקלד פיסטוק,רגיל,19,7.34,15.90,16.90,חטיפים מתוקים ,יח',חטיפים מתוקים ,
19766230,7290019766230,אול אין חלבון סופט עוגת גבינה ,רגיל,18,7.34,15.90,,חטיפים מתוקים ,יח',חטיפים מתוקים ,
19766247,7290019766247,אולין ח.חלבון קרימי קור שקד ,רגיל,16,8.54,15.90,,חטיפים מתוקים ,יח',חטיפים מתוקים ,
19766254,7290019766254,אוליאן ציפס חלבון בטעם פפריקה ,רגיל,21,7.00,14.90,,חטיפים מלוחים ,יח',חטיפים מלוחים ,
19766261,7290019766261,אוליאן ציפס חלבון בטעם צילי ,רגיל,16,7.00,14.90,,חטיפים מלוחים ,יח',חטיפים מלוחים ,
19776290,19776290,שוופס מ.פיר. תפוזים5. 1פקLS,רגיל,12,6.00,11.90,12.90,משקאות ,יח',משקאות ,
19776344,7290119776344,שוופיס מ.פיר. הדרים 1.5 ,רגיל,0,5.83,11.90,12.90,משקאות ,יח',משקאות ,
19776948,7290119776948,שוויפס אבטיח עדין 1.5 ליתר,רגיל,3,6.00,11.90,12.90,משקאות ,יח',משקאות ,
19816096,7290019816096,אקסטרים פקאן,רגיל,15,7.99,14.90,,גלידות ,יח',גלידות ,
19816232,7290019816232,קראנץ ביסקוויט ,רגיל,0,7.70,13.90,13.90,גלידות ,יח',גלידות ,
19816294,7290019816294,קראנץ אמריקה,רגיל,6,7.96,12.90,,גלידות ,יח',גלידות ,
19816324,7290019816324,מילקה בייגל ,רגיל,4,7.85,12.90,,גלידות ,יח',גלידות ,
19816423,7290019816423,לה פרנט בננה תמר סילן ,רגיל,0,4.90,9.90,9.90,גלידות ,יח',גלידות ,
19816713,7290019816713,מאגדת אייס קפה לייט,רגיל,6,23.72,39.90,,גלידות ,יח',גלידות ,
19816935,7290019816935,טילון אקסטרים מיבל ,רגיל,-2,7.98,13.90,13.90,גלידות ,יח',גלידות ,
19841845,7290019841845,אוקונומיקה מבושמת לימון 2 ליטר,רגיל,5,7.90,14.90,,מוצרי מכולת ,יח',מוצרי מכולת ,
19893431,7290019893431,בייט קיוב בננה,רגיל,5,27.11,44.90,,גלידות ,יח',גלידות ,
19893455,7290019893455,ביית קיוב בטעם תות מוקפא במילוי של שוקולד,רגיל,0,27.11,37.90,,גלידות ,יח',גלידות ,
20002400,4860020002400,פרלל מיני קולה פחית 150 11/12 מיל,רגיל,0,1.40,2.50,2.50,משקאות ,יח',משקאות ,
20011008,7290020011008,משקל מטבח דיגטלי ,רגיל,2,21.80,39.90,,מוצרי חצר תחנה ,יח',מוצרי חצר תחנה ,
20046550,7290020046550,תבלין בזיליקום,רגיל,5,5.50,11.90,,מוצרי מכולת ,יח',מוצרי מכולת ,
20128065,7290020128065,תפוח מצא ,רגיל,0,7.00,13.90,14.90,משקאות ,יח',משקאות ,
20128089,7290020128089,תפוח פסיפלורה 250 מ"ל,רגיל,1,8.90,13.90,,משקאות טבעיות ,יח',משקאות טבעיות ,
20128423,7290020128423,גזר עם נגיעות תפוח 250 מ"ל,רגיל,2,8.90,13.90,13.90,משקאות ,יח',משקאות ,
20128430,7290020128430,כורכום תפוחים גזר 250 מ"ל,רגיל,12,8.90,13.90,,משקאות ,יח',משקאות ,
20130396,7290020130396,כוסות חד פעמי ,רגיל,1,2.20,3.90,3.90,חד פעמי,יח',חד פעמי,
20297075,7290020297075,בייגלה חלבון עם פינוקים,רגיל,3,6.90,12.90,,חטיפים מלוחים ,יח',חטיפים מלוחים ,
20297082,7290020297082,בייגלה חלבון עם צ'ידר,רגיל,6,6.90,12.90,,חטיפים מלוחים ,יח',חטיפים מלוחים ,
20297105,7290020297105,בייגלה חלבון עם חריף,רגיל,5,6.90,12.90,,חטיפים מלוחים ,יח',חטיפים מלוחים ,
20367440,7290020367440,בוסטר 3 ב 1,רגיל,3,229.00,339.90,339.90,מוצרי ריח - לרכב,יח',מוצרי ריח - לרכב,
20367549,7290020367549,ערכה לתקר פנצ'ר כולל קומפריסור,רגיל,3,79.00,129.90,,מוצרי ריח - לרכב,יח',מוצרי ריח - לרכב,
20398000,7290020398000,פרוטאין נודלס בטעם עוף בתוספת ירקות ,רגיל,0,6.60,11.90,,חטיפים מתוקים ,יח',חטיפים מתוקים ,
20398017,7290020398017,פרוטאין נודלס בטעם בקר בתוספת ירקות ,רגיל,0,6.60,11.90,,חטיפים מתוקים ,יח',חטיפים מתוקים ,
20398024,7290020398024,פרוטאין נודלס בטעם עוף סצואן בתוספת  ירקות ,רגיל,0,6.60,11.90,,חטיפים מתוקים ,יח',חטיפים מתוקים ,
20398031,7290020398031,פרוטאין נודלס בטעם בתוספת ירקות וטופי ,רגיל,4,6.60,11.90,,חטיפים מתוקים ,יח',חטיפים מתוקים ,
29972944,29972944,חצי משטח ללקוחות גידרון,רגיל,4,21.00,0.00,,מוצרי שימוש מטבח -חנות ,יח',מוצרי שימוש מטבח -חנות ,
29975532,29975532,משטח פלסטיק - בורדו ,רגיל,1,179.36,211.64,,פיקדון  ו משטחים - ארגזים ,יח',פיקדון  ו משטחים - ארגזים ,
30107014,30107014,נייר גלגול  OCB - גדול לבן ,רגיל,162,2.93,9.90,9.90,אבזרי עישון ,יח',אבזרי עישון ,
30112902,30112902,OCB קטן,רגיל,44,2.13,6.00,6.00,אבזרי עישון ,יח',אבזרי עישון ,
30112919,30112919,OCB בנוני,רגיל,142,2.49,7.00,7.00,אבזרי עישון ,יח',אבזרי עישון ,
32032026,32032026,Radio R-21RG,רגיל,2,35.00,59.90,,אבזרי סלולר ו חשמל ,יח',אבזרי סלולר ו חשמל ,
33032026,33032026,Radio R-9008BTS,רגיל,1,69.00,114.90,,אבזרי סלולר ו חשמל ,יח',אבזרי סלולר ו חשמל ,
34032026,34032026,R-49BTS Radio,רגיל,1,49.00,89.90,,אבזרי סלולר ו חשמל ,יח',אבזרי סלולר ו חשמל ,
34563456,34563456,מגרסה חד פעמית,רגיל,0,1.70,9.90,9.90,אבזרי עישון ,יח',אבזרי עישון ,
35248027,850035248027,וורהדס משקה מוגז חמוץ 1/12 לימון 355 מ"ל צהוב,רגיל,0,6.40,8.90,8.90,חטיפים מתוקים ,יח',חטיפים מתוקים ,
36105606,7613036105606,"מזון לכלבים בוגרים בקר, 3 ק״ג)",רגיל,1,30.00,54.90,54.90,בעלי חיים ,יח',בעלי חיים ,
40052403,40052403,קיט קט 4 אצבעות,רגיל,28,1.80,4.90,7.90,חטיפים מתוקים ,יח',חטיפים מתוקים ,
40084077,40084077,קינדר מקסי,רגיל,1,1.47,2.90,3.90,חטיפים מתוקים ,יח',חטיפים מתוקים ,
40084107,40084107,ביצת הפתעה,רגיל,-20,4.90,7.50,8.80,חטיפים מתוקים ,יח',חטיפים מתוקים ,
40084176,40084176,קינדר country,רגיל,0,0.00,4.00,4.00,מוצרי מכולת ,יח',מוצרי מכולת ,
40099132,40099132,מסט' הובה בובה תות ,רגיל,5,2.60,4.90,4.90,חטיפים מתוקים ,יח',חטיפים מתוקים ,
40099132,40099132,מסט' הובה בובה תות ,רגיל,5,2.60,4.90,4.90,חטיפים מתוקים ,יח',חטיפים מתוקים ,
40099484,40099484,OR אורביט מלבנית קלאסי ,רגיל,-30,1.69,3.90,4.90,חטיפים מתוקים ,יח',חטיפים מתוקים ,
40111445,40111445,MֲMבוטנים 45 ג',רגיל,0,3.84,6.50,6.50,מוצרי מכולת ,יח',מוצרי מכולת ,
40111490,40111490,אם אנד אם שוקולד 45 גר',רגיל,0,3.84,6.50,6.50,מוצרי מכולת ,יח',מוצרי מכולת ,
40144016,40144016,ליימן ורטר 1/24 (3) 108040,רגיל,0,2.56,4.90,4.90,חטיפים מתוקים ,יח',חטיפים מתוקים ,
40345123,40345123,סמרטיס,רגיל,14,1.97,4.90,5.90,חטיפים מתוקים ,יח',חטיפים מתוקים ,
42069829,42069829,אורביט דרז’ה תות 14 ג’,רגיל,0,1.67,2.90,2.90,חטיפים מתוקים ,יח',חטיפים מתוקים ,
42070047,42070047,OR אורביט אוכמניות ,רגיל,0,1.69,3.90,4.90,חטיפים מתוקים ,יח',חטיפים מתוקים ,
42101666,42101666,קופסה מנטה,רגיל,0,3.91,6.00,6.00,מוצרי מכולת ,יח',מוצרי מכולת ,
42113263,42113263,סטיקס תות,רגיל,0,1.53,3.00,3.00,מוצרי מכולת ,יח',מוצרי מכולת ,
42123866,42123866,מסט' הובה בובה קלאסי ורוד ,רגיל,19,2.60,4.90,4.90,חטיפים מתוקים ,יח',חטיפים מתוקים ,
42123866,42123866,מסט' הובה בובה קלאסי ורוד ,רגיל,19,2.60,4.90,4.90,חטיפים מתוקים ,יח',חטיפים מתוקים ,
42123880,42123880,OR אוכמניות מלבינות ,רגיל,-86,1.67,3.90,4.90,חטיפים מתוקים ,יח',חטיפים מתוקים ,
42138105,42138105,ווינסטון ס.ס כחול,רגיל,10,31.86,41.00,44.00, כל הסיגריות,יח', כל הסיגריות,
42138129,42138129,ווינסטון ס.ס מנטול,רגיל,15,31.86,41.00,44.00, כל הסיגריות,יח', כל הסיגריות,
42154662,42154662,מעטפה ספירמינט ירוק,רגיל,0,3.67,6.50,6.50,מוצרי מכולת ,יח',מוצרי מכולת ,
42174479,42174479,אורביט מעטפה-תות,רגיל,0,4.42,6.00,6.00,מוצרי מכולת ,יח',מוצרי מכולת ,
42182108,42182108,פייב מנטה כחול,רגיל,0,5.07,8.50,8.50,מוצרי מכולת ,יח',מוצרי מכולת ,
42182115,42182115,פייב מנטה ירוק,רגיל,0,5.07,8.50,8.50,מוצרי מכולת ,יח',מוצרי מכולת ,
42188889,42188889,פייב אבטיח,רגיל,0,4.92,8.50,8.50,מוצרי מכולת ,יח',מוצרי מכולת ,
42211686,42211686,אורביט דרזה באבלמינט ,רגיל,0,1.67,3.90,4.90,חטיפים מתוקים ,יח',חטיפים מתוקים ,
42212119,42212119,מעטפה ספירמינט כחול,רגיל,0,3.67,6.50,6.50,מוצרי מכולת ,יח',מוצרי מכולת ,
42212287,42212287,פייב סטיקס,רגיל,0,1.60,3.00,3.00,מוצרי מכולת ,יח',מוצרי מכולת ,
42247371,42247371,אורביט דרז'ה באבלמינט 30 גרם,רגיל,37,1.67,3.90,4.90,חטיפים מתוקים ,יח',חטיפים מתוקים ,
42247531,42247531,אורביט דרז'ה וויט מנטה 14 201/30 גבר,רגיל,0,1.67,2.90,2.90,חטיפים מתוקים ,יח',חטיפים מתוקים ,
42306795,42306795,קופסה אייר ואינס,רגיל,0,3.91,6.00,6.00,מוצרי מכולת ,יח',מוצרי מכולת ,
42403791,42403791,גיזה שחור+פילטר,רגיל,26,3.25,10.00,10.00,אבזרי עישון ,יח',אבזרי עישון ,
45632389,45632389,מבצע קשיו טבעי,רגיל,1,9.32,15.90,,מוצרי שימוש מטבח -חנות ,יח',מוצרי שימוש מטבח -חנות ,
49814521,49814521,צ'ופה,רגיל,0,0.55,3.00,3.00,מוצרי מכולת ,יח',מוצרי מכולת ,
50173167,50173167,OR אירוויבז אקיפטוס ,רגיל,0,1.69,3.90,4.90,חטיפים מתוקים ,יח',חטיפים מתוקים ,
50173204,50173204,אורביט דרז'ה כחול 30 גרם,רגיל,17,1.67,3.90,3.90,חטיפים מתוקים ,יח',חטיפים מתוקים ,
50173471,50173471,OR תפוח מלבנית ,רגיל,-2,1.64,3.90,3.90,חטיפים מתוקים ,יח',חטיפים מתוקים ,
50173822,50173822,אורביט דרז'ה מנטה 30 גרם,רגיל,5,1.67,3.90,3.90,חטיפים מתוקים ,יח',חטיפים מתוקים ,
50375400,50375400,טישו קטן,רגיל,-1,1.23,3.90,,מוצרי ניקיון ו טיפוח אישי,יח',מוצרי ניקיון ו טיפוח אישי,
52070082,52070082,פאל מאל ס.ס ויולט ,רגיל,18,29.47,41.00,40.00, כל הסיגריות,יח', כל הסיגריות,
53025891,5011053025891,JUICY DROPסוכריות גומי עם ג'ל 96 גר' (16) 1/8,רגיל,0,10.74,15.90,15.90,חטיפים מלוחים ,יח',חטיפים מלוחים ,
54013674,54013674,RIZLA מידיום דק,רגיל,33,0.64,4.00,4.00,אבזרי עישון ,יח',אבזרי עישון ,
54013681,54013681,RIZLA סופר סילור,רגיל,-14,0.64,4.00,4.00,אבזרי עישון ,יח',אבזרי עישון ,
54013698,54013698,RIZLA כחול,רגיל,-69,0.64,4.00,4.00,אבזרי עישון ,יח',אבזרי עישון ,
54492127,54492127,פרלל מיני ספרייט פחית 1/12 150 מ"ל,רגיל,0,1.40,2.50,2.50,משקאות ,יח',משקאות ,
54492578,54492578,פרלל מיני פאנטה פחית 150 11/12 מיל,רגיל,0,1.40,2.50,2.50,משקאות ,יח',משקאות ,
55555555,55555555,כוס נוסף ,רגיל,-2,0.21,0.01,0.01,מחלקת -Barista ,יח',מחלקת -Barista ,
58101010,58101010,כרטיס VIP  שטיפה מנוי,רגיל,0,100.00,360.00,360.00,קופה שטיפה (הכל ),יח',קופה שטיפה (הכל ),
58964512,58964512,קרטון נביעות 500 מ""ל פקק שטוח,רגיל,0,54.00,80.00,80.00,מוצרי מכולת ,יח',מוצרי מכולת ,
58964513,58964513,נביעות 1 ליטר קרטון,רגיל,0,36.48,60.00,60.00,מוצרי מכולת ,יח',מוצרי מכולת ,
58964514,58964514,נביעות קרטון בייביי 320 מ""ל,רגיל,0,48.00,70.00,70.00,מוצרי מכולת ,יח',מוצרי מכולת ,
58964515,58964515,נביעות 755 מל ספורט קרטון,רגיל,0,62.80,90.00,90.00,מוצרי מכולת ,יח',מוצרי מכולת ,
58964516,58964516,נביעות טוגו 500 פקק קרטון,רגיל,0,55.00,80.00,80.00,מוצרי מכולת ,יח',מוצרי מכולת ,
59039549,59039549,ווג מנטה,רגיל,3,35.89,47.00,50.50, כל הסיגריות,יח', כל הסיגריות,
59068907,59068907,פאל מאל דמי כחול,רגיל,25,26.34,36.00,35.50, כל הסיגריות,יח', כל הסיגריות,
59068914,59068914,פאל מאל דמי סילבר,רגיל,15,26.34,36.00,35.50, כל הסיגריות,יח', כל הסיגריות,
59455233,59455233,ווג כחול,רגיל,6,35.89,47.00,50.50, כל הסיגריות,יח', כל הסיגריות,
59455240,59455240,ווג לילך,רגיל,16,35.89,47.00,50.50, כל הסיגריות,יח', כל הסיגריות,
66666666,66666666,מוהיטו ,רגיל,0,1.70,9.90,10.90,משקאות ,יח',משקאות ,
67289541,67289541,פחם 3 קילו,רגיל,0,13.00,25.00,25.00,מוצרי מכולת ,יח',מוצרי מכולת ,
67331322,67331322,נ.ג  OCB גדול+ פילטר,רגיל,0,3.44,7.00,7.00,מוצרי מכולת ,יח',מוצרי מכולת ,
67348245,3057067348245,נ.ג בינוני + פילטר,רגיל,48,2.90,5.90,5.90,מוצרי מכולת ,יח',מוצרי מכולת ,
67533600,67533600,מנוי של 10 שטיפות,רגיל,0,300.00,600.00,600.00,קופה שטיפה (הכל ),יח',קופה שטיפה (הכל ),
72909768,72909768,פסקזמן4paly,רגיל,0,3.55,7.90,7.90,חטיפים מתוקים ,יח',חטיפים מתוקים ,
72917329,72917329,חטיף אגוזי,רגיל,191,3.06,5.90,6.90,חטיפים מתוקים ,יח',חטיפים מתוקים ,
72917329,72917329,חטיף אגוזי,רגיל,191,2.80,5.90,6.90,חטיפים מתוקים ,יח',חטיפים מתוקים ,
72917367,72917367,חטיף טעמי,רגיל,6,2.80,5.90,6.90,חטיפים מתוקים ,יח',חטיפים מתוקים ,
72917589,72917589,חטיף מקופלת 25 גרם,רגיל,3,3.06,5.00,5.00,מוצרי מכולת ,יח',מוצרי מכולת ,
72917893,72917893,פסק זמן קלאסי,רגיל,0,3.20,6.50,6.50,מוצרי מכולת ,יח',מוצרי מכולת ,
72918388,72918388,טוויסט 28 גרם,רגיל,0,2.69,5.90,6.90,חטיפים מתוקים ,יח',חטיפים מתוקים ,
72940754,72940754,מילקי בטעם וניל,רגיל,11,2.12,3.90,,מוצרי מקרר ,יח',מוצרי מקרר ,
72940761,72940761,מילקי בטעם שוקו,רגיל,17,2.12,4.90,4.90,מוצרי מקרר ,יח',מוצרי מקרר ,
72940761,72940761,מילקי בטעם שוקו,רגיל,17,2.12,4.90,4.90,מוצרי מקרר ,יח',מוצרי מקרר ,
72940976,72940976,כרוב ,רגיל,0,6.05,10.90,10.90,מוצרי מקרר ,יח',מוצרי מקרר ,
72940983,72940983,חומוס אחלה,רגיל,0,0.00,8.00,8.00,מוצרי מכולת ,יח',מוצרי מכולת ,
72961209,72961209,שמנית 200 בדצ,רגיל,0,2.08,3.90,,מוצרי מקרר ,יח',מוצרי מקרר ,
72961506,72961506,"פרילי יוגורט עם תות 1.5%, 125 גרם ",רגיל,0,2.58,4.50,,מוצרי מקרר ,יח',מוצרי מקרר ,
72961544,72961544,באדי יוגרט תות,רגיל,0,2.26,8.50,8.50,מוצרי מכולת ,יח',מוצרי מכולת ,
72963746,72963746,שמנת 15% 200 מ"ל ,רגיל,-12,2.10,2.81,2.81,מוצרי מקרר ,יח',מוצרי מקרר ,
72963753,72963753,שמנת של פעם ,רגיל,0,3.63,4.50,4.50,מוצרי מקרר ,יח',מוצרי מקרר ,
72964422,72964422,יוגורט תנובה 4.5%,רגיל,0,2.37,3.90,,מוצרי מקרר ,יח',מוצרי מקרר ,
72986233,000072986233,באדי וניל בדצ 125 גר ,רגיל,3,2.26,3.90,3.90,מוצרי מקרר ,יח',מוצרי מקרר ,
72986240,72986240,באדי שוקו 125 ג,רגיל,12,2.26,3.90,3.90,מוצרי מקרר ,יח',מוצרי מקרר ,
72986370,000072986370,בן אנד גרי וניל 500 מ""ל,רגיל,13,17.79,24.90,24.90,גלידות ,יח',גלידות ,
72986424,000072986424,בן אנד גיריס קרם עוגיות 500 מ"ל,רגיל,-10,17.79,24.90,24.90,גלידות ,יח',גלידות ,
72986448,000072986448,וניל טופי קראנץ 500 מ""ל,רגיל,1,17.79,24.90,24.90,גלידות ,יח',גלידות ,
72986455,000072986455,גלידה קון סוויט קון וניל עם קרמל,רגיל,4,17.79,24.90,24.90,גלידות ,יח',גלידות ,
72986479,000072986479,צאנקי מאנקי 500מ""ל,רגיל,-6,17.79,24.90,24.90,גלידות ,יח',גלידות ,
72989425,000072989425,בן אנד גיריס שוקולד בראוניס 500 מ""ל,רגיל,-2,17.79,25.00,25.00,מוצרי מכולת ,יח',מוצרי מכולת ,
72991008,72991008,פסק זמן קלאסי 45 גרם,רגיל,25,3.55,7.90,8.90,חטיפים מתוקים ,יח',חטיפים מתוקים ,
72991374,72991374,טיים אדום,רגיל,9,29.25,41.00,39.50, כל הסיגריות,יח', כל הסיגריות,
72991497,72991497,נובלס ויגיניה פילטר,רגיל,10,29.25,41.00,40.00, כל הסיגריות,יח', כל הסיגריות,
72991886,72991886,דולציה דה לצה 500מ""ל,רגיל,-6,17.78,24.90,24.90,גלידות ,יח',גלידות ,
72992357,72992357,פסקזמן ביג בייט 52 גרם,רגיל,0,3.55,7.90,8.90,חטיפים מתוקים ,יח',חטיפים מתוקים ,
72993767,72993767,פסק זמן אגוזים,רגיל,0,3.20,6.50,6.50,מוצרי מכולת ,יח',מוצרי מכולת ,
73691365,7296073691365,פולי סויה שלמים 450 גרם ,רגיל,1,4.50,9.90,,קפואים מצוננים ,יח',קפואים מצוננים ,
75054380,75054380,חטיף בון בון ממולא,רגיל,0,0.96,2.90,2.90,חטיפים מתוקים ,יח',חטיפים מתוקים ,
76136184,76136184,פאל מאל ס.ס כחול טיוב,רגיל,10,29.47,41.00,40.00, כל הסיגריות,יח', כל הסיגריות,
76145759,76145759,טובלרון חלב 35 גרם ,רגיל,0,3.13,4.90,4.90,חטיפים מתוקים ,יח',חטיפים מתוקים ,
76589125,76589125,מספריים קטנות,רגיל,0,0.00,15.00,15.00,מוצרי מכולת ,יח',מוצרי מכולת ,
77958921,77958921,חטיף טופי בון בון,רגיל,0,0.93,2.90,2.90,חטיפים מתוקים ,יח',חטיפים מתוקים ,
77975270,77975270,טופי בון בון זהב,רגיל,0,0.69,2.90,2.90,חטיפים מתוקים ,יח',חטיפים מתוקים ,
80001027,80001027,טורטינה שוקולד,רגיל,61,2.40,5.90,6.90,חטיפים מתוקים ,יח',חטיפים מתוקים ,
80001126,80001126,מיני טורטינה,רגיל,12,1.43,3.00,3.00,מוצרי מכולת ,יח',מוצרי מכולת ,
80001287,80001287,גרדנה אגוזים,רגיל,40,2.70,5.90,6.90,חטיפים מתוקים ,יח',חטיפים מתוקים ,
80001355,80001355,לוקר צהוב אישי,רגיל,0,2.00,3.90,3.90,חטיפים מתוקים ,יח',חטיפים מתוקים ,
80001461,80001461,גרדנה שוקולד,רגיל,2,2.70,5.90,6.90,חטיפים מתוקים ,יח',חטיפים מתוקים ,
80001485,80001485,גרדנה קוקוס,רגיל,60,2.70,5.90,6.90,חטיפים מתוקים ,יח',חטיפים מתוקים ,
80001737,80001737,וופל קקאו,רגיל,0,1.90,3.90,4.90,חטיפים מתוקים ,יח',חטיפים מתוקים ,
80001751,80001751,ליימן לואקר וופל לבן,רגיל,0,1.90,3.90,4.90,חטיפים מתוקים ,יח',חטיפים מתוקים ,
80001799,80001799,טורטינה לבן,רגיל,75,2.70,5.90,6.90,חטיפים מתוקים ,יח',חטיפים מתוקים ,
80001911,80001911,גרדנה לבן,רגיל,33,2.70,5.90,6.90,חטיפים מתוקים ,יח',חטיפים מתוקים ,
80050025,80050025,טיק טק תפוז,רגיל,8,2.25,3.90,3.90,חטיפים מתוקים ,יח',חטיפים מתוקים ,
80050124,000080050124,טיק טק סוכריות מנטה 16 גרם,רגיל,9,2.25,3.90,3.90,חטיפים מתוקים ,יח',חטיפים מתוקים ,
80050278,80050278,חטיף פררו רושר,רגיל,44,4.50,7.90,8.90,חטיפים מתוקים ,יח',חטיפים מתוקים ,
80051657,80051657,פררו נוטלה זכוכית 30 גרם,רגיל,123,2.35,4.90,,מוצרי מכולת ,יח',מוצרי מכולת ,
80052487,80052487,רפאלו שלשות,רגיל,-7,2.93,7.90,8.90,חטיפים מתוקים ,יח',חטיפים מתוקים ,
80052760,80052760,קינדר חום,רגיל,212,3.90,7.90,8.90,חטיפים מתוקים ,יח',חטיפים מתוקים ,
80052883,80052883,טיק טק מנטה חזקה כחול,רגיל,5,2.25,3.90,3.90,מוצרי מכולת ,יח',מוצרי מכולת ,
80135876,80135876,ממרח פררו נוטלה 400 גרם,רגיל,13,15.10,29.90,,מוצרי מכולת ,יח',מוצרי מכולת ,
80136194,80136194,פררו קינדר חמישיות לבן,רגיל,45,10.10,15.90,15.90,חטיפים מתוקים ,יח',חטיפים מתוקים ,
80136194,80136194,פררו קינדר חמישיות לבן,רגיל,45,12.20,15.90,15.90,חטיפים מתוקים ,יח',חטיפים מתוקים ,
80176732,80176732,פררו- קינדר הפי הפו,רגיל,-60,2.74,3.90,4.90,חטיפים מתוקים ,יח',חטיפים מתוקים ,
80176800,80176800,ממרח נוטלה 750 גרם,רגיל,10,24.65,39.90,40.90,חטיפים מתוקים ,יח',חטיפים מתוקים ,
80177173,80177173,נוטלה ממרח אגוזי לוז עם קקאו,רגיל,0,0.00,18.00,18.00,מוצרי מכולת ,יח',מוצרי מכולת ,
80177180,80177180,קינדר קאונטרי,רגיל,12,2.00,2.90,2.90,חטיפים מתוקים ,יח',חטיפים מתוקים ,
80177609,80177609,אצבעות קינדר,רגיל,19,2.99,5.90,6.90,חטיפים מתוקים ,יח',חטיפים מתוקים ,
80177616,80177616,שוקולד קינדר,רגיל,0,5.27,9.90,9.90,חטיפים מתוקים ,יח',חטיפים מתוקים ,
80310549,80310549,היפי היפו לבן,רגיל,-83,2.17,3.90,3.90,חטיפים מתוקים ,יח',חטיפים מתוקים ,
80310891,80310891,ביצת הפתעה קינדר ג'וי 20 גרם,רגיל,7,4.20,7.90,8.90,חטיפים מתוקים ,יח',חטיפים מתוקים ,
80761761,80761761,קינדר בואנו לבן,רגיל,157,3.90,7.90,8.90,חטיפים מתוקים ,יח',חטיפים מתוקים ,
80768258,80768258,קינד גוי ורוד,רגיל,0,4.18,8.00,8.00,מוצרי מכולת ,יח',מוצרי מכולת ,
80771418,80771418,פררו טיק טק מנדרינה וליים 16 גרם,רגיל,12,2.25,3.90,3.90,חטיפים מתוקים ,יח',חטיפים מתוקים ,
80773429,80773429,מנטוס בקבוקון תות,רגיל,5,5.50,11.90,12.90,חטיפים מתוקים ,יח',חטיפים מתוקים ,
80773443,80773443,ליימן מנטוס מעוגל ירוק,רגיל,3,5.50,11.90,12.90,חטיפים מתוקים ,יח',חטיפים מתוקים ,
80776307,80776307,מנטוס ביג פירות,רגיל,0,11.90,19.90,19.90,חטיפים מתוקים ,יח',חטיפים מתוקים ,
80785385,80785385,מנטה עדינהTWO טיק טק,רגיל,0,5.70,8.90,8.90,חטיפים מתוקים ,יח',חטיפים מתוקים ,
80790990,80790990,מסטיק בקבוק בטעם פירות מנטה,רגיל,1,5.50,11.90,12.90,חטיפים מתוקים ,יח',חטיפים מתוקים ,
80794158,80794158,בקבוקון מנטוס פיור וויט פירות מנטה,רגיל,0,6.83,11.90,11.90,חטיפים מתוקים ,יח',חטיפים מתוקים ,
80794233,80794233,מנטוס ביג מנטה,רגיל,0,13.45,19.90,19.90,חטיפים מתוקים ,יח',חטיפים מתוקים ,
80794233,80794233,מנטוס ביג מנטה,רגיל,0,11.90,19.90,19.90,חטיפים מתוקים ,יח',חטיפים מתוקים ,
80798026,80798026,טיק טק טו פטל למון ,רגיל,0,5.70,8.90,,חטיפים מתוקים ,יח',חטיפים מתוקים ,
80820970,80820970,טורטינה חמאת בוטנים 21 ג',רגיל,0,2.30,5.90,5.90,מוצרי מכולת ,יח',מוצרי מכולת ,
80831402,80831402,מנטוס מנטה עדינה ירוק Clean Breath ,רגיל,24,4.36,6.90,6.90,חטיפים מתוקים ,יח',חטיפים מתוקים ,
80832560,80832560,סוכריות מנטה פירות יער 21 גרם,רגיל,-18,4.36,6.90,6.90,חטיפים מתוקים ,יח',חטיפים מתוקים ,
80843184,80843184,מנטוס בקבוקון ענבים,רגיל,33,5.50,11.90,12.90,חטיפים מתוקים ,יח',חטיפים מתוקים ,
80850885,80850885,מנטוס בקבוקון ירוק,רגיל,0,7.00,11.00,11.00,מוצרי מכולת ,יח',מוצרי מכולת ,
80854753,80854753,סוכריות מנטוס מנטה לל"ס 21 גרם,רגיל,1,4.30,6.90,6.90,חטיפים מתוקים ,יח',חטיפים מתוקים ,
80862130,80862130,פיור פרד מנטוס אבטיח,רגיל,0,5.84,12.00,12.00,מוצרי מכולת ,יח',מוצרי מכולת ,
80864295,80864295,בקבוקון מנטוס מנטה עדינה,רגיל,6,5.50,11.90,12.90,חטיפים מתוקים ,יח',חטיפים מתוקים ,
80867067,80867067,קינדר בואנו Dark,רגיל,30,3.03,8.90,,ממתקים ,יח',ממתקים ,
80874652,80874652,חטיף קינדר קארדיס בודד,רגיל,18,2.80,4.90,5.90,חטיפים מתוקים ,יח',חטיפים מתוקים ,
80879114,80879114,לואקר מקסי אגוז 50 גר׳ 1/25 ((12,רגיל,25,3.70,5.90,6.90,חטיפים מתוקים ,יח',חטיפים מתוקים ,
80896081,80896081,מנטוס בקבוקון אבטיח,רגיל,-1,5.50,11.90,12.90,חטיפים מתוקים ,יח',חטיפים מתוקים ,
80906056,80906056,ביצת הפתעה סופרייז - קינדר,רגיל,48,3.85,8.90,,חטיפים מתוקים ,יח',חטיפים מתוקים ,
80913467,80913467,MENTOS בטעם מנטה,רגיל,-3,5.50,11.90,11.90,חטיפים מתוקים ,יח',חטיפים מתוקים ,
80926481,80926481,מנטוס ביג תות,רגיל,0,11.90,19.90,19.90,חטיפים מתוקים ,יח',חטיפים מתוקים ,
80936848,80936848,סוכריות טיק טק תות שדה 16 גרם,רגיל,9,2.25,3.90,3.90,חטיפים מתוקים ,יח',חטיפים מתוקים ,
80938828,80938828,מנטוס 3D אבטיח אננס,רגיל,0,5.15,8.00,8.00,מוצרי מכולת ,יח',מוצרי מכולת ,
80940234,80940234,לואקר מקסי שוקולד 50 גר׳,רגיל,36,3.70,5.90,6.90,חטיפים מתוקים ,יח',חטיפים מתוקים ,
80945468,80945468,מנטוס בקבוקון מנטה מתוקה,רגיל,-1,5.50,11.90,12.90,חטיפים מתוקים ,יח',חטיפים מתוקים ,
80948698,80948698,מנטוס בקבוקון טרופי,רגיל,0,0.00,9.50,9.50,מוצרי מכולת ,יח',מוצרי מכולת ,
80954521,80954521,מנטוס פיור תות,רגיל,0,5.84,12.00,12.00,מוצרי מכולת ,יח',מוצרי מכולת ,
80974215,80974215,מנטוס ביג תות,רגיל,0,13.45,19.90,19.90,חטיפים מתוקים ,יח',חטיפים מתוקים ,
80974215,80974215,מנטוס ביג תות,רגיל,0,11.90,19.90,19.90,חטיפים מתוקים ,יח',חטיפים מתוקים ,
80974482,80974482,קינדר גוי כחול,רגיל,0,4.18,8.00,8.00,מוצרי מכולת ,יח',מוצרי מכולת ,
80977070,80977070,מנטוס פיור פריש,רגיל,0,5.84,11.00,11.00,מוצרי מכולת ,יח',מוצרי מכולת ,
80978732,80978732,מנטוס  ענבים  בקבוקון,רגיל,0,6.83,11.90,12.90,חטיפים מתוקים ,יח',חטיפים מתוקים ,
80979128,80979128,מנטוס בקבוקון דובדבן,רגיל,-3,5.50,11.90,12.90,חטיפים מתוקים ,יח',חטיפים מתוקים ,
80982470,80982470,MENTOS מנטה חזק,רגיל,1,5.50,11.90,12.90,חטיפים מתוקים ,יח',חטיפים מתוקים ,
80986348,80986348,מנטוס בקבוקון וויט כחול,רגיל,20,5.50,11.90,12.90,חטיפים מתוקים ,יח',חטיפים מתוקים ,
80995128,80995128,ליימן מנטוס בקבוק מעוגל,רגיל,0,6.83,11.90,11.90,חטיפים מתוקים ,יח',חטיפים מתוקים ,
86931960,86931960,גזוז תפוז 250 מ"ל,רגיל,2,2.80,4.90,6.90,משקאות ,יח',משקאות ,
86935982,86935982,גזוז תות 250 מ״ל,רגיל,209,1.77,4.90,6.90,משקאות ,יח',משקאות ,
87108019,87108019,מנטוס מנטה,רגיל,0,2.23,5.00,5.00,מוצרי מכולת ,יח',מוצרי מכולת ,
87108538,87108538,מנטוס תות,רגיל,1,2.00,4.90,5.90,חטיפים מתוקים ,יח',חטיפים מתוקים ,
87108910,87108910,מנטוס בלון מיני,רגיל,477,0.56,1.00,1.00,מוצרי מכולת ,יח',מוצרי מכולת ,
87366105,87366105,מנטוס פאנטה,רגיל,62,2.10,4.90,5.90,חטיפים מתוקים ,יח',חטיפים מתוקים ,
87366440,87366440,ליימן מנטוס רייבו 1/40,רגיל,0,2.10,4.90,4.90,חטיפים מתוקים ,יח',חטיפים מתוקים ,
88310380,88310380,YESIDO VC03 Vacuum Cleaner,רגיל,0,70.00,120.00,,אבזרי סלולר ו חשמל ,יח',אבזרי סלולר ו חשמל ,
90162602,90162602,רד בול אנרגיה 250 מ""ל,רגיל,907,3.53,8.90,9.90,משקאות ,יח',משקאות ,
90162800,90162800,רד בול ללא סוכר,רגיל,-12,3.75,8.90,9.90,משקאות ,יח',משקאות ,
90357473,90357473,פרלל מיני קולה ZERO 11/12 פחית 150 מ"ל,רגיל,0,1.40,2.50,2.50,משקאות ,יח',משקאות ,
90420065,6943090420065,קינוח קפוא - אפרסק ,רגיל,0,12.71,19.90,19.90,גלידות ,יח',גלידות ,
90446269,90446269,רד בול אבטיח,רגיל,-18,3.75,8.90,9.90,משקאות ,יח',משקאות ,
90456961,90456961,רד-בול אנרגיה תות משמש,רגיל,-13,4.21,8.90,9.90,משקאות ,יח',משקאות ,
90474798,90474798,רד-בול ענבים 250 מ״ל 1/24.,רגיל,-24,4.03,8.90,9.90,משקאות ,יח',משקאות ,
90486715,90486715,רד בול ללא סוכר 250 מ"ל,רגיל,103,3.53,8.90,,משקאות ,יח',משקאות ,
90486869,90486869,משקה אנרגיה רד בול אפרסק 250 מ"ל,רגיל,256,3.53,8.90,,משקאות ,יח',משקאות ,
90500113,7290002909804,1 ק׳ פילה מרלוזה ללא עור 3 יח׳ במארז,רגיל,7.000,23.50,42.90,,בשרים ,ק"ג,בשרים ,
90500359,7290001455494,1 ק׳ דג אמנון ללא עור 3 יח׳ במארז,רגיל,9.800,21.00,37.90,,בשרים ,ק"ג,בשרים ,
90500361,7290001053201,1 ק׳ סלמון מנות נורוויגי 3 יח׳ במארז,רגיל,1,35.00,59.90,,בשרים ,יח',בשרים ,
96198124,96198124,סוכריות בטעם דובדבן,רגיל,-1,4.60,7.90,8.90,חטיפים מתוקים ,יח',חטיפים מתוקים ,
96198155,96198155,סוכריות פישרמנ'ס 1/24(12) אקליפטוס לל"",רגיל,5,4.60,7.90,8.90,חטיפים מתוקים ,יח',חטיפים מתוקים ,
96198162,96198162,סוכריות פישרמנ'ס מנטה לל""ס  25ג 1/,רגיל,0,4.60,7.90,8.90,חטיפים מתוקים ,יח',חטיפים מתוקים ,
97200172,7290003287284,קבב ביתי בלדי 600 גרם ,רגיל,1,19.00,32.90,,בשרים ,יח',בשרים ,
97200173,97200173,קבב קציצות 500 גרם,רגיל,0,21.00,32.90,,בשרים ,יח',בשרים ,
97200174,7290001436790,מיני מרגז חריפות,רגיל,0,20.00,32.90,,בשרים ,יח',בשרים ,
97200175,7290003287291,קבב טלה וצנובר,רגיל,0,19.00,32.90,,בשרים ,יח',בשרים ,
97200180,7290117610961,המבורגר מסעדות אסטדו 500 גרם,רגיל,1,19.00,32.90,,בשרים ,יח',בשרים ,
97200211,7290010922925,המבורגר 500י- חידה 2 מנות ביחידה 250גרם,רגיל,2,21.00,34.90,,בשרים ,יח',בשרים ,
99013465,9901348,מבצע צימוקים לבן,רגיל,10,8.54,14.90,,מוצרי שימוש מטבח -חנות ,יח',מוצרי שימוש מטבח -חנות ,
100230770,7290100230770,קרוסאן שוקלד ,רגיל,0,2.86,2.70,,מוצרי שימוש מטבח -חנות ,יח',מוצרי שימוש מטבח -חנות ,
100235553,7290100235553,עוגת בריוש תפוח עם אגוז 550 גרם ,רגיל,-2,20.56,23.90,23.90,מוצרי מאפים ,יח',מוצרי מאפים ,
100704530,7290100704530,קמח כוסמין לבן 1 ק"ג ,רגיל,15,8.90,16.00,16.00,מוצרי מכולת ,יח',מוצרי מכולת ,
100704707,7290100704707,אורז מיקס קלאסי,רגיל,12,5.20,8.90,,מוצרי מכולת ,יח',מוצרי מכולת ,
100852606,7290100852606,מארז קפה שחור ,רגיל,0,24.90,38.90,,מוצרי בית,יח',מוצרי בית,
102393039,7290102393039,"מולר מיקס בתוספת פצפוצי שוקולד, 170 גרם ",רגיל,0,4.57,6.90,6.90,מוצרי מקרר ,יח',מוצרי מקרר ,
102393176,7290102393176,סימפלי אפרסק 3%,רגיל,0,4.06,5.90,5.90,מוצרי מקרר ,יח',מוצרי מקרר ,
102393190,7290102393190,סימפלי פ.יער 3 %,רגיל,0,4.06,5.90,5.90,מוצרי מקרר ,יח',מוצרי מקרר ,
102393947,7290102393947,סימפלי קיווי 3%,רגיל,0,4.06,5.90,5.90,מוצרי מקרר ,יח',מוצרי מקרר ,
102398577,7290102398577,"משקה חלב בטעם שוקו, 250 מ""ל",רגיל,0,4.28,6.50,6.50,מוצרי מקרר ,יח',מוצרי מקרר ,
102441969,7290102441969,סוזוקי סולם 2 כסר 2 שלבים ,רגיל,4,59.00,99.90,,מוצרי חצר תחנה ,יח',מוצרי חצר תחנה ,
102441976,7290102441976,סזוקי סולם 3 שלבים ,רגיל,0,79.00,129.90,,מוצרי חצר תחנה ,יח',מוצרי חצר תחנה ,
103706302,7290103706302,שקיות אוכל ,רגיל,13,5.50,10.90,,מוצרי מכולת ,יח',מוצרי מכולת ,
104061417,7290104061417,חומס 400 גרם ,רגיל,6,8.06,14.90,14.90,מוצרי מקרר ,יח',מוצרי מקרר ,
104061424,7290104061424,חומס 400 גרם ,רגיל,-6,9.90,14.90,14.90,מוצרי מקרר ,יח',מוצרי מקרר ,
104509247,7290104509247,עוגת קראנץ ט . שוקולד עשיר  650 גרם ,רגיל,-6,17.59,19.90,19.90,מוצרי מאפים ,יח',מוצרי מאפים ,
104724718,7290104724718,ממולדה שוקולד נוגט ,רגיל,21,6.70,9.90,12.90,חטיפים מתוקים ,יח',חטיפים מתוקים ,
105171412,7290105171412,דבק 3 שניות,רגיל,-7,3.40,9.90,,אבזרי סלולר ו חשמל ,יח',אבזרי סלולר ו חשמל ,
105368959,7290105368959,שוקו ורוד 250 מ"ל ,רגיל,34,3.72,6.90,,מוצרי מקרר ,יח',מוצרי מקרר ,
105369147,7290105369147,ספלנדיד מריר פירות יער,רגיל,15,10.50,17.90,,ממתקים ,יח',ממתקים ,
105474117,7290105474117,בונזו מולטיפאק 400 גרם - סגול ,רגיל,18,3.85,8.90,6.90,בעלי חיים ,יח',בעלי חיים ,
105475824,7290105475824,לה קט מולטיפק נתחונים בגלי400 -וורד ,רגיל,7,4.24,8.90,8.90,בעלי חיים ,יח',בעלי חיים ,
105475831,7290105475831,לה קט מולטיפק נתחונים בגלי 400 גרם- כחול ,רגיל,-15,4.24,8.90,6.90,בעלי חיים ,יח',בעלי חיים ,
105475848,7290105475848,לה קט מולטיפק נתחונים בגלי 400 גרם,רגיל,-16,4.24,8.90,6.90,בעלי חיים ,יח',בעלי חיים ,
105694614,7290105694614,פסטה ספגטי הכנה מהירה 500 גרם,רגיל,-2,0.00,9.90,,מוצרי מכולת ,יח',מוצרי מכולת ,
106012900,2500106012900,תמר מגהול 500 גרם ,רגיל,-8,28.00,45.00,44.00,פיצוחים,יח',פיצוחים,
106571907,7290106571907,עוגיות שוקולד צ'יפס 180 גרם,רגיל,0,0.00,0.00,,חטיפים מלוחים ,יח',חטיפים מלוחים ,
106571945,7290106571945,עוגיות פיטנס שוקולד מריר 180 גרם,רגיל,0,0.00,0.00,,חטיפים מלוחים ,יח',חטיפים מלוחים ,
106572614,7290106572614,דובונים פיצה 40 גרם,רגיל,0,0.00,0.00,,חטיפים מלוחים ,יח',חטיפים מלוחים ,
106573543,7290106573543,מיני קרואסון שקדים חלבי 6,רגיל,0.000,222.68,210.21,,מוצרי שימוש מטבח -חנות ,ק"ג,מוצרי שימוש מטבח -חנות ,
106574793,7290106574793,עוגת הבית שוקו שוקוצ'יפס 350 גם,רגיל,2,12.43,19.90,,מוצרי מכולת ,יח',מוצרי מכולת ,
106575431,7290106575431,והבית עוגת סופלי בטעם שוקו וניל ,רגיל,0,12.43,14.90,15.90,חטיפים מתוקים ,יח',חטיפים מתוקים ,
106577527,7290106577527,סלט קולסלו 400 גרם,רגיל,0,11.76,15.90,16.90,משקאות ,יח',משקאות ,
107122021,107122021,כיסוי אייפון שקוף,רגיל,0,0.00,50.00,50.00,מוצרי מכולת ,יח',מוצרי מכולת ,
107875820,7290107875820,קרוטונים אפויים בתיבול ביתי 180 גרם,רגיל,0,0.00,0.00,,מוצרי מכולת ,יח',מוצרי מכולת ,
107936309,7290107936309,דנונה בקבוק,רגיל,25,2.43,4.90,4.90,מוצרי מקרר ,יח',מוצרי מקרר ,
107947480,7290107947480,חטיף דגנים ENERGY מצופה שוקולד חלב,רגיל,0,10.50,17.90,,חטיפים מתוקים ,יח',חטיפים מתוקים ,
107951548,7290107951548,שוקולד בלונדי שקדים 100גרם ,רגיל,10,8.40,12.90,15.90,חטיפים מתוקים ,יח',חטיפים מתוקים ,
107958639,7290107958639,סלט תורקי,רגיל,4,8.00,12.90,12.90,מוצרי מקרר ,יח',מוצרי מקרר ,
108071191,7290108071191,בוקט סוכריות על מקל - מיניונים,רגיל,24,7.99,14.90,,תכשיטים לילדות קטנות ,יח',תכשיטים לילדות קטנות ,
108076837,7290108076837,בוקט סוכריות על מקל - בלו קיטי,רגיל,24,7.99,14.90,,תכשיטים לילדות קטנות ,יח',תכשיטים לילדות קטנות ,
108987553,7290108987553,חצובה לתנור אינפרא ,רגיל,2,59.00,89.90,,מוצרי חצר תחנה ,יח',מוצרי חצר תחנה ,
108987867,7290108987867,סזוקי רב שקע 3 כבל 3מ,רגיל,0,15.90,29.90,,מוצרי חצר תחנה ,יח',מוצרי חצר תחנה ,
109122021,109122021,כיסוי לבן אייפון פרו,רגיל,0,0.00,50.00,50.00,מוצרי מכולת ,יח',מוצרי מכולת ,
109355740,7290109355740,בונזור מפה חמאה מלטח תפןא וגבינות ,רגיל,0,174.77,164.99,164.99,מוצרי שימוש מטבח -חנות ,יח',מוצרי שימוש מטבח -חנות ,
109580135,7290109580135,פרימיום קורנדביף 180 גרם ,רגיל,0,21.29,31.90,31.90,נקיניקיות ,יח',נקיניקיות ,
109580166,7290109580166,פרימיום סרוולד קלאסי ,רגיל,0,21.29,31.90,31.90,נקיניקיות ,יח',נקיניקיות ,
109580432,7290109580432,פסטרמה מעושנת 120 ג דק ,רגיל,0,12.29,16.90,16.90,נקיניקיות ,יח',נקיניקיות ,
109580968,7290109580968,פסטרמה אקסטרה מעושנת 330 גרם ,רגיל,0,27.74,31.90,31.90,נקיניקיות ,יח',נקיניקיות ,
109843780,7290109843780,תמור חימום אימפרא ,רגיל,2,27.00,49.90,,מוצרי חצר תחנה ,יח',מוצרי חצר תחנה ,
109843810,7290109843810,מפזר חום עומד / שוכב ,רגיל,1,35.00,49.90,,מוצרי חצר תחנה ,יח',מוצרי חצר תחנה ,
109923710,7290109923710,ג'ל ניקוי אסלה ורדים - אסטוניש,רגיל,7,7.90,12.90,,מוצרי ניקיון ו טיפוח אישי,יח',מוצרי ניקיון ו טיפוח אישי,
110113926,7290110113926,פאנטה אורנג ZERO 500 מ"ל,רגיל,49,3.58,8.90,9.90,משקאות ,יח',משקאות ,
110114039,7290110114039,פריגת מנגו 330 מ"ל,רגיל,99,2.68,7.90,,משקאות ,יח',משקאות ,
110114299,7290110118600,פריגת למון נענע דיאט 1.5 ליטר,רגיל,5,5.80,11.90,,משקאות ,יח',משקאות ,
110115272,7290110115272,ספרייט ליים ZERO 1.5 ליטר,רגיל,-15,6.25,12.90,12.90,משקאות ,יח',משקאות ,
110117382,7290110117382,פיוזטי ZERO פירות יער נענע 1.5 ליטר,רגיל,20,6.38,12.90,,משקאות ,יח',משקאות ,
110117689,7290110117689,ספרייט ZERO לימון נענע 1.5 ליטר ,רגיל,28,6.25,12.90,12.90,משקאות ,יח',משקאות ,
110117962,7290110117962,ספרייט LIME תרסיס 1 ליטר ,רגיל,4,4.98,9.90,,משקאות ,יח',משקאות ,
110117979,7290110117979,ספריט ZERO תרסיס 1 ליטר ,רגיל,0,4.98,9.90,,משקאות ,יח',משקאות ,
110118075,7290110118075,נורדיק פחית סודה לימון ,רגיל,1,1.87,4.90,5.90,משקאות ,יח',משקאות ,
110118082,7290110118082,נורידק פחית סודה בטעם תפוח נענע ,רגיל,-1,1.87,4.90,5.90,משקאות ,יח',משקאות ,
110118990,7290110118990,נביעות + קוקוס אננס 1.5 ליטר,רגיל,23,5.67,12.90,,משקאות ,יח',משקאות ,
110119003,7290110119003,נביעות + קוקוס אננס 500 מ"ל,רגיל,42,3.91,7.90,,משקאות ,יח',משקאות ,
110119188,7290110119188,פאנטה Wild Berry ליתר ומצי,רגיל,5,6.01,12.90,,משקאות ,יח',משקאות ,
110119195,7290110119195,סליק פאנטה ברי 330 מ"ל,רגיל,25,2.55,6.90,,משקאות ,יח',משקאות ,
110321277,7290110321277,"קוטג' בקטנה 5%, 100 גרם",רגיל,0,2.02,2.90,,מוצרי מקרר ,יח',מוצרי מקרר ,
110324858,7290110324858,מעדן שקדים בטעם אגוזי לוז,רגיל,6,2.99,5.90,,מוצרי מקרר ,יח',מוצרי מקרר ,
110324926,7290110324926,משקה סויה ללא תוספת סוכר 1 ליטר,רגיל,1,7.67,12.90,,מוצרי מקרר ,יח',מוצרי מקרר ,
110325305,7290110325305,מעדן GO בטעם סויה מתיקות,רגיל,11,4.19,7.90,,מוצרי מקרר ,יח',מוצרי מקרר ,
110329686,7290110329686,משקה חלב גו עוגיות 340,רגיל,3,5.89,8.90,8.90,מוצרי מכולת ,יח',מוצרי מכולת ,
110329952,7290110329952,יוגורט חלבון יופלה GO סמיך קוקוס 200 גרם,רגיל,-2,4.39,6.50,,מוצרי מקרר ,יח',מוצרי מקרר ,
110550820,7290110550820,ספלנדיד שוקולד חלב מקורמל,רגיל,0,10.50,17.90,,ממתקים ,יח',ממתקים ,
110555146,7290110555146,מעדן הגולן בטעם מוקה,רגיל,4,2.04,4.90,,מוצרי מקרר ,יח',מוצרי מקרר ,
110557133,7290110557133,מעדן הגולן וניל ,רגיל,6,2.04,3.90,3.90,מוצרי מקרר ,יח',מוצרי מקרר ,
110557423,7290110557423,מילקה טריו,רגיל,16,2.43,6.90,6.90,מוצרי מקרר ,יח',מוצרי מקרר ,
110558314,7290110558314,דנונה פרו פיסטוק ,רגיל,-8,4.35,6.90,6.90,מוצרי מקרר ,יח',מוצרי מקרר ,
110558437,7290110558437,אלפרו משקה ש.ש ,רגיל,0,7.84,13.90,,מוצרי מקרר ,יח',מוצרי מקרר ,
110558703,7290110558703,דנונה פרו 20 גרם ,רגיל,0,6.90,6.90,6.90,מוצרי מקרר ,יח',מוצרי מקרר ,
110565435,7290110565435,לימבו בטעם פטל,רגיל,18,1.44,2.90,,מוצרי מקרר ,יח',מוצרי מקרר ,
110577599,7290110577599,פריכיות בטעם בצל מקורמל,רגיל,-1,3.90,7.90,,חטיפים מלוחים ,יח',חטיפים מלוחים ,
110578053,7290110578053,דנונה קראנצ' Puffs שוקולד,רגיל,30,3.44,6.90,,מוצרי מקרר ,יח',מוצרי מקרר ,
111356223,7290111356223,יוגטה מקלות ממולא חלק 190 גרם,רגיל,24,5.70,9.90,,חטיפים מלוחים ,יח',חטיפים מלוחים ,
111357367,7290111357367,יוגטה שטיחים בטעמי פירות 190גרם,רגיל,24,5.70,9.90,,חטיפים מלוחים ,יח',חטיפים מלוחים ,
111358814,7290111358814,ליימן גת- מארז מכונת בוטן אמריקאי (12),רגיל,6,15.80,23.90,23.90,פיצוחים,יח',פיצוחים,
111564666,7290111564666,טבעול כדורי בשר מן הצומח,רגיל,0,22.46,29.90,,מוצרי מקרר ,יח',מוצרי מקרר ,
111566271,7290111566271,טבעות חטיפי תירס 657 גרם,רגיל,15,21.70,35.90,36.90,קפואים מצוננים ,יח',קפואים מצוננים ,
111566332,7290111566332,טבעול נקניקיות וינר ,רגיל,4,22.97,44.90,,מוצרי מקרר ,יח',מוצרי מקרר ,
111566714,7290111566714,בורגר צמחוני 99 קולוריות 600 גרם ,רגיל,7,28.30,42.90,43.90,קפואים מצוננים ,יח',קפואים מצוננים ,
111566752,7290111566752,טבעול שניצל תירס 99 קלוריות 490 גרם,רגיל,5,22.35,39.90,,מוצרי מקרר ,יח',מוצרי מקרר ,
111930898,7290111930898,פוף כוכבים גריל אמריקאי (32) 40 גרם,רגיל,-6,3.20,6.80,6.80,חטיפים מלוחים ,יח',חטיפים מלוחים ,
111930911,7290111930911,פוף לבבות קלאסי 40 גרם (32,רגיל,0,3.20,5.90,5.90,חטיפים מתוקים ,יח',חטיפים מתוקים ,
111930928,7290111930928,פוף לבבות גריל 40 גרם (32,רגיל,0,3.20,5.90,5.90,חטיפים מלוחים ,יח',חטיפים מלוחים ,
111930935,7290111930935,פוף טבעות קלאסי 40 גרם (32,רגיל,0,3.20,5.90,5.90,חטיפים מלוחים ,יח',חטיפים מלוחים ,
112103262,6251112103262,ממתק ללא סוכר איש,רגיל,64,2.96,5.90,5.90,חטיפים מתוקים ,יח',חטיפים מתוקים ,
112332158,7290112332158,שוקולד בלונדי קרם שמנת 100 גרם,רגיל,24,8.40,11.90,,ממתקים ,יח',ממתקים ,
112339867,7290112339867,גמדים תות,רגיל,0,3.90,6.90,6.90,מוצרי מקרר ,יח',מוצרי מקרר ,
112339874,7290112339874,גמדים סקוייז בטעם תות בננה ,רגיל,13,3.90,6.90,6.90,מוצרי מקרר ,יח',מוצרי מקרר ,
112343543,7290112343543,ציטוס קראנץ כמהין,רגיל,89,3.00,5.00,,חטיפים מלוחים ,יח',חטיפים מלוחים ,
112349606,7290112349606,דניאלה תות בננה,רגיל,4,2.89,6.00,6.00,מוצרי מקרר ,יח',מוצרי מקרר ,
112355102,7290112355102,גמדים סקוייז בטעם תות ,רגיל,13,3.90,6.90,6.90,מוצרי מקרר ,יח',מוצרי מקרר ,
112492593,7290112492593,פינוק רחצה 700 מ"ל קלאסי,רגיל,11,7.95,14.90,,מוצרי ניקיון ו טיפוח אישי,יח',מוצרי ניקיון ו טיפוח אישי,
112493293,7290112493293,נמס בכוס מרק ירקות - קנור,רגיל,40,5.05,8.90,,מוצרי בית,יח',מוצרי בית,
112495105,7290112495105,נשנושים שמנת בצל 260 גרם ,רגיל,0,8.52,15.90,,חטיפים מלוחים ,יח',חטיפים מלוחים ,
112495167,7290112495167,נשנושים קרקר משולש שומשום,רגיל,0,9.90,17.90,,חטיפים מלוחים ,יח',חטיפים מלוחים ,
112495228,7290112495228,קורנפלקס תלמה דבש 448 גרם,רגיל,11,14.50,24.90,,מוצרי מכולת ,יח',מוצרי מכולת ,
112495785,7290112495785,רוטב שום הלמנס 300 גרם,רגיל,11,8.30,15.90,,מוצרי מכולת ,יח',מוצרי מכולת ,
112498267,7290112498267,סבון ידיים פינוק 950 מ"ל קלאסי,רגיל,12,8.20,15.90,,מוצרי ניקיון ו טיפוח אישי,יח',מוצרי ניקיון ו טיפוח אישי,
112498281,7290112498281,סבון ידיים פינוק 950 מ"ל קוקוס,רגיל,12,8.20,14.90,,מוצרי ניקיון ו טיפוח אישי,יח',מוצרי ניקיון ו טיפוח אישי,
112498922,7290112498922,מאגדת מיני מג,רגיל,11,24.57,34.90,34.90,גלידות ,יח',גלידות ,
112499844,7290112499844,מאגדת שלגון דווט,רגיל,7,24.57,41.90,,גלידות ,יח',גלידות ,
112708182,7290112708182,סט קשירה סגול בהיר,רגיל,1,8.38,14.90,,מוצרי יום הולדת ו מתנות ,יח',מוצרי יום הולדת ו מתנות ,
112708366,7290112708366,סרט קשירה זהב בהיר מטלי,רגיל,1,10.50,17.90,,מוצרי יום הולדת ו מתנות ,יח',מוצרי יום הולדת ו מתנות ,
112914682,7290112914682,שוקולד חלב ואגוזי לוז 90 גרם,רגיל,29,8.90,14.90,,ממתקים ,יח',ממתקים ,
112914699,7290112914699,שוקולד חלב וקרמל מלוח 90 גרם,רגיל,28,8.90,14.90,,ממתקים ,יח',ממתקים ,
112915351,7290112915351,מקס ברנר 1/18 חטיף חלבון קרמל מלוח 60 גר',רגיל,-2,13.99,20.90,20.90,מוצרי  אלקטרונים ,יח',מוצרי  אלקטרונים ,
112961754,7290112961754,עוגיות שוקוצ'יפס קרם אגוזים 220 גרם,רגיל,0,0.00,0.00,,חטיפים מתוקים ,יח',חטיפים מתוקים ,
112963840,7290112963840,קרואסן חמה חלבי ,רגיל,0,3.28,3.87,,מוצרי שימוש מטבח -חנות ,יח',מוצרי שימוש מטבח -חנות ,
112963918,7290112963918,קרקר רוזמרין מפינט 140,רגיל,0,9.13,12.90,13.80,חטיפים מלוחים ,יח',חטיפים מלוחים ,
112963918,7290112963918,קרקר רוזמרין מפינט 140,רגיל,0,8.50,12.90,13.80,חטיפים מלוחים ,יח',חטיפים מלוחים ,
112965943,7290112965943,טבעול נטגטס ירקות ירוקים,רגיל,6,21.96,39.90,,מוצרי מקרר ,יח',מוצרי מקרר ,
112966728,7290112966728,צבר טחינה בלאדי פלפלים חריפים ,רגיל,0,11.35,18.90,18.90,מוצרי מקרר ,יח',מוצרי מקרר ,
112968203,7290112968203,צבר סלט טחינה בלאדי ,רגיל,0,9.52,13.90,13.90,מוצרי מקרר ,יח',מוצרי מקרר ,
112968524,7290112968524,סלט חומוס סמיר 250 ג,רגיל,0,9.57,12.90,12.90,מוצרי מקרר ,יח',מוצרי מקרר ,
112968708,7290112968708,טבעול שניצל תירס בדצ,רגיל,2,35.94,59.90,,מוצרי מקרר ,יח',מוצרי מקרר ,
112968722,7290112968722,טבעול נקנקיות מן הצומת עדה חרדית,רגיל,5,35.94,59.90,,מוצרי מקרר ,יח',מוצרי מקרר ,
113122021,113122021,כיסוי אייפון פרו אפור,רגיל,0,0.00,50.00,50.00,מוצרי מכולת ,יח',מוצרי מכולת ,
113309760,7290113309760,סופרים מעדן טונה עם דידים לחתול בג'לי,רגיל,43,2.64,6.90,,בעלי חיים ,יח',בעלי חיים ,
113309784,7290113309784,סופרים מעדן עוף עם סלמון לחתול ג'לי עדין,רגיל,42,2.64,6.90,,בעלי חיים ,יח',בעלי חיים ,
113309791,7290113309791,סופרים מעדן טונה לחתול ג'לי עדין,רגיל,45,2.64,6.90,,בעלי חיים ,יח',בעלי חיים ,
113314788,7290113314788,בוקט סוכריות על מקל - ברבי,רגיל,2,7.99,14.90,,תכשיטים לילדות קטנות ,יח',תכשיטים לילדות קטנות ,
114100748,7290114100748,אוזניות קשת CYCLE ARCH BT שחור,רגיל,2,51.30,89.90,,אבזרי סלולר ו חשמל ,יח',אבזרי סלולר ו חשמל ,
114100755,7290114100755,אוזניות קשת CYCLE ARCH BT לבן,רגיל,2,51.30,89.90,,אבזרי סלולר ו חשמל ,יח',אבזרי סלולר ו חשמל ,
114100762,7290114100762,אוזניות קשת אלחוטיות Cycle Arch BT כחול,רגיל,2,51.30,89.90,,אבזרי סלולר ו חשמל ,יח',אבזרי סלולר ו חשמל ,
114100779,7290114100779,אוזניות קשת אלחוטיות Cycle Arch BT אדום,רגיל,2,51.30,89.90,,אבזרי סלולר ו חשמל ,יח',אבזרי סלולר ו חשמל ,
114101714,7290114101714,מטען רכב 36W כבל טייפ סי ,רגיל,0,29.60,44.90,58.90,אבזרי סלולר ו חשמל ,יח',אבזרי סלולר ו חשמל ,
114102223,7290114102223,רמקול נייד Cycle ELEMENT שחור,רגיל,3,57.90,99.90,,אבזרי סלולר ו חשמל ,יח',אבזרי סלולר ו חשמל ,
114102230,7290114102230,רמקול נייד Cycle ELEMENT כחול,רגיל,0,57.90,99.90,,אבזרי סלולר ו חשמל ,יח',אבזרי סלולר ו חשמל ,
114102612,7290114102612,רמקול בלוטוס נייד CYCLE PULSE שחור,רגיל,-2,34.60,59.90,,אבזרי סלולר ו חשמל ,יח',אבזרי סלולר ו חשמל ,
114102636,7290114102636,רמקול בלוטוס נייד CYCLE PULSE אפור,רגיל,0,34.60,59.90,,אבזרי סלולר ו חשמל ,יח',אבזרי סלולר ו חשמל ,
114102919,7290114102919,סט מקלדת ועכבר אלחוטי ,רגיל,4,57.90,99.90,,אבזרי סלולר ו חשמל ,יח',אבזרי סלולר ו חשמל ,
114310536,7290114310536,מורל פרוטאין יוגורט וניל 25 מגרם ,רגיל,0,5.57,9.90,,מוצרי מקרר ,יח',מוצרי מקרר ,
114311069,7290114311069,עוגרט מולר לבן 0 מ% ,רגיל,0,5.49,9.90,,מוצרי מקרר ,יח',מוצרי מקרר ,
114313865,7290114313865,"חלב מועשר בחלבון, 1 ליטר",רגיל,2,9.97,13.90,,מוצרי מקרר ,יח',מוצרי מקרר ,
114652001,7290114652001,בלון מיילר 34 - כסף ספרה 1,רגיל,-1,7.90,15.90,,מוצרי יום הולדת ו מתנות ,יח',מוצרי יום הולדת ו מתנות ,
115181227,7290115181227,היטס טיארה טורקיז ,רגיל,18,25.42,35.00,38.90, כל הסיגריות,יח', כל הסיגריות,
115182217,7290115182217,היטס טיראה סאן פרל,רגיל,23,25.42,35.00,38.90, כל הסיגריות,יח', כל הסיגריות,
115200676,7290115200676,קרמוגיות קרמל מלוח,רגיל,0,10.06,14.90,,חטיפים מלוחים ,יח',חטיפים מלוחים ,
115201239,7290115201239,רוסטיק דגנים,רגיל,50,5.79,0.00,,לחם ,יח',לחם ,
115202168,7290115202168,מקל פילו פיצה 6 ק"ג,רגיל,1,161.43,0.00,,מוצרי מאפים ,יח',מוצרי מאפים ,
115203332,7290115203332,מקל פילו שוקולד נוגט 6 ק"ג,רגיל,1,151.43,0.00,,מוצרי מאפים ,יח',מוצרי מאפים ,
115204698,7290115204698,בייגלה שטוח שוםשום בטעם ביסלי גריל 300 גרם,רגיל,0,0.00,0.00,,חטיפים מלוחים ,יח',חטיפים מלוחים ,
115206661,7290115206661,סופגניות מיני מטוגנת עם ריבה 50 גרם ,רגיל,0,1.89,5.00,,מחלקת -Barista ,יח',מחלקת -Barista ,
115208283,7290115208283,ביסלי טוויסט פלאפל 60 גרם,רגיל,0,3.62,6.90,,חטיפים מלוחים ,יח',חטיפים מלוחים ,
115209150,7290115209150,טבעול נאגטס צמחוני ,רגיל,17,21.96,37.90,,מוצרי מקרר ,יח',מוצרי מקרר ,
115678383,7290115678383,מעדן הגולן מער,רגיל,18,2.04,3.90,,מוצרי מקרר ,יח',מוצרי מקרר ,
116537832,7290116537832,קליק דג דג מצופה שוקולד,רגיל,4,4.94,9.90,,חטיפים מתוקים ,יח',חטיפים מתוקים ,
116537849,7290116537849,קליק דג דג שוקולד לבן,רגיל,0,4.94,9.90,,חטיפים מתוקים ,יח',חטיפים מתוקים ,
116537993,7290116537993,חטיף שוגי קורנפלקס 26 גרם,רגיל,20,2.20,4.90,,חטיפים מלוחים ,יח',חטיפים מלוחים ,
116538013,7290116538013,חטיף קוקומן שוגי 21 גרם,רגיל,20,2.20,4.90,,חטיפים מלוחים ,יח',חטיפים מלוחים ,
116782683,7290116782683,סל פינקניק ידיות אלומיניום,רגיל,1,29.90,59.90,,מוצרי חצר תחנה ,יח',מוצרי חצר תחנה ,
116932811,7290116932811,מעדן YOLO עם שוקולד מריר,רגיל,11,3.47,6.90,,מוצרי מקרר ,יח',מוצרי מקרר ,
116934020,7290116934020,יוגרת GO קפה אוורירי,רגיל,-4,4.39,8.90,,מוצרי מקרר ,יח',מוצרי מקרר ,
116934358,7290116934358,בולגרית מועדנת ,רגיל,0,23.00,35.00,,מוצרי מקרר ,יח',מוצרי מקרר ,
116935614,7290116935614,"יוגורט גו במרקם קרמי בטעם טבעי, 200 גרם",רגיל,2,4.39,6.50,,מוצרי מקרר ,יח',מוצרי מקרר ,
116935898,7290116935898,יוגורט חלבון גו אוורירי אפרסק פסיפלורה ,רגיל,17,4.39,6.50,,מוצרי מקרר ,יח',מוצרי מקרר ,
116936024,7290116936024,חטיף חלבון תנובה עוגיות שוקולד לבן 62 גרם,רגיל,0,8.13,14.90,,חטיפים מתוקים ,יח',חטיפים מתוקים ,
116936031,7290116936031,חטיף חלבון תנובה קרמל שוקולד חלב 62 גרם,רגיל,1,8.13,14.90,,חטיפים מתוקים ,יח',חטיפים מתוקים ,
116936048,7290116936048,חטיף חלבון תנובה שוקולד 62 גרם,רגיל,2,8.13,14.90,,חטיפים מתוקים ,יח',חטיפים מתוקים ,
116936123,7290116936123,מעדן GO בטעם דובדבן,רגיל,4,4.39,7.90,,מוצרי מקרר ,יח',מוצרי מקרר ,
116936178,7290116936178,משקה תנובה GO בטעם קפה מכיל קריאטין 25ג,רגיל,13,5.89,9.90,,מוצרי מקרר ,יח',מוצרי מקרר ,
116936215,7290116936215,יופ גו יוגרט תפוח,רגיל,6,4.39,6.50,6.50,מוצרי מקרר ,יח',מוצרי מקרר ,
116936390,7290116936390,יוגורט יופלה טופ פקאן מצופה 157 גרם,רגיל,15,3.69,7.90,,מוצרי מקרר ,יח',מוצרי מקרר ,
116936482,7290116936482,משקה תנובה GO בטעם שוקולד מכיל קריאטין 25ג,רגיל,1,5.89,9.90,,מוצרי מקרר ,יח',מוצרי מקרר ,
116936581,7290116936581,יוגורט חלבון GO לבן סמיך 20 גרם,רגיל,3,4.39,7.90,,מוצרי מקרר ,יח',מוצרי מקרר ,
117260289,7290117260289,פיצה עם זיתים 125 גרם ,רגיל,0,3.20,7.90,,קפואים מצוננים ,יח',קפואים מצוננים ,
117263037,7290117263037,דונטס בציפוי טעם וניל ועיטור,רגיל,36,5.67,0.00,,מאפים (גדרון - שמרים ),יח',מאפים (גדרון - שמרים ),
117263068,7290117263068,דונטס בציפוי בטעם קרמל,רגיל,0,5.67,0.00,,מאפים (גדרון - שמרים ),יח',מאפים (גדרון - שמרים ),
117265321,7290117265321,דונאט במילוי קרם עם שברי,רגיל,36,5.67,0.00,,מאפים (גדרון - שמרים ),יח',מאפים (גדרון - שמרים ),
117267660,7290117267660,דונטס בציפוי בטעם מסטיק,רגיל,36,5.67,0.00,,מאפים (גדרון - שמרים ),יח',מאפים (גדרון - שמרים ),
117825280,7290117825280,בלון מיילר 26 - עגלה כחולה יום הולדת הבן,רגיל,5,7.20,11.90,,מוצרי יום הולדת ו מתנות ,יח',מוצרי יום הולדת ו מתנות ,
117825433,7290117825433,בלון מיילר 36 פפיון - כחול,רגיל,5,5.72,9.90,,מוצרי יום הולדת ו מתנות ,יח',מוצרי יום הולדת ו מתנות ,
117825440,7290117825440,בלון מיילר 36 פפיון - ורוד,רגיל,4,5.72,9.90,,מוצרי יום הולדת ו מתנות ,יח',מוצרי יום הולדת ו מתנות ,
117826997,7290117826997,בלון מיילר 18 - כדורגל שחור לבן,רגיל,4,4.49,7.90,,תכשיטים לילדות קטנות ,יח',תכשיטים לילדות קטנות ,
117907580,7290117907580,אגוזי לוז בציפוי שוקולד מריר ,רגיל,12,13.50,19.90,19.90,חטיפים מתוקים ,יח',חטיפים מתוקים ,
117907597,7290117907597,שקדים בציפוי שוקולד מריר - שקדיה,רגיל,0,13.50,19.90,,חטיפים מתוקים ,יח',חטיפים מתוקים ,
118350590,7290118350590,רדיד אלומניום 45*10סמ,רגיל,12,7.10,12.90,,מוצרי מכולת ,יח',מוצרי מכולת ,
118350613,7290118350613,רדיד אלומניום 45*50סמ,רגיל,12,19.90,36.90,,מוצרי מכולת ,יח',מוצרי מכולת ,
118351016,7290118351016,מטלית משטח מיקרו,רגיל,24,3.50,6.90,,מוצרי ניקיון ו טיפוח אישי,יח',מוצרי ניקיון ו טיפוח אישי,
118352129,7290118352129,צמרוני עץ 80 יח" בשקית שקד,רגיל,21,1.00,1.90,,מוצרי מכולת ,יח',מוצרי מכולת ,
118352594,7290118352594,נייר אפיה רגיל 50 יח",רגיל,24,5.50,9.90,,מוצרי מכולת ,יח',מוצרי מכולת ,
118420552,7290118420552,פתי בר פינוקי לבן 220ג,רגיל,0,10.23,15.90,14.90,חטיפים מתוקים ,יח',חטיפים מתוקים ,
118420651,7290118420651,ביסלי ריבס 60 גרם ,רגיל,0,3.76,7.90,8.90,חטיפים מלוחים ,יח',חטיפים מלוחים ,
118420859,7290118420859,"קרמוגית בטעם קרם ברולה אסם, 200 גרם ",רגיל,1,9.10,14.90,,חטיפים מתוקים ,יח',חטיפים מתוקים ,
118421825,7290118421825,במבה במילוי קרם פתיבר 150 גרם,רגיל,0,0.00,0.00,,חטיפים מתוקים ,יח',חטיפים מתוקים ,
118422228,7290118422228,מיני פריכיות פיטנס סלק,רגיל,-3,4.05,6.20,,חטיפים מלוחים ,יח',חטיפים מלוחים ,
118422686,7290118422686,רוטב צ'ילי מתוק 600 מ"ל,רגיל,6,16.85,28.90,,מוצרי מכולת ,יח',מוצרי מכולת ,
118422747,7290118422747,ביסלי גליץ בטעם פלאפל,רגיל,21,2.70,6.90,,חטיפים מלוחים ,יח',חטיפים מלוחים ,
118422761,7290118422761,ביסלי קליץ בטעם ברביקיו,רגיל,22,2.70,6.90,,חטיפים מלוחים ,יח',חטיפים מלוחים ,
118423188,7290118423188,בונזור בייגל אמריקאי 120 גרם ,רגיל,0,3.10,0.00,0.00,מוצרי שימוש מטבח -חנות ,יח',מוצרי שימוש מטבח -חנות ,
118424574,7290118424574,מיני שוקוצ'יפס ממולאות 200 גרם,רגיל,0,0.00,0.00,,חטיפים מלוחים ,יח',חטיפים מלוחים ,
118424932,7290118424932,פיטנס קרקר שקית 170 גרם,רגיל,0,9.10,12.90,,חטיפים מלוחים ,יח',חטיפים מלוחים ,
118424956,7290118424956,פטניס שקית טין מיני 150 גרם,רגיל,1,9.10,12.90,,חטיפים מלוחים ,יח',חטיפים מלוחים ,
118426479,7290118426479,טבעול קראנץ שניצל תירס,רגיל,12,19.98,36.90,,מוצרי מקרר ,יח',מוצרי מקרר ,
118426493,7290118426493,טבעול קראנץ שניצל תירס 490 גרם,רגיל,5,19.90,34.90,,מוצרי מקרר ,יח',מוצרי מקרר ,
118426981,7290118426981,עוגיות מיני שוקוצ'יפס קרמל 200 גרם,רגיל,0,0.00,0.00,,חטיפים מלוחים ,יח',חטיפים מלוחים ,
118427094,7290118427094,ביסלי גליץ בטעם גריל,רגיל,24,2.70,6.90,,חטיפים מלוחים ,יח',חטיפים מלוחים ,
118427117,7290118427117,ביסלי כנפיים 60 גרם ,רגיל,0,3.76,7.90,8.90,חטיפים מלוחים ,יח',חטיפים מלוחים ,
118428350,7290118428350,במבה מאנצ' בברבקיו 150 גרם,רגיל,19,6.50,11.90,,חטיפים מלוחים ,יח',חטיפים מלוחים ,
118482239,7290118482239,בלו דיי אנרגיה 150 מ"ל (1/24 (תכלת,רגיל,3,2.40,3.90,3.90,משקאות ,יח',משקאות ,
118482246,7290118482246,בלו מוחיטו אנרגיה 150 מ"ל (1/24 (שחור,רגיל,4,2.40,3.90,3.90,משקאות ,יח',משקאות ,
118482840,7290118482093,טרופית סופר קידס ,רגיל,100,0.01,1.00,,משקאות ,יח',משקאות ,
118482857,7290118482147,טרופית סופר קידס בטעם תפוחים,רגיל,24,0.01,0.90,,משקאות ,יח',משקאות ,
118482864,7290118482130,טרופית מנגו  סופר קידס ,רגיל,48,0.01,1.00,,משקאות ,יח',משקאות ,
118482871,7290118482871,טרופית סופר קידס בטעם תות בננה,רגיל,60,0.01,0.90,,משקאות ,יח',משקאות ,
118482925,7290118482925,מי קוקוס,רגיל,0,5.08,8.90,,משקאות ,יח',משקאות ,
118483465,7290118483465,בלו פרוטי,רגיל,2,1.88,6.90,,משקאות ,יח',משקאות ,
118879398,7290118879398,מרשמלו מסולסל ארוך 18 גרם - ברבי,רגיל,48,0.92,1.90,,מוצרי יום הולדת ו מתנות ,יח',מוצרי יום הולדת ו מתנות ,
119370177,7290119370177,דנונה פרו 20 גרם,רגיל,-3,4.35,6.50,6.50,מוצרי מקרר ,יח',מוצרי מקרר ,
119372225,7290119372225,דוריטוס Dippas טבעי 185 גרם,רגיל,11,5.50,12.90,,חטיפים מלוחים ,יח',חטיפים מלוחים ,
119372997,7290119372997,מעדן  פרוטין ,רגיל,0,3.45,6.50,6.50,מוצרי מקרר ,יח',מוצרי מקרר ,
119373239,7290119373239,תפוצ'יפס קראנצ' טבעי 200 גרם,רגיל,2,6.90,12.90,,חטיפים מלוחים ,יח',חטיפים מלוחים ,
119373352,7290119373352,פריכיות משולשות תפוא סלק,רגיל,0,3.90,7.90,,חטיפים מלוחים ,יח',חטיפים מלוחים ,
119375837,7290119375837,יטבתה פרו סינבון,רגיל,10,4.86,7.90,7.90,מוצרי מקרר ,יח',מוצרי מקרר ,
119379934,7290119379934,ממרח אבוקדו ,רגיל,10,11.89,19.90,19.90,מוצרי מקרר ,יח',מוצרי מקרר ,
119380053,7290119380053,משקה יטבתה חלב בטעם קרמל,רגיל,-1,4.45,7.90,,מוצרי מקרר ,יח',מוצרי מקרר ,
119380206,7290119380206,קפסולות מילנו 05,רגיל,9,9.90,22.90,,מוצרי בית,יח',מוצרי בית,
119380213,7290119380213,קפסולות מס 11 רומא ,רגיל,2,9.90,22.90,,מוצרי בית,יח',מוצרי בית,
119380558,7290119380558,מילקי שכבות,רגיל,11,2.43,4.90,,מוצרי מקרר ,יח',מוצרי מקרר ,
119380794,7290119380794,דנונה פרו 20 שכבות פ,רגיל,26,5.00,7.70,,מוצרי מקרר ,יח',מוצרי מקרר ,
119380800,7290119380800,דנונה פרו 20 גרם,רגיל,-1,5.00,7.90,,מוצרי מקרר ,יח',מוצרי מקרר ,
119380831,7290119380831,יוגורט חלבון פרו,רגיל,6,4.35,7.90,,מוצרי מקרר ,יח',מוצרי מקרר ,
119381142,7290119381142,תפוצ'יפס טבעי פיפא 200 גרם ,רגיל,5,6.90,12.90,,חטיפים מלוחים ,יח',חטיפים מלוחים ,
119381692,7290119381692,דוריטוס חמוץ חריף 185 גרם,רגיל,1,5.50,12.90,,חטיפים מלוחים ,יח',חטיפים מלוחים ,
119381937,7290119381937,תפוצ'יפס קראנצ' מקסיקני 200 גרם,רגיל,7,6.90,12.90,,חטיפים מלוחים ,יח',חטיפים מלוחים ,
119382576,7290119382576,טבלת שוקולד לבן עוגיות 100 גרם,רגיל,48,6.70,9.90,,ממתקים ,יח',ממתקים ,
119382842,7290119382842,סו.מאץ שץחלב במילוי,רגיל,13,12.03,16.90,,חטיפים מתוקים ,יח',חטיפים מתוקים ,
119384242,7290119384242,יוגרט חלבון,רגיל,23,4.35,7.90,,מוצרי מקרר ,יח',מוצרי מקרר ,
119387434,7290119387434,חומוס ישראלי 400 גרם,רגיל,1,8.21,13.90,,מוצרי מקרר ,יח',מוצרי מקרר ,
119388509,7290119388509,יטבתה פרו קרמל מלוח 40 גרם חלבון,רגיל,46,7.30,13.00,,משקאות ,יח',משקאות ,
119420568,7290119420568,פלפל שחור טחון יוחאי צנצנת 80 גרם,רגיל,6,6.60,12.90,,מוצרי מכולת ,יח',מוצרי מכולת ,
119420582,7290119420582,פלפל שחור גרוס 90 גרם יוחאי צנצנת,רגיל,6,6.60,12.90,,מוצרי מכולת ,יח',מוצרי מכולת ,
119420612,7290119420612,פפריקה מ.מתוק 90 גרם,רגיל,6,5.80,11.90,,מוצרי מכולת ,יח',מוצרי מכולת ,
119420643,7290119420643,פפריקה ה.מתוק 90 גרם,רגיל,6,5.80,11.90,,מוצרי מכולת ,יח',מוצרי מכולת ,
119420650,7290119420650,צ'ילי גרוס 70 גרם יוחאי צנצנת,רגיל,6,5.80,12.90,,מוצרי מכולת ,יח',מוצרי מכולת ,
119420681,7290119420681,זעתר ושומשום 90 גרם יוחאי צנצנת,רגיל,6,5.80,11.90,,מוצרי מכולת ,יח',מוצרי מכולת ,
119420711,7290119420711,פפריקה ה.חריף 90 גרם ,רגיל,6,5.80,11.90,,מוצרי מכולת ,יח',מוצרי מכולת ,
120090095,7290120090095,גומי 500 גרם - דובדבן,רגיל,5,12.64,22.90,,מוצרי יום הולדת ו מתנות ,יח',מוצרי יום הולדת ו מתנות ,
120090149,7290120090149,גומי 500 גרם - בקבוק קולה קטן כשל'פ,רגיל,7,12.64,22.90,,מוצרי יום הולדת ו מתנות ,יח',מוצרי יום הולדת ו מתנות ,
120090248,7290120090248,גומי 500 גרם - בננה אדומה כשל'פ,רגיל,6,12.64,22.90,,מוצרי יום הולדת ו מתנות ,יח',מוצרי יום הולדת ו מתנות ,
120090392,7290120090392,גומי 500 גרם - לב ורוד לבן סוכר כשל'פ,רגיל,4,12.64,22.90,,מוצרי יום הולדת ו מתנות ,יח',מוצרי יום הולדת ו מתנות ,
120096295,7290120096295,מרשמלו 150 גרם - לבבות ורוד לבן ברבי תות שדה,רגיל,19,5.52,9.90,,מוצרי יום הולדת ו מתנות ,יח',מוצרי יום הולדת ו מתנות ,
120096394,7290120096394,מרשמלו 150 גרם - סוניק לבן וניל,רגיל,12,5.52,9.90,,מוצרי יום הולדת ו מתנות ,יח',מוצרי יום הולדת ו מתנות ,
120098497,7290120098497,המבורגר גומי 50 גרם,רגיל,22,3.50,5.90,,מוצרי יום הולדת ו מתנות ,יח',מוצרי יום הולדת ו מתנות ,
120099487,7290120099487,גומי 500 גרם - נחש מוברק,רגיל,6,12.64,22.90,,מוצרי יום הולדת ו מתנות ,יח',מוצרי יום הולדת ו מתנות ,
120099531,7290120099531,גומי 500 גרם - נחש קולה מוברק,רגיל,7,12.64,22.90,,מוצרי יום הולדת ו מתנות ,יח',מוצרי יום הולדת ו מתנות ,
120099883,7290120099883,גומי 500 גרם - ביצה עין,רגיל,7,12.64,22.90,,מוצרי יום הולדת ו מתנות ,יח',מוצרי יום הולדת ו מתנות ,
120099982,7290120099982,גומי 500 גרם - כובע ורוד לבן כשל'פ,רגיל,5,12.64,22.90,,מוצרי יום הולדת ו מתנות ,יח',מוצרי יום הולדת ו מתנות ,
120660021,7290120660021,בלון מיילר 26 - סקאי מפרץ ההרפקתאות צורנית,רגיל,5,10.90,20.00,,מוצרי יום הולדת ו מתנות ,יח',מוצרי יום הולדת ו מתנות ,
120660076,7290120660076,בלון מיילר 30 - צ'ייס מפרץ ההרפקתאות צורני,רגיל,5,11.90,20.00,,מוצרי יום הולדת ו מתנות ,יח',מוצרי יום הולדת ו מתנות ,
120660274,7290120660274,בלון מיילר 26 - אלזה צורנית,רגיל,4,10.90,20.00,,מוצרי יום הולדת ו מתנות ,יח',מוצרי יום הולדת ו מתנות ,
120660328,7290120660328,בלון מיילר 26 - אנה צורנית,רגיל,5,10.90,20.00,,מוצרי יום הולדת ו מתנות ,יח',מוצרי יום הולדת ו מתנות ,
120660427,7290120660427,בלון מיילר 24 - הענק הירוק צורני,רגיל,5,9.90,16.90,,מוצרי יום הולדת ו מתנות ,יח',מוצרי יום הולדת ו מתנות ,
120661738,7290120661738,מגש תצוגה של בוטקים ,רגיל,4,0.00,0.00,,מוצרי יום הולדת ו מתנות ,יח',מוצרי יום הולדת ו מתנות ,
120662889,7290120662889,טלפון יהלום סוכריות ברבי,רגיל,10,4.99,8.90,,מוצרי יום הולדת ו מתנות ,יח',מוצרי יום הולדת ו מתנות ,
120663237,7290120663237,לקקן 50 גרם ברבי כשל'פ,רגיל,14,3.09,5.90,,מוצרי יום הולדת ו מתנות ,יח',מוצרי יום הולדת ו מתנות ,
120663282,7290120663282,לקקן 50 גרם הלו קיטי כשל'פ,רגיל,6,3.09,5.90,,מוצרי יום הולדת ו מתנות ,יח',מוצרי יום הולדת ו מתנות ,
120663336,7290120663336,לקקן מרשמילו 50 גרם סמי הכבאי כשל'פ,רגיל,16,3.09,7.90,,מוצרי יום הולדת ו מתנות ,יח',מוצרי יום הולדת ו מתנות ,
120663374,7290120663374,בלון מיילר 18 - יום הולדת לב גרדיאנט משולשים,רגיל,5,4.50,7.90,,מוצרי יום הולדת ו מתנות ,יח',מוצרי יום הולדת ו מתנות ,
120663480,7290120663480,לקקן שפתון וצמיד סודב בבליסטר,רגיל,10,3.79,7.90,,מוצרי יום הולדת ו מתנות ,יח',מוצרי יום הולדת ו מתנות ,
120663671,7290120663671,בלון מיילר 18 - יום הולדת לב סוכריות צבעוני,רגיל,4,4.50,7.90,,תכשיטים לילדות קטנות ,יח',תכשיטים לילדות קטנות ,
120664289,7290120664289,המבורגר מרשמלו 50 גרם,רגיל,12,3.99,7.90,,ממתקים ,יח',ממתקים ,
120666344,7290120666344,שרשרת סוכריות סודה 50 גרם בטעם פירות כשל'פ,רגיל,27,4.20,7.90,,מוצרי יום הולדת ו מתנות ,יח',מוצרי יום הולדת ו מתנות ,
120667020,7290120667020,בלון מיילר 18 - עגול סטיץ' טרופי,רגיל,5,6.89,11.90,,תכשיטים לילדות קטנות ,יח',תכשיטים לילדות קטנות ,
120667075,7290120667075,בלון מיילר 24 - סימבה ראש צורני,רגיל,5,9.90,17.90,,מוצרי יום הולדת ו מתנות ,יח',מוצרי יום הולדת ו מתנות ,
120667129,7290120667129,בלון מיילר 28 - סטיץ ראש צורני,רגיל,4,10.90,20.00,,מוצרי יום הולדת ו מתנות ,יח',מוצרי יום הולדת ו מתנות ,
120668843,7290120668843,המבורגר מיני 9 גרם,רגיל,24,0.53,0.90,,ממתקים ,יח',ממתקים ,
120669116,7290120669116,בלון מיילר 18 - ספיידרמן מסיכה צורנית,רגיל,4,6.89,11.90,,תכשיטים לילדות קטנות ,יח',תכשיטים לילדות קטנות ,
120669161,7290120669161,בלון מיילר 26 - ברבי צורנית,רגיל,4,10.90,20.00,,מוצרי יום הולדת ו מתנות ,יח',מוצרי יום הולדת ו מתנות ,
120669215,7290120669215,בלון מיילר 29 - מיני מאוס צורנית,רגיל,5,11.90,20.00,,מוצרי יום הולדת ו מתנות ,יח',מוצרי יום הולדת ו מתנות ,
120669369,7290120669369,בלון מיילר 30 - מיקי מאוס צורני,רגיל,5,11.90,20.00,,מוצרי יום הולדת ו מתנות ,יח',מוצרי יום הולדת ו מתנות ,
120669468,7290120669468,בלון מיילר 28 - סמי הכבאי צורני,רגיל,5,11.90,20.00,,מוצרי יום הולדת ו מתנות ,יח',מוצרי יום הולדת ו מתנות ,
120669567,7290120669567,בלון מיילר 34 - האטמן צורני,רגיל,5,12.90,22.90,,מוצרי יום הולדת ו מתנות ,יח',מוצרי יום הולדת ו מתנות ,
120669611,7290120669611,בלון מיילר 26 - בת הים צורנית,רגיל,5,10.90,20.00,,מוצרי יום הולדת ו מתנות ,יח',מוצרי יום הולדת ו מתנות ,
120669666,7290120669666,בלון מיילר 31 - מיני מאוס מועדון חברים,רגיל,5,11.90,20.00,,מוצרי יום הולדת ו מתנות ,יח',מוצרי יום הולדת ו מתנות ,
120669765,7290120669765,בלון מיילר 26 - מרשל מפרץ ההרפקתאות צורני,רגיל,5,10.90,20.00,,מוצרי יום הולדת ו מתנות ,יח',מוצרי יום הולדת ו מתנות ,
120669864,7290120669864,בלון מיילר 26 - סימבה צורני,רגיל,3,10.90,20.00,,מוצרי יום הולדת ו מתנות ,יח',מוצרי יום הולדת ו מתנות ,
120669963,7290120669963,בלון מיילר 26 - ספיידרמן צורני,רגיל,2,10.90,20.00,,מוצרי יום הולדת ו מתנות ,יח',מוצרי יום הולדת ו מתנות ,
121010092,7290121010092,אצבעות פטריות,רגיל,0,25.00,29.50,,מוצרי שימוש מטבח -חנות ,יח',מוצרי שימוש מטבח -חנות ,
121010337,7290121010337,בורקס אישי פיצה פרווה ,רגיל,0,2.30,2.80,,מוצרי שימוש מטבח -חנות ,יח',מוצרי שימוש מטבח -חנות ,
121011150,7290121011150,קרוסטה צרפטי ,רגיל,0,5.50,0.00,0.00,מאפים (גדרון - שמרים ),יח',מאפים (גדרון - שמרים ),
121011167,7290121011167,באגט קרוסטה דגנים 300 גרם ,רגיל,80,5.50,6.49,6.49,מאפים (גדרון - שמרים ),יח',מאפים (גדרון - שמרים ),
121012164,7290121012164,לחמניות פרצל ,רגיל,0,3.00,3.54,,מוצרי שימוש מטבח -חנות ,יח',מוצרי שימוש מטבח -חנות ,
121290128,7290121290128,כאמל צהוב חדש,רגיל,104,30.27,41.00,43.50, כל הסיגריות,יח', כל הסיגריות,
121290517,7290121290517,ווינסטון קומפקט סילבר חדש,רגיל,10,27.08,39.00,39.00, כל הסיגריות,יח', כל הסיגריות,
121290548,7290121290548,ווינסטון קומפקט ברי חדש,רגיל,157,28.67,39.00,41.00, כל הסיגריות,יח', כל הסיגריות,
121290661,7290121290661,טבק וינסטון לבן לגלגול ,רגיל,0,76.35,110.00,110.00, כל הסיגריות,יח', כל הסיגריות,
121801324,7290121801324,גומי 500 גרם - בננה צהובה כשל'פ,רגיל,7,12.64,22.90,,מוצרי יום הולדת ו מתנות ,יח',מוצרי יום הולדת ו מתנות ,
121801423,7290121801423,גומי 500 גרם - ניש סוכר כשל'פ,רגיל,7,12.64,22.90,,מוצרי יום הולדת ו מתנות ,יח',מוצרי יום הולדת ו מתנות ,
121801478,7290121801478,גומי 500 גרם - לב אהבה מוברק כשל'פ,רגיל,6,12.64,22.90,,מוצרי יום הולדת ו מתנות ,יח',מוצרי יום הולדת ו מתנות ,
121801492,7290121801492,טלפון סוכריות סמי הכבאי,רגיל,8,4.99,8.90,,מוצרי יום הולדת ו מתנות ,יח',מוצרי יום הולדת ו מתנות ,
121801577,7290121801577,גומי 500 גרם - גלידה סוכר כשל'פ,רגיל,9,12.64,22.90,,מוצרי יום הולדת ו מתנות ,יח',מוצרי יום הולדת ו מתנות ,
121801621,7290121801621,גומי 500 גרם - דובדבן מוברק כשל'פ,רגיל,5,12.64,22.90,,מוצרי יום הולדת ו מתנות ,יח',מוצרי יום הולדת ו מתנות ,
121801676,7290121801676,גומי 500 גרם - אבטיח סוכר כשל'פ,רגיל,9,12.64,22.90,,מוצרי יום הולדת ו מתנות ,יח',מוצרי יום הולדת ו מתנות ,
121801775,7290121801775,גומי 500 גרם - פיצה מוברק כשל'פ,רגיל,9,12.64,22.90,,מוצרי יום הולדת ו מתנות ,יח',מוצרי יום הולדת ו מתנות ,
121801836,7290121801836,ממתק ליקריץ שטיחים חמוצים צבעוני 20 גרם,רגיל,140,0.69,2.90,,חטיפים מלוחים ,יח',חטיפים מלוחים ,
121801874,7290121801874,גומי 500 גרם - תות מוברק כשל'פ,רגיל,6,12.64,22.90,,מוצרי יום הולדת ו מתנות ,יח',מוצרי יום הולדת ו מתנות ,
121801881,7290121801881,ממתק ליקריץ שטיחים חמוצים תות אדום 20 גרם,רגיל,138,0.69,2.90,,חטיפים מלוחים ,יח',חטיפים מלוחים ,
121801935,7290121801935,ממתק ליקריץ שטיחים חמוצים קולה 20 גרם,רגיל,144,0.69,2.90,,חטיפים מלוחים ,יח',חטיפים מלוחים ,
121802123,7290121802123,גומי 100 גרם - אבטיח סוכר,רגיל,9,4.50,7.90,,מוצרי יום הולדת ו מתנות ,יח',מוצרי יום הולדת ו מתנות ,
121802178,7290121802178,גומי 100 גרם - בקבוק קולה מוברק,רגיל,24,4.50,7.90,,מוצרי יום הולדת ו מתנות ,יח',מוצרי יום הולדת ו מתנות ,
121802222,7290121802222,גומי 100 גרם - גלידה סוכר כשל'פ,רגיל,8,3.73,7.90,,מוצרי יום הולדת ו מתנות ,יח',מוצרי יום הולדת ו מתנות ,
121802277,7290121802277,גומי 100 גרם - נחש מוברק,רגיל,12,4.50,7.90,,מוצרי יום הולדת ו מתנות ,יח',מוצרי יום הולדת ו מתנות ,
121802376,7290121802376,גומי 100 גרם - דובדבן מוברק כשל'פ,רגיל,0,3.73,7.90,,מוצרי יום הולדת ו מתנות ,יח',מוצרי יום הולדת ו מתנות ,
121802420,7290121802420,גומי 100 גרם - פיצה מוברק,רגיל,17,4.50,7.90,,מוצרי יום הולדת ו מתנות ,יח',מוצרי יום הולדת ו מתנות ,
121802529,7290121802529,גומי 100 גרם - דובי מסוכר כשל'פ,רגיל,1,3.73,7.90,,מוצרי יום הולדת ו מתנות ,יח',מוצרי יום הולדת ו מתנות ,
121803847,7290121803847,בלון מיילר 24 - תיק פפיון IT'S A GIRL,רגיל,4,7.90,14.90,,מוצרי יום הולדת ו מתנות ,יח',מוצרי יום הולדת ו מתנות ,
121803892,7290121803892,בלון מיילר 24 - תיק פפיון IT'S A BOY,רגיל,5,7.90,13.10,,מוצרי יום הולדת ו מתנות ,יח',מוצרי יום הולדת ו מתנות ,
121806831,7290121806831,מקלות ביסקוויט בכוס מפרץ ההרפתקאות,רגיל,251,7.60,1.90,,מוצרי יום הולדת ו מתנות ,יח',מוצרי יום הולדת ו מתנות ,
121807081,7290121807081,ביצת הפתעה מטבל שוקולד עם מקלות ביסקוויט - סוניק,רגיל,4,2.85,5.90,,תכשיטים לילדות קטנות ,יח',תכשיטים לילדות קטנות ,
121807135,7290121807135,ביצת הפתעה מטבל שוקולד עם מקלות ביסקוויט - הלו קיט,רגיל,2,2.85,5.90,,תכשיטים לילדות קטנות ,יח',תכשיטים לילדות קטנות ,
121809689,7290121809689,לוח גיר - ברבי,רגיל,9,3.00,6.90,,מוצרי יום הולדת ו מתנות ,יח',מוצרי יום הולדת ו מתנות ,
121809733,7290121809733,לוח גיר מפרץ ההרפתקאות,רגיל,8,3.00,5.90,,מוצרי יום הולדת ו מתנות ,יח',מוצרי יום הולדת ו מתנות ,
122780512,7290122780512,אפרופו טיוב צדר 50 גרם,רגיל,36,3.20,6.90,,חטיפים מלוחים ,יח',חטיפים מלוחים ,
122781786,7290122781786,ערגליות בטעם אייס קפוצינו,רגיל,9,8.89,14.90,,חטיפים מתוקים ,יח',חטיפים מתוקים ,
122782288,7290122782288,עוגת הבית דמקה קפה,רגיל,7,10.62,19.90,,מוצרי מכולת ,יח',מוצרי מכולת ,
122782653,7290122782653,פריכיות פיטנס בציפוי שוקולד,רגיל,5,7.45,11.90,,חטיפים מלוחים ,יח',חטיפים מלוחים ,
122842708,7290122842708,בלון מיילר 29 - בקבוק תינוק ורוד ,רגיל,5,7.90,14.90,,מוצרי יום הולדת ו מתנות ,יח',מוצרי יום הולדת ו מתנות ,
122842753,7290122842753,בלון מיילר 29 - בקבוק תינוק תכלת,רגיל,4,7.90,14.90,,מוצרי יום הולדת ו מתנות ,יח',מוצרי יום הולדת ו מתנות ,
123456789,123456789,סחלאב,רגיל,0,2.00,10.00,10.00,מחלקת -Barista ,יח',מחלקת -Barista ,
139003136,4062139003136,לייס צ'יפס TERIYAKI 150 גרם SUBWAY (9),רגיל,0,10.95,15.90,15.90,חטיפים מלוחים ,יח',חטיפים מלוחים ,
139003150,4062139003150,לייס צ'יפס 150 KFC גרם (9,רגיל,-2,10.95,16.90,16.90,חטיפים מתוקים ,יח',חטיפים מתוקים ,
139005864,4062139005864,לייס צ'יפס GESALZEN 150 גרם (9),רגיל,-9,10.95,15.90,15.90,חטיפים מלוחים ,יח',חטיפים מלוחים ,
139006762,4062139006762,לייס צ'יפס PIZZA HUT 150 גרם (9),רגיל,-7,10.95,18.43,18.43,חטיפים מלוחים ,יח',חטיפים מלוחים ,
139007677,4062139007677,RED PAPRIKA לייס צ'יפס 150 גרם (9),רגיל,-12,10.95,15.90,15.90,חטיפים מלוחים ,יח',חטיפים מלוחים ,
139014002,4893139014002,מל כדורסל 11 גרם 1/12 (12,רגיל,1,5.65,8.90,8.90,מוצרי  אלקטרונים ,יח',מוצרי  אלקטרונים ,
201299499,201299499,מסך מחשב "24 Nordic FHD(1055),רגיל,1,199.00,200.00,200.00,אבזרי סלולר ו חשמל ,יח',אבזרי סלולר ו חשמל ,
207206488,8423207206488,מרבה סלים דליס שוקולד (16)ב,רגיל,3,13.31,17.90,17.90,חטיפים מתוקים ,יח',חטיפים מתוקים ,
207208260,8423207208260,מרבה סלים דליס שוקולד חלב ללא גלוטן (16),רגיל,12,13.31,17.90,17.90,חטיפים מתוקים ,יח',חטיפים מתוקים ,
207208680,8423207208680,מרבה סלים דליס קידס חלב (16,רגיל,13,13.31,17.90,17.90,חטיפים מתוקים ,יח',חטיפים מתוקים ,
207209885,8423207209885,מרבה סלים דליס מהדורה מיוחדת חלב (16),רגיל,12,9.64,17.90,17.90,חטיפים מתוקים ,יח',חטיפים מתוקים ,
207210928,8423207210928,מרבה סלים דליס חלב ואגוזי (16),רגיל,12,13.31,17.90,17.90,חטיפים מתוקים ,יח',חטיפים מתוקים ,
214930207,046214930207,מרבה שוקוצ'יפס צבעוניות (22) 150,רגיל,30,11.19,17.90,17.90,חטיפים מתוקים ,יח',חטיפים מתוקים ,
216890946,8700216890946,"חיתולי פמפרס פרימיום מידה 4, 28 יחידות ",רגיל,1,31.90,48.90,49.90,מוצרי ניקיון ו טיפוח אישי,יח',מוצרי ניקיון ו טיפוח אישי,
216891011,8700216891011,חיתולי פמפרס פרימיום מידה 6,רגיל,3,26.97,48.90,49.90,מוצרי ניקיון ו טיפוח אישי,יח',מוצרי ניקיון ו טיפוח אישי,
216891080,8700216891080,חיתולי פמפרס פרימיום מידה 1 44 ,רגיל,3,31.90,48.90,49.90,מוצרי ניקיון ו טיפוח אישי,יח',מוצרי ניקיון ו טיפוח אישי,
216891103,8700216891103,"חיתולי פרימיום 5, 24 יחידות ",רגיל,2,25.90,39.90,40.90,מוצרי ניקיון ו טיפוח אישי,יח',מוצרי ניקיון ו טיפוח אישי,
292105008,6955292105008,סיגריות 55k - בטעם ענבים ,רגיל,18,75.00,131.90,148.90, כל הסיגריות,יח', כל הסיגריות,
342800684,342800684,בראוניז שוקולד במגש 40 (1) יח' 1 ק"ג,רגיל,0,0.50,66.00,66.00,מוצרי  אלקטרונים ,יח',מוצרי  אלקטרונים ,
364066152,788364066152,בד"צ ג'לי ראש דשא פטל 40 1/12 (12) כחול,רגיל,-2,4.50,6.90,6.90,חטיפים מתוקים ,יח',חטיפים מתוקים ,
364066169,788364066169,בד"צ ג'לי ראש דשא תות 40 גר' 1/12 (12) ורוד,רגיל,13,2.88,5.32,5.32,חטיפים מתוקים ,יח',חטיפים מתוקים ,
364066220,788364066220,בד"צ ג'לי ראש דשא קולה (12)1/1240,רגיל,-12,4.50,6.90,6.90,חטיפים מתוקים ,יח',חטיפים מתוקים ,
364616128,788364616128,שוקלד דובאי לב,רגיל,21,13.55,19.89,19.89,חטיפים מתוקים ,יח',חטיפים מתוקים ,
364616142,788364616142,שוקולד דובאי אצבעות ,רגיל,25,6.77,11.90,11.90,חטיפים מתוקים ,יח',חטיפים מתוקים ,
380005918,8000380005918,ליימן מיני קואדרטיני אגוז,רגיל,0,6.61,10.90,10.90,חטיפים מתוקים ,יח',חטיפים מתוקים ,
380180783,8000380180783,ליימן מיני קואדרטיני שוקו (12) (ש. לבן),רגיל,0,6.61,9.90,9.90,חטיפים מתוקים ,יח',חטיפים מתוקים ,
418379257,569418379257,דבש עם פיצוחים ,רגיל,38,2.96,5.90,5.90,חטיפים מתוקים ,יח',חטיפים מתוקים ,
464494007,686464494007,מלמ מיני פלש פופ חדש (12) 1/24,רגיל,1,3.65,6.90,6.90,חטיפים מתוקים ,יח',חטיפים מתוקים ,
464628006,686464628006,מלמ פופ לטס סוכריות (12) 1/12 חמוצות,רגיל,-1,6.55,8.90,8.90,חטיפים מתוקים ,יח',חטיפים מתוקים ,
486426414,6971486426414,גומי מתקלף ליצי  ,רגיל,21,5.53,9.90,9.90,חטיפים מתוקים ,יח',חטיפים מתוקים ,
486429170,6971486429170,גומי מתקלף ענבים,רגיל,-37,5.50,9.90,9.90,חטיפים מתוקים ,יח',חטיפים מתוקים ,
486429194,6971486429194,גומי מתקלף מנגו ,רגיל,-63,5.50,9.90,9.90,חטיפים מתוקים ,יח',חטיפים מתוקים ,
497377997,710497377997, שוקלד דובאי - טבלה ,רגיל,0,29.90,44.90,44.90,חטיפים מתוקים ,יח',חטיפים מתוקים ,
528049843,757528049843,טאקיס כשר בלו היט 90 גר' (35,רגיל,8,10.90,17.35,17.35,מוצרי  אלקטרונים ,יח',מוצרי  אלקטרונים ,
548796540,972548796540,חטיף ממתק אישי,רגיל,38,3.52,5.90,5.90,חטיפים מתוקים ,יח',חטיפים מתוקים ,
571772838,785571772838,משקה גופה ,רגיל,0,3.90,6.90,6.90,משקאות ,יח',משקאות ,
575016253,4002575016253,ליימן מרציפן מצופה 100 גר' 1/12 ליימן (זנטיס),רגיל,0,6.32,9.90,9.90,פיצוחים,יח',פיצוחים,
589589756,589589756,מטריה,רגיל,1,10.00,20.00,20.00,מוצרי מכולת ,יח',מוצרי מכולת ,
600005747,072600005747,הרס חטיף טבעי 28 גר' (42),רגיל,0,3.18,4.90,4.90,מוצרי  אלקטרונים ,יח',מוצרי  אלקטרונים ,
600005754,072600005754,הרס חטיף ברביקיו 28 גר' (42,רגיל,0,3.18,4.90,4.90,חטיפים מתוקים ,יח',חטיפים מתוקים ,
600005761,072600005761,הרס חטיף שמנת בצל 28 גר' (42),רגיל,1,3.18,4.90,4.90,חטיפים מתוקים ,יח',חטיפים מתוקים ,
600008861,072600008861,הרס חטיף ברביקיו ודבש 42) בר(,רגיל,0,3.18,4.90,4.90,חטיפים מתוקים ,יח',חטיפים מתוקים ,
600028599,8412600028599,טאקיס כשר 90 גר' FUEGO (35),רגיל,0,10.90,16.90,16.90,חטיפים מלוחים ,יח',חטיפים מלוחים ,
600054028,072600054028,הרס מקלות גבינה צ'דר 227 ג,רגיל,0,14.56,19.90,19.90,חטיפים מתוקים ,יח',חטיפים מתוקים ,
600062290,072600062290,הרס במבה צ'דר וחלפיניו 12 'ג,רגיל,0,12.65,17.90,17.90,חטיפים מתוקים ,יח',חטיפים מתוקים ,
600062290,072600062290,הרס במבה צ'דר וחלפיניו 12 'ג,רגיל,0,10.37,17.90,17.90,חטיפים מתוקים ,יח',חטיפים מתוקים ,
600062306,072600062306,הרס במבה צ'דר 170 ג' (12),רגיל,1,12.65,17.90,17.90,חטיפים מתוקים ,יח',חטיפים מתוקים ,
600062306,072600062306,הרס במבה צ'דר 170 ג' (12),רגיל,1,10.37,17.90,17.90,חטיפים מתוקים ,יח',חטיפים מתוקים ,
600062313,072600062313,הרס במבה גבינה כחולה 10'12 'ג,רגיל,0,12.65,17.90,17.90,חטיפים מתוקים ,יח',חטיפים מתוקים ,
600062313,072600062313,הרס במבה גבינה כחולה 10'12 'ג,רגיל,0,10.37,17.90,17.90,חטיפים מתוקים ,יח',חטיפים מתוקים ,
600069497,072600069497,הרס במבה צ'דר ודבש 170,רגיל,8,10.37,19.90,19.90,חטיפים מתוקים ,יח',חטיפים מתוקים ,
608281330,608281330,פסטה קרניים בינוניות 500ג,רגיל,0,4.40,7.90,8.90,מוצרי בית,יח',מוצרי בית,
614323746,608614323746,זריפה גרעיני חמניה 400 גרם,רגיל,4,12.82,19.90,19.90,פיצוחים,יח',פיצוחים,
614323753,608614323753,זריפה גרעיני דלעת 250 גרם 1/12,רגיל,1,12.82,19.23,19.23,פיצוחים,יח',פיצוחים,
614323760,608614323760,זריפה גרעיני אבטיח 200 1/12 גרם,רגיל,1,12.82,19.90,19.90,פיצוחים,יח',פיצוחים,
614323814,608614323814,זריפה גרעיני חמניה 200 1/12 גרם,רגיל,0,6.97,11.46,11.46,פיצוחים,יח',פיצוחים,
644898404,197644898404,גומי מתקלף אפרסק 75 גר' (,רגיל,0,6.65,10.90,10.90,חטיפים מתוקים ,יח',חטיפים מתוקים ,
647581360,7290000064758,קוסקוס בינוני 350 גרם,רגיל,1,5.30,9.90,10.90,מוצרי בית,יח',מוצרי בית,
668000818,850668000818,דיפ ריבר אורגינל 142 גר' (12) (לבן(,רגיל,1,13.90,19.90,19.90,מוצרי  אלקטרונים ,יח',מוצרי  אלקטרונים ,
668000832,850668000832,(36) דיפ ריבר חומץ ומלח 142 (12) (גר' (תכלת,רגיל,2,13.90,19.90,19.90,משקאות ,יח',משקאות ,
668000849,850668000849,דיפ ריבר חלפיניו 142 גר' (12) (ירוק(,רגיל,0,13.90,19.90,19.90,חטיפים מלוחים ,יח',חטיפים מלוחים ,
668000856,850668000856,דיפ ריבר בצל מתוק 141 גר' (12) (סגול(,רגיל,0,13.90,19.90,19.90,חטיפים מלוחים ,יח',חטיפים מלוחים ,
668000993,850668000993,דיפ ריבר שמנת חמוצה 142 (12) (גר' (כחול,רגיל,0,13.90,19.90,19.90,חטיפים מלוחים ,יח',חטיפים מלוחים ,
669907729,3574669907729,"שמפו לתינוק, 750מ״ל   ",רגיל,10,17.90,25.90,26.90,מוצרי ניקיון ו טיפוח אישי,יח',מוצרי ניקיון ו טיפוח אישי,
700510346,700510346,פילו תרג גבינה,רגיל,0,2.00,5.00,5.00,מוצרי מכולת ,יח',מוצרי מכולת ,
700510441,700510441,קורסון לויס בטעם שוקולד ,רגיל,0,3.13,3.69,3.69,מוצרי מאפים ,יח',מוצרי מאפים ,
701141346,8720701141346,ליימן טוניס כשר ש.חלב אגוזי 1801/15,רגיל,-1,14.77,19.90,19.90,חטיפים מתוקים ,יח',חטיפים מתוקים ,
792980707,6975792980707,קינוח קפוא - תות ,רגיל,0,12.71,19.90,19.90,גלידות ,יח',גלידות ,
948000444,838948000444,מסטיק שפורפרת תות ורוד 1/3635 (6)בר,רגיל,7,4.66,6.90,6.90,מוצרי  אלקטרונים ,יח',מוצרי  אלקטרונים ,
948002165,838948002165,שניידרס עוגיות פלמיר אוזניות 100 גר' (24),רגיל,1,5.60,9.90,9.90,חטיפים מתוקים ,יח',חטיפים מתוקים ,
948002271,838948002271,שניידרס עוגיות שוקולד צ'יפס (16)קקאו 200ג,רגיל,30,12.50,20.90,20.90,חטיפים מלוחים ,יח',חטיפים מלוחים ,
948004497,838948004497,שניידרס עוגיות שוקולד צ'יפס (16) 200 גרם,רגיל,26,12.50,19.75,19.75,חטיפים מתוקים ,יח',חטיפים מתוקים ,
948007160,838948007160,שניידרס עוגיות מיני גרנינו (20) מצופות ש.מריר 160ג,רגיל,26,14.10,20.90,20.90,חטיפים מתוקים ,יח',חטיפים מתוקים ,
948007177,838948007177,שניידרס עוגיות מיני גרנינו (20)'מצופות ש. חלב 160גר,רגיל,15,14.10,20.90,20.90,חטיפים מתוקים ,יח',חטיפים מתוקים ,
961000404,194961000404,שניידרס ביסקוויט T-C בציפוי שוקולד פרווה 150ג(12,רגיל,23,16.50,20.90,20.90,חטיפים מתוקים ,יח',חטיפים מתוקים ,
961000459,194961000459,שניידרס עוגיות מיני גרנינו (20)ספארי ש. מריר 160ג,רגיל,12,14.10,21.15,21.15,חטיפים מתוקים ,יח',חטיפים מתוקים ,
961000466,194961000466,שניידרס (20)עוגיות מיני גרנינו ספארי ש.חלב 160 גר',רגיל,18,14.10,20.90,20.90,מוצרי  אלקטרונים ,יח',מוצרי  אלקטרונים ,
975095157,077999975095157,ליימן סניידרס שברי בייגלה (12)חלפיניו 318ג,רגיל,0,10.13,15.90,15.90,חטיפים מתוקים ,יח',חטיפים מתוקים ,
1151881227,,היטס טריאה טורקיז ,רגיל,12,23.93,33.00,33.00, כל הסיגריות,יח', כל הסיגריות,
1235661682,7291235661682,זוג סוללות כפתור - DUALPOWER CR1220,רגיל,9,3.90,6.50,,אבזרי סלולר ו חשמל ,יח',אבזרי סלולר ו חשמל ,
1600548497,1600548497,חטיף נאצ'ור וואלי שיבולת שועל,רגיל,36,2.85,4.90,,חטיפים מלוחים ,יח',חטיפים מלוחים ,
4000513056,4000513056,אם אנד אמס בוטנים משפחתי,רגיל,0,18.33,27.00,27.00,מוצרי מכולת ,יח',מוצרי מכולת ,
4168930049,04168930049,דלק זיפו ,רגיל,0,10.26,16.00,16.00,אבזרי עישון ,יח',אבזרי עישון ,
4567895112,4567895112,עץ ריח יומיום מעוצב,רגיל,0,0.00,1.00,1.00,מוצרי מכולת ,יח',מוצרי מכולת ,
5110170300,8005110170300,עגבניות חתוכות דק  400ג ,רגיל,0,13.90,25.90,26.90,מוצרי בית,יח',מוצרי בית,
5556525144,5556525144,זר פרחים לדלת,רגיל,0,10.00,50.00,50.00,מוצרי מכולת ,יח',מוצרי מכולת ,
6015032249,7296015032249,קופסת בצקינו,רגיל,3,4.24,9.90,,תכשיטים לילדות קטנות ,יח',תכשיטים לילדות קטנות ,
6046211873,7296046211873,בוס קטלן ,רגיל,3,69.00,119.90,,מוצרי חצר תחנה ,יח',מוצרי חצר תחנה ,
6049015768,7296049015768,סזוקי פנס נטען ,רגיל,15,12.90,23.90,,מוצרי חצר תחנה ,יח',מוצרי חצר תחנה ,
6049015775,7296049015775,סוזוקי תאורה נטענת ,רגיל,10,24.00,36.90,,מוצרי חצר תחנה ,יח',מוצרי חצר תחנה ,
6049015782,7296049015782,סוזקי תאורה נטענת 62 LED ,רגיל,5,29.00,44.90,,מוצרי חצר תחנה ,יח',מוצרי חצר תחנה ,
6049022438,7296049022438,כסא במאים+ידיות שחור DARKE BLUE ,רגיל,7,29.00,64.90,64.90,מוצרי חצר תחנה ,יח',מוצרי חצר תחנה ,
6049024593,7296049024593,קמפטאן מיטה לשטח מתקפלת שחור בתיק,רגיל,0,99.00,149.90,,מוצרי חצר תחנה ,יח',מוצרי חצר תחנה ,
6049024968,7296049024968,אוהל 4 חלונות BASIC PLUS,רגיל,5,69.00,149.90,,מוצרי חצר תחנה ,יח',מוצרי חצר תחנה ,
6049027006,7296049027006,בוס מפזר חום עומד 2000 W,רגיל,0,30.00,49.90,,מוצרי חצר תחנה ,יח',מוצרי חצר תחנה ,
6049027020,7296049027020,תנור 3 ספירליות 2000 W ,רגיל,1,65.00,99.90,,מוצרי חצר תחנה ,יח',מוצרי חצר תחנה ,
6049027037,7296049027037,בוס מכונת תספורת / זקן נטענת ,רגיל,0,33.00,59.90,,מוצרי חצר תחנה ,יח',מוצרי חצר תחנה ,
6049027884,7296049027884,בןס מצנם 2 פרסות שחור ,רגיל,5,33.00,59.90,,מוצרי חצר תחנה ,יח',מוצרי חצר תחנה ,
6049028997,7296049028997,שולחן לבן מתקפל ,רגיל,1,76.00,119.90,,מוצרי חצר תחנה ,יח',מוצרי חצר תחנה ,
6049036541,7296049036541,פטריית חימום גז אפולו ,רגיל,1,349.00,549.90,,מוצרי חצר תחנה ,יח',מוצרי חצר תחנה ,
6049211948,7296049211948,בוס מייבש שער BOSS ,רגיל,0,59.00,99.90,,מוצרי חצר תחנה ,יח',מוצרי חצר תחנה ,
6049224542,7296049224542,תנור חימום אינפרא 2500 W,רגיל,4,179.00,269.90,,מוצרי חצר תחנה ,יח',מוצרי חצר תחנה ,
6049226782,7296049226782,בוס טוסטר משולשים ,רגיל,1,32.00,59.90,,מוצרי חצר תחנה ,יח',מוצרי חצר תחנה ,
6049227116,7296049227116,מיכל מים 2.3 ל קשיח ,רגיל,0,15.90,24.90,,מוצרי חצר תחנה ,יח',מוצרי חצר תחנה ,
6049227147,7296049227147,מיכל מים 4 ליטר ,רגיל,6,32.00,49.90,,מוצרי חצר תחנה ,יח',מוצרי חצר תחנה ,
6073060024,7296073060024,צלחות קטנות BASIC,רגיל,26,9.90,17.90,,מוצרי מכולת ,יח',מוצרי מכולת ,
6073132974,7296073132974,צלחות ענקיות - לבן,רגיל,14,10.50,19.90,,מוצרי מכולת ,יח',מוצרי מכולת ,
6073133063,7296073133063,צלחות גדולוץ ELEGANT,רגיל,20,7.90,14.90,,מוצרי מכולת ,יח',מוצרי מכולת ,
6073146933,7296073146933,שוקולד מריר אוורירי,רגיל,16,6.90,10.90,,ממתקים ,יח',ממתקים ,
6073195252,7296073195252,פריכיות אורז מלא גרין 110 גרם,רגיל,1,4.90,8.90,,חטיפים מלוחים ,יח',חטיפים מלוחים ,
6073230465,7296073230465,מארז סכינים שקופים עבים,רגיל,39,3.50,6.90,,מוצרי מכולת ,יח',מוצרי מכולת ,
6073277255,7296073277255,מארז מגבונים לחים - שופרסל,רגיל,0,12.90,19.90,,מוצרי ניקיון ו טיפוח אישי,יח',מוצרי ניקיון ו טיפוח אישי,
6073277262,7296073277262,דילקוס מגבונים לתינוק,רגיל,-150,2.25,4.90,4.90,מוצרי ניקיון ו טיפוח אישי,יח',מוצרי ניקיון ו טיפוח אישי,
6073285281,7296073285281,מארז כפיות שקופות עבות ,רגיל,40,4.20,9.90,,מוצרי ניקיון ו טיפוח אישי,יח',מוצרי ניקיון ו טיפוח אישי,
6073420330,7296073420330,פריכיות כוסמת ללא מלח 160 גרם,רגיל,-1,5.90,9.90,,חטיפים מלוחים ,יח',חטיפים מלוחים ,
6073450740,7296073450740,"פריכיות בטעם טבעי,",רגיל,0,2.90,6.90,,חטיפים מלוחים ,יח',חטיפים מלוחים ,
6073592440,7296073592440,פריכיות משולשים מלח ים,רגיל,0,2.90,6.90,,חטיפים מלוחים ,יח',חטיפים מלוחים ,
6073644668,7296073644668,ופלים GOFRE בטעם שוקולד 200 גרם,רגיל,0,2.50,5.90,,חטיפים מתוקים ,יח',חטיפים מתוקים ,
6073691358,7296073691358,פולי סויה שלמים 1קג,רגיל,3,9.20,17.90,,מוצרי שימוש מטבח -חנות ,יח',מוצרי שימוש מטבח -חנות ,
6073691747,7296073691747,נר נשמה 24 שעות יחידה ,רגיל,37,1.00,1.90,,מוצרי בית,יח',מוצרי בית,
6073692683,7296073692683,פחם דרום אפריקאי 2 קג,רגיל,66,10.90,21.90,,מוצרי בית,יח',מוצרי בית,
6073727842,7296073727842,פסטרמה מעושנת במעשנה,רגיל,3,18.50,34.90,,מוצרי מקרר ,יח',מוצרי מקרר ,
6073727859,7296073727859,פסטרמה מקורמלת בדבש,רגיל,0,18.50,34.90,,מוצרי מקרר ,יח',מוצרי מקרר ,
6073727866,7296073727866,פסטרמה צרובה על הגריל,רגיל,0,18.50,34.90,,מוצרי מקרר ,יח',מוצרי מקרר ,
6073727873,7296073727873,פסטרמה ברבקיו 300 גרם,רגיל,-1,20.90,34.90,,מוצרי מקרר ,יח',מוצרי מקרר ,
6073727880,7296073727880,פסטרמה 4 סוגי פלפלים,רגיל,2,18.90,34.90,,מוצרי מקרר ,יח',מוצרי מקרר ,
6073727903,7296073727903,פסטרמה בסגנון רומני,רגיל,1,20.90,34.90,,מוצרי מקרר ,יח',מוצרי מקרר ,
6073730774,7296073730774,שניצל עוף דק ענק קריספי ,רגיל,19,23.90,44.90,,מוצרי מקרר ,יח',מוצרי מקרר ,
6073734895,7296073734895,צ'יפס קלאסי 1.5 ק"ג,רגיל,15,14.90,29.90,,קפואים מצוננים ,יח',קפואים מצוננים ,
6073734901,7296073734901,צ'יפס בסגנון אמירקאי 1.5 ק"ג,רגיל,16,13.90,29.90,,קפואים מצוננים ,יח',קפואים מצוננים ,
6073734918,7296073734918,צ'יפס קפוא זיגזג 1.5 ק"ג,רגיל,16,13.90,29.90,,קפואים מצוננים ,יח',קפואים מצוננים ,
7005100001,7005100001,בורקס גבינה ,רגיל,0.000,26.22,30.94,30.94,מוצרי מאפים ,ק"ג,מוצרי מאפים ,
7005100014,7005100014,בגט רוסטיק עם קמח,רגיל,0,4.69,7.00,7.00,מוצרי מכולת ,יח',מוצרי מכולת ,
7005100031,7005100031,קוראסון ביס חמאה,רגיל,0,27.46,24.52,24.52,מוצרי מכולת ,יח',מוצרי מכולת ,
7005100033,7005100033,מאפין חמישיות שוקולד,רגיל,0,0.00,175.20,175.20,מוצרי מכולת ,יח',מוצרי מכולת ,
7005100034,7005100034,מאפין חמישיות שוקולד פיציפוצים,רגיל,0,0.00,0.00,0.00,מוצרי מכולת ,יח',מוצרי מכולת ,
7005100105,7005100105,בגט וינואז',רגיל,0,0.00,0.00,0.00,מוצרי מכולת ,יח',מוצרי מכולת ,
7005100106,7005100106,חצי בגט,רגיל,0,0.00,1.93,1.93,מוצרי מכולת ,יח',מוצרי מכולת ,
7005100121,7005100121,גביטה 180 כפרית,רגיל,0,0.00,19.90,19.90,מוצרי מכולת ,יח',מוצרי מכולת ,
7005100148,7005100148,טורקי מנה אישית פט,רגיל,0,0.00,3.97,3.97,מוצרי מכולת ,יח',מוצרי מכולת ,
7005100255,7005100255,לחמניות יאמיס,רגיל,0,0.00,8.42,8.42,מוצרי מכולת ,יח',מוצרי מכולת ,
7005100300,7005100300,לחם מחמצת טוסקני,רגיל,0,0.00,121.90,121.90,מוצרי מכולת ,יח',מוצרי מכולת ,
7005100311,7005100311,חלה מתוקה קלועה,רגיל,0,0.00,9.18,9.18,מוצרי מכולת ,יח',מוצרי מכולת ,
7005100317,7005100317,רוגלעך מנה אישית ,רגיל,0,3.57,4.22,4.22,מוצרי מאפים ,יח',מוצרי מאפים ,
7005100404,7005100404,קורסון חמאה,רגיל,0,4.60,9.00,9.00,מוצרי מכולת ,יח',מוצרי מכולת ,
7005100411,7005100411,בורקס תפו"ח,רגיל,0.000,26.22,30.94,30.94,מוצרי מאפים ,ק"ג,מוצרי מאפים ,
7005100413,7005100413,קוקטייל בולגרית בצק חמאה,רגיל,0,34.97,0.00,0.00,מוצרי מכולת ,יח',מוצרי מכולת ,
7005100414,7005100414,קרואסון ביס שוקלד 6,רגיל,0.000,27.52,32.48,32.48,מוצרי מאפים ,ק"ג,מוצרי מאפים ,
7005100415,7005100415,גבינות ,רגיל,0.000,29.96,35.35,35.35,מוצרי מאפים ,ק"ג,מוצרי מאפים ,
7005100420,7005100420,רוגלך 6 קג,רגיל,0.000,26.22,30.94,30.94,מוצרי מאפים ,ק"ג,מוצרי מאפים ,
7005100421,7005100421,שנק חלבה,רגיל,0,27.17,0.00,0.00,מוצרי מכולת ,יח',מוצרי מכולת ,
7005100482,7005100482,חלה רגילה קלועה,רגיל,0,0.00,9.18,9.18,מוצרי מכולת ,יח',מוצרי מכולת ,
7005100549,7005100549,חלה כדורים,רגיל,0,0.00,4.10,4.10,מוצרי מכולת ,יח',מוצרי מכולת ,
7005100618,7005100618,פילסברי כיס אוכמניות,רגיל,0,27.17,0.00,0.00,מוצרי מכולת ,יח',מוצרי מכולת ,
7005100621,7005100621,פילסברי תפו""ע קטן,רגיל,0,0.00,4.10,4.10,מוצרי מכולת ,יח',מוצרי מכולת ,
7005100903,7005100903,נ אריזת מאפים,רגיל,0,2.37,2.54,2.54,מוצרי מאפים ,יח',מוצרי מאפים ,
7005100908,7005100908,נייר לחצי בגט,רגיל,0,0.00,0.14,0.14,מוצרי מכולת ,יח',מוצרי מכולת ,
7005100917,7005100917,שקית נייר לפיתות,רגיל,0,0.00,0.20,0.20,מוצרי מכולת ,יח',מוצרי מכולת ,
7005100980,7005100980,נ נייר אפייה 50*70,רגיל,0,0.56,0.00,0.00,מוצרי מכולת ,יח',מוצרי מכולת ,
7005103013,7005103013,בייגלה ניו יורק,רגיל,0,0.00,0.00,0.00,מוצרי מכולת ,יח',מוצרי מכולת ,
7005103080,7005103080,לחמניית דגנים,רגיל,0,0.00,151.92,151.92,מוצרי מכולת ,יח',מוצרי מכולת ,
7005103184,7005103184,בייגל בסגנון רומי,רגיל,0,0.00,0.00,0.00,מוצרי מכולת ,יח',מוצרי מכולת ,
7005103231,7005103231,בגט רוסטיק,רגיל,0,0.00,4.34,4.34,מוצרי מכולת ,יח',מוצרי מכולת ,
7005103256,7005103256,שקיות נייר בגט רוסטיק,רגיל,0,0.00,0.16,0.16,מוצרי מכולת ,יח',מוצרי מכולת ,
7005103373,7005103373,מאפה קוקטייל פיצה ,רגיל,0,38.56,45.50,45.50,מוצרי מאפים ,יח',מוצרי מאפים ,
7005103400,7005103400,גביניות ריקוטה,רגיל,0,0.00,0.00,0.00,מוצרי מכולת ,יח',מוצרי מכולת ,
7005103403,7005103403,פרצלה שמינייה,רגיל,0,0.00,3.35,3.35,מוצרי מכולת ,יח',מוצרי מכולת ,
7005103409,7005103409,סנדוויץ רוסטיק לבן,רגיל,0,0.00,2.34,2.34,מוצרי מכולת ,יח',מוצרי מכולת ,
7005103410,7005103410,סנדוויץ רוסטיק עם קמח,רגיל,0,0.00,2.34,2.34,מוצרי מכולת ,יח',מוצרי מכולת ,
7005103462,7005103462,לחם מחמצת זיתים,רגיל,0,0.00,159.60,159.60,מוצרי מכולת ,יח',מוצרי מכולת ,
7005103464,7005103464,לחם מחמצנת כוסמין,רגיל,0,0.00,0.00,0.00,מוצרי מכולת ,יח',מוצרי מכולת ,
7005103472,7005103472,שקית נייר ממותגת ללחמניה,רגיל,0,0.00,0.41,0.41,מוצרי מכולת ,יח',מוצרי מכולת ,
7005103483,7005103483,פילו תפוח עייצ,רגיל,0,4.31,9.90,9.90,מוצרי בית,יח',מוצרי בית,
7005103494,7005103494,אוזני המן שוקולד,רגיל,0,0.00,0.00,0.00,מוצרי מכולת ,יח',מוצרי מכולת ,
7005103513,7005103513,רוגלך בסגנון ירושלמי ,רגיל,0.000,35.44,41.82,41.82,מוצרי מאפים ,ק"ג,מוצרי מאפים ,
7005103520,7005103520,מארז קרטון מהודר,רגיל,0,0.00,2.65,2.65,מוצרי מכולת ,יח',מוצרי מכולת ,
7005103523,7005103523,כיס שוקולד לבן,רגיל,0,0.00,0.00,0.00,מוצרי מכולת ,יח',מוצרי מכולת ,
7005103546,7005103546,פיתה זעתר,רגיל,-1,0.00,5.00,5.00,מוצרי מכולת ,יח',מוצרי מכולת ,
7005103558,7005103558,פיתה קריצה,רגיל,0,0.00,13.08,13.08,מוצרי מכולת ,יח',מוצרי מכולת ,
7005103610,7005103610,עוגת שמרים שוקולד,רגיל,0,0.00,17.97,17.97,מוצרי מכולת ,יח',מוצרי מכולת ,
7005103612,7005103612,עוגת שמרים תפו""ח,רגיל,0,0.00,2.24,2.24,מוצרי מכולת ,יח',מוצרי מכולת ,
7005103613,7005103613,עוגת שמרים פרג,רגיל,0,0.00,2.97,2.97,מוצרי מכולת ,יח',מוצרי מכולת ,
7005103614,7005103614,עוגת שמרים פרג,רגיל,0,0.00,2.92,2.92,מוצרי מכולת ,יח',מוצרי מכולת ,
7005103644,7005103644,דונאטס תות שדה,רגיל,0,6.24,0.00,0.00,מוצרי מכולת ,יח',מוצרי מכולת ,
7005103645,7005103645,תחתית בצק לסמבוסק,רגיל,0,0.00,1.32,1.32,מוצרי מכולת ,יח',מוצרי מכולת ,
7005103652,7005103652,רוגלך פיסטוק חלבה,רגיל,0.000,29.96,32.06,32.06,מוצרי מאפים ,ק"ג,מוצרי מאפים ,
7290011496,7290011496,מוט סלפי רובוט,רגיל,0,129.00,209.90,209.90,אבזרי סלולר ו חשמל ,יח',אבזרי סלולר ו חשמל ,
7290105335,7290105335,קפסלות 7,רגיל,0,9.96,35.00,35.00,מוצרי מכולת ,יח',מוצרי מכולת ,
7313215615,7313215615,מגן גלגול קונוס,רגיל,78,2.54,10.00,10.00,אבזרי עישון ,יח',אבזרי עישון ,
8007808001,8007808001,פולי קפה טרייסטה 1 קג,רגיל,0,95.00,112.10,,מוצרי שימוש מטבח -חנות ,יח',מוצרי שימוש מטבח -חנות ,
8421363094,8421363094,בובת TY,רגיל,0,16.90,40.00,40.00,מוצרי מכולת ,יח',מוצרי מכולת ,
8421363667,8421363667,בובת TY עיניים גדולות (S)-פיונה חתולה ורודה,רגיל,0,16.89,29.90,29.90,מוצרי יום הולדת ו מתנות ,יח',מוצרי יום הולדת ו מתנות ,
8421363674,8421363674,בובת TY ליווי,רגיל,0,16.90,40.00,40.00,מוצרי מכולת ,יח',מוצרי מכולת ,
8421412877,8421412877,בובות TY ביני ביילי (S) - הרדלי פרה,רגיל,0,16.89,29.90,29.90,מוצרי יום הולדת ו מתנות ,יח',מוצרי יום הולדת ו מתנות ,
8421415038,8421415038,בובות TY ביני ביילי (S) - וויט השועל,רגיל,1,16.89,29.90,29.90,מוצרי יום הולדת ו מתנות ,יח',מוצרי יום הולדת ו מתנות ,
8421415045,8421415045,בובות TY ביני ביילי (S) -טאפי הג'ירפה,רגיל,-1,16.89,29.90,29.90,מוצרי יום הולדת ו מתנות ,יח',מוצרי יום הולדת ו מתנות ,
8421440078,008421440078,בובת TY (S) ספיידר מן,רגיל,0,19.89,29.90,29.90,מוצרי יום הולדת ו מתנות ,יח',מוצרי יום הולדת ו מתנות ,
8421440108,8421440108,בובת TY (S) סטיץ,רגיל,-1,19.89,29.90,29.90,מוצרי יום הולדת ו מתנות ,יח',מוצרי יום הולדת ו מתנות ,
9800800056,9800800056,נוטלה ממרח עם מקלות,רגיל,43,4.36,6.90,6.90,חטיפים מתוקים ,יח',חטיפים מתוקים ,
9800800056,9800800056,נוטלה ממרח עם מקלות,רגיל,43,4.90,6.90,6.90,חטיפים מתוקים ,יח',חטיפים מתוקים ,
10979604109,10979604109,פותחן בק,רגיל,12,6.77,11.90,,אבזרי עישון ,יח',אבזרי עישון ,
15300014992,15300014992,מק אנד צייז צייטוס חלבניום,רגיל,9,13.75,25.00,25.00,מוצרי מכולת ,יח',מוצרי מכולת ,
15300200234,15300200234,מק אנד צייז צייטוס פליימין,רגיל,0,13.75,25.00,25.00,מוצרי מכולת ,יח',מוצרי מכולת ,
15300200661,15300200661,מק ציז ציטוס,רגיל,0,13.75,25.00,25.00,חטיפים מלוחים ,יח',חטיפים מלוחים ,
16000042022,16000042022,שולחן גימינג + מסך 23.80 MI,רגיל,0,0.00,1500.00,1500.00,מוצרי מכולת ,יח',מוצרי מכולת ,
16000220935,016000220935,רולאפס עשירייה SOUR,רגיל,0,17.90,24.90,24.90,חטיפים מתוקים ,יח',חטיפים מתוקים ,
16000423534,16000423534,קראנץ' שיבולת שועל שוקולד מריר,רגיל,0,10.31,17.00,17.00,מוצרי מכולת ,יח',מוצרי מכולת ,
16000507777,16000507777,חטיף נייצר ואלי שבולת,רגיל,116,2.85,5.90,7.90,חטיפים מלוחים ,יח',חטיפים מלוחים ,
16000548404,16000548404,ליימןם שיבולת שועל,רגיל,0,10.31,17.00,17.00,מוצרי מכולת ,יח',מוצרי מכולת ,
16000548497,16000548497,חטיף נייצר ואלי דבש,רגיל,-11,2.85,5.90,5.90,חטיפים מתוקים ,יח',חטיפים מתוקים ,
16000548503,16000548503,קראנץ' ש""ש ומייפל,רגיל,0,10.31,17.00,17.00,מוצרי מכולת ,יח',מוצרי מכולת ,
16000548596,0016000548596,חטיף נאצ'ור וואלי מייפל,רגיל,74,2.85,5.90,7.90,חטיפים מלוחים ,יח',חטיפים מלוחים ,
16000548909,16000548909,ליימן קראנץ' מארז,רגיל,0,10.31,16.90,17.90,חטיפים מתוקים ,יח',חטיפים מתוקים ,
18000701223,18000701223,תערובת לעוגת שוקולד 425גר,רגיל,1,12.90,24.00,24.00,מוצרי בית,יח',מוצרי בית,
18000703494,18000703494,תערובת לעוגת וניל 390גרם,רגיל,5,12.90,24.00,24.00,מוצרי בית,יח',מוצרי בית,
18000766413,18000766413,תערובת לעוגה בראוניס 415ג,רגיל,5,12.90,24.00,24.00,מוצרי בית,יח',מוצרי בית,
21905161260,2190516,ממרח ריבת חלב קומידה 500ג,רגיל,18,9.90,19.90,20.90,מוצרי בית,יח',מוצרי בית,
22200940238,22200940238,דורדוראנט סטיק,רגיל,0,0.00,15.00,15.00,מוצרי מכולת ,יח',מוצרי מכולת ,
22227102021,22227102021,טלוויזיה 50 אינץ,רגיל,0,1000.00,1900.00,1900.00,מוצרי  אלקטרונים ,יח',מוצרי  אלקטרונים ,
22227102022,22227102022,טלוויזיה 65 אינץ',רגיל,0,0.00,2800.00,2800.00,מוצרי מכולת ,יח',מוצרי מכולת ,
25675120006,25675120006,חמצוצים 4 צבעים 100 גרם,רגיל,0,5.50,8.90,9.90,חטיפים מתוקים ,יח',חטיפים מתוקים ,
25675120020,25675120020,חמצוצים בטעם פטל 100 גרם,רגיל,-2,5.50,8.90,9.90,חטיפים מתוקים ,יח',חטיפים מתוקים ,
25675120037,25675120037,חמצוצים בטעם תות 100 גרם ,רגיל,0,5.50,8.90,9.90,חטיפים מתוקים ,יח',חטיפים מתוקים ,
25675120044,25675120044,פשקס מקלות 100 גר`תפוח,רגיל,1,5.90,8.90,9.90,חטיפים מתוקים ,יח',חטיפים מתוקים ,
25675120068,25675120068,חמצוצים בטעם קולה 10 גרם,רגיל,-2,5.90,8.90,9.90,חטיפים מתוקים ,יח',חטיפים מתוקים ,
25675120105,025675120105,פשקס מקלות 100 גר`דובדבן,רגיל,0,8.80,14.00,14.00,מוצרי מכולת ,יח',מוצרי מכולת ,
25675301092,25675301092,מקלות צבעוני 50 גרם ,רגיל,19,5.00,9.90,,חטיפים מתוקים ,יח',חטיפים מתוקים ,
25675301108,25675301108,פשקס מקלות תות 50 גרם,רגיל,25,5.00,9.90,,חטיפים מתוקים ,יח',חטיפים מתוקים ,
25675301153,25675301153,פשקס מקלות פטל 50 גרם,רגיל,24,5.00,9.90,,חטיפים מלוחים ,יח',חטיפים מלוחים ,
25675301177,25675301177,פשקס מקלות דודבן 50 גרם,רגיל,8,5.00,9.90,,חטיפים מלוחים ,יח',חטיפים מלוחים ,
25675301184,25675301184,פשקס מקלות קולה 50 גרם,רגיל,24,5.00,9.90,,חטיפים מתוקים ,יח',חטיפים מתוקים ,
25675301207,25675301207,פשקס מקלו תפוח 50 גרם,רגיל,5,5.00,9.90,,חטיפים מלוחים ,יח',חטיפים מלוחים ,
25675950016,025675950016,פשקס אודלס טופי גרגיריםתות 1/48 (6),רגיל,0,0.75,1.90,1.90,חטיפים מתוקים ,יח',חטיפים מתוקים ,
25675950023,25675950023,פשקס אודלס טופי גרגיריםענבים 1/48 (6),רגיל,0,0.75,1.90,1.90,חטיפים מתוקים ,יח',חטיפים מתוקים ,
25675950085,025675950085,פשקס אודלס טופי גרגיריםפטל 1/48 (6),רגיל,0,0.75,1.90,1.90,חטיפים מתוקים ,יח',חטיפים מתוקים ,
26635172684,26635172684,בלון מיילר 18 - חמניה,רגיל,5,1.40,2.90,,מוצרי יום הולדת ו מתנות ,יח',מוצרי יום הולדת ו מתנות ,
26635177353,026635409780,בלון מיילר 26 - מותגים ראש מיקי,רגיל,5,2.90,5.90,,מוצרי יום הולדת ו מתנות ,יח',מוצרי יום הולדת ו מתנות ,
26635177535,26635177535,בלון מיילר 26 - באטמן,רגיל,5,2.90,5.90,,מוצרי יום הולדת ו מתנות ,יח',מוצרי יום הולדת ו מתנות ,
26635219501,26635219501,בלון אנגלית HB נקודות,רגיל,0,6.50,12.00,12.00,מוצרי מכולת ,יח',מוצרי מכולת ,
26635267106,26635267106,בלון עברית HB דזלר קונפט,רגיל,0,6.50,12.00,12.00,מוצרי מכולת ,יח',מוצרי מכולת ,
26635267298,26635267298,בלון יום הולדת מודגש,רגיל,0,6.50,12.00,12.00,מוצרי מכולת ,יח',מוצרי מכולת ,
26635269162,26635269162,בלון אנגליתHB איחול,רגיל,0,7.25,13.00,13.00,מוצרי מכולת ,יח',מוצרי מכולת ,
26635296922,26635296922,בלון מיילר 26 - סמל סופרמן,רגיל,5,2.90,5.90,,מוצרי יום הולדת ו מתנות ,יח',מוצרי יום הולדת ו מתנות ,
26635314930,26635314930,HB עברית לבן נקודות,רגיל,0,6.50,12.00,12.00,מוצרי מכולת ,יח',מוצרי מכולת ,
26635332156,26635332156,בלון מיילר 26 - רפונזל,רגיל,1,2.90,5.90,,מוצרי יום הולדת ו מתנות ,יח',מוצרי יום הולדת ו מתנות ,
26635353700,26635353700,בלון מיילר 26 - מכוניות מקווין,רגיל,5,2.90,5.90,,מוצרי יום הולדת ו מתנות ,יח',מוצרי יום הולדת ו מתנות ,
26635355735,26635355735,21 אנגלית HB צהוב,רגיל,0,7.25,13.00,13.00,מוצרי מכולת ,יח',מוצרי מכולת ,
26635370462,26635370462,בלון מיילר 53 איחולים - מולטי לאמא הכי טובה,רגיל,10,2.90,17.90,,מוצרי יום הולדת ו מתנות ,יח',מוצרי יום הולדת ו מתנות ,
26635384704,26635384704,בלון HB 18 גלידות,רגיל,0,6.50,12.00,12.00,מוצרי מכולת ,יח',מוצרי מכולת ,
26635394161,26635394161,בלון מיילר 18 - עברית ברוכים הבאים ציור בי,רגיל,5,1.40,2.90,,מוצרי יום הולדת ו מתנות ,יח',מוצרי יום הולדת ו מתנות ,
26635397988,26635397988,בלון מיילר 18 - סינדרלה היו היה,רגיל,5,1.40,2.90,,תכשיטים לילדות קטנות ,יח',תכשיטים לילדות קטנות ,
26635397995,26635397995,בלון מיילר 18 - אריאל היו היה,רגיל,5,1.40,2.90,,תכשיטים לילדות קטנות ,יח',תכשיטים לילדות קטנות ,
26635398015,26635398015,בלון מיילר 18 - רפונזל היו היה,רגיל,5,1.40,2.90,,תכשיטים לילדות קטנות ,יח',תכשיטים לילדות קטנות ,
26635398022,26635398022,בלון מיילר 18 - יסמין היו היה,רגיל,5,1.40,2.90,,תכשיטים לילדות קטנות ,יח',תכשיטים לילדות קטנות ,
26635398039,26635398039,בלון מיילר 18 - אאורה היו היה,רגיל,5,1.40,2.90,,תכשיטים לילדות קטנות ,יח',תכשיטים לילדות קטנות ,
26635409797,26635409797,בלון מיילר 26 - ראש מיני,רגיל,5,2.90,4.90,,מוצרי יום הולדת ו מתנות ,יח',מוצרי יום הולדת ו מתנות ,
26635423861,26635423861,בלון מיילר 18 - יום הולדת נסיכות היו היה,רגיל,4,1.40,2.90,,תכשיטים לילדות קטנות ,יח',תכשיטים לילדות קטנות ,
26635426541,26635426541,בלון מיילר 15 תכלת מיימד,רגיל,2,4.50,7.90,,תכשיטים לילדות קטנות ,יח',תכשיטים לילדות קטנות ,
27000001127,27000001127,רוטב ברביקיו חרדל ודבש ,רגיל,11,10.90,17.90,18.90,מוצרי בית,יח',מוצרי בית,
27000867044,27000867044,רוטב ברביקיו לתיבול 510ג ,רגיל,9,10.90,17.90,18.90,מוצרי בית,יח',מוצרי בית,
28400321297,28400321297,לייז דבש ברביקיו,רגיל,0,16.90,25.00,25.00,מוצרי מכולת ,יח',מוצרי מכולת ,
28400509510,28400509510,ציטוס באפס מנופח,רגיל,0,21.40,28.00,28.00,מוצרי מכולת ,יח',מוצרי מכולת ,
30100487197,30100487197,סנדביץ גבינה כתום,רגיל,0,2.41,4.00,4.00,מוצרי מכולת ,יח',מוצרי מכולת ,
30100545101,30100545101,סנדביץ גבינה צהוב,רגיל,0,2.41,4.00,4.00,מוצרי מכולת ,יח',מוצרי מכולת ,
31200001597,31200001597,ליימן חמוציות,רגיל,0,8.15,14.00,14.00,מוצרי מכולת ,יח',מוצרי מכולת ,
34000196173,34000196173,הרשי טבלת קוקוס,רגיל,0,6.72,10.00,10.00,מוצרי מכולת ,יח',מוצרי מכולת ,
34000250103,34000250103,חטיף ריסס שוקולד בוטנים 39 גרם,רגיל,8,4.70,8.90,8.90,חטיפים מתוקים ,יח',חטיפים מתוקים ,
34000312177,34000312177,סירופ שוקולד 680 גרם,רגיל,7,14.90,27.90,28.90,חטיפים מתוקים ,יח',חטיפים מתוקים ,
34000432905,34000432905,ליימן הרשי ריסס מיניאטורס,רגיל,0,7.72,11.90,11.90,חטיפים מתוקים ,יח',חטיפים מתוקים ,
34000442652,34000442652,ריסס טבלה -L,רגיל,0,0.00,10.00,10.00,מוצרי מכולת ,יח',מוצרי מכולת ,
34000470563,34000470563,ליימן-הרשי ריסס מיניס פוצ׳ 215 גרם,רגיל,0,13.70,19.90,19.90,חטיפים מתוקים ,יח',חטיפים מתוקים ,
35000689535,35000689535,2 קולגייט מקס וייט סופט,רגיל,0,13.50,25.90,26.90,מוצרי ניקיון ו טיפוח אישי,יח',מוצרי ניקיון ו טיפוח אישי,
37600207188,37600207188,חמאת בוטנים,רגיל,0,0.00,25.90,25.90,מוצרי מכולת ,יח',מוצרי מכולת ,
37600297967,37600297967,מטבל סלסה בחריפות עדינה - צ'י צ'י,רגיל,6,13.20,18.90,,מוצרי בית,יח',מוצרי בית,
37600309417,37600309417,חמאת בוטנים סקיפי קלאסי 454 גרם,רגיל,13,15.69,24.90,24.90,מוצרי בית,יח',מוצרי בית,
38000138416,38000138416,פרינגלז אורגינל אדום,רגיל,0,12.40,16.90,16.90,חטיפים מלוחים ,יח',חטיפים מלוחים ,
38000138430,38000138430,פרינגלז ירוק בצל שמנת,רגיל,-3,12.40,16.90,17.90,חטיפים מלוחים ,יח',חטיפים מלוחים ,
38000138577,38000138577,** פרינגלס סקורצ'ן (14)(Din)) Cheddar Cheese,רגיל,0,12.40,16.90,16.90,חטיפים מלוחים ,יח',חטיפים מלוחים ,
38000138607,38000138607,פרינגלס מלח וחומץ,רגיל,21,12.40,16.90,16.90,חטיפים מלוחים ,יח',חטיפים מלוחים ,
38000138638,38000138638,פרינגלס בטעם בטעם פיצה,רגיל,0,12.40,16.90,16.90,חטיפים מתוקים ,יח',חטיפים מתוקים ,
38000138720,38000138720,פרינגלס ראנץ' טורקיז,רגיל,19,12.40,14.90,14.90,חטיפים מלוחים ,יח',חטיפים מלוחים ,
38000138874,38000138874,פרינגלס פלפל חריף,רגיל,0,8.00,14.00,14.00,מוצרי מכולת ,יח',מוצרי מכולת ,
38000138973,038000138973,פרינגלז צ'ידר ושמנת חמוצה,רגיל,0,12.40,16.90,16.90,חטיפים מלוחים ,יח',חטיפים מלוחים ,
38000180606,038000180606,** פרינגלס סקורצ'ן (14) צ׳יליוליים (ירוק בהיר),רגיל,0,12.40,16.90,16.90,חטיפים מלוחים ,יח',חטיפים מלוחים ,
38000183713,38000183713,פרינגלז ברביקיו,רגיל,0,12.40,16.90,17.90,חטיפים מלוחים ,יח',חטיפים מלוחים ,
38000183737,38000183737,מיני פרינגלס ברביקיו סגול 40 גרם,רגיל,-6,3.75,5.90,5.90,חטיפים מלוחים ,יח',חטיפים מלוחים ,
38000202278,38000202278,פרינגלס קלאסיק,רגיל,0,7.00,12.00,12.00,מוצרי מכולת ,יח',מוצרי מכולת ,
38000217913,038000217913,פרינגלז סכרטש אקסטרים,רגיל,0,12.40,16.90,16.90,חטיפים מלוחים ,יח',חטיפים מלוחים ,
38000232152,38000232152,פרינגלס חטיף תפוח אדמה בטעם ברביקיו 158ג,רגיל,3,12.40,13.90,16.90,חטיפים מלוחים ,יח',חטיפים מלוחים ,
38000232169,38000232169,פרינגלס חטיפי תפוח אדמה 67 גרם,רגיל,0,3.98,8.00,9.00,חטיפים מלוחים ,יח',חטיפים מלוחים ,
38000232176,38000232176,פרינגלס שמנת בצל 158 גרם,רגיל,20,7.20,13.90,15.90,חטיפים מלוחים ,יח',חטיפים מלוחים ,
38000232183,38000232183,פרינגלס אורגינל 149 גרם,רגיל,1,8.90,13.90,15.90,חטיפים מלוחים ,יח',חטיפים מלוחים ,
38000245565,038000245565,פרינגלז ברביקיו ספיסי,רגיל,0,12.40,16.90,16.90,חטיפים מלוחים ,יח',חטיפים מלוחים ,
38000249396,038000249396,פרינגלז חריף,רגיל,0,12.40,16.90,16.90,חטיפים מלוחים ,יח',חטיפים מלוחים ,
38000272264,38000272264,פרינגלס Mexican Street Corn,רגיל,3,12.40,14.90,,חטיפים מלוחים ,יח',חטיפים מלוחים ,
38000284458,38000284458,פרינגלז אדובה לימון,רגיל,0,12.40,16.90,16.90,חטיפים מלוחים ,יח',חטיפים מלוחים ,
38000284472,38000284472,פרינגלז HABANERAS (ורוד),רגיל,0,12.40,16.90,16.90,חטיפים מלוחים ,יח',חטיפים מלוחים ,
38000293122,38000293122,פרינגלס בייגל 158 גרם,רגיל,12,12.40,16.90,16.90,חטיפים מתוקים ,יח',חטיפים מתוקים ,
38000298356,38000298356,פרינגלס דבש חרדל,רגיל,16,12.40,16.90,16.90,חטיפים מלוחים ,יח',חטיפים מלוחים ,
38000301902,38000301902,פרינגלס אול דרסד,רגיל,10,12.40,14.90,,חטיפים מלוחים ,יח',חטיפים מלוחים ,
38000302633,38000302633,פרינגלס טאקוס,רגיל,3,12.40,14.90,,חטיפים מלוחים ,יח',חטיפים מלוחים ,
38000845512,38000845512,מיני פרינגלז אדום -37 גרם,רגיל,1,3.75,5.90,6.90,חטיפים מלוחים ,יח',חטיפים מלוחים ,
38000845529,38000845529,מיני פרינגלס ירוק 40גרם,רגיל,2,3.75,5.90,5.90,חטיפים מלוחים ,יח',חטיפים מלוחים ,
38527591053,38527591053,דגני בוקר שיבולת שועל עם קינמון,רגיל,0,0.00,29.00,29.00,מוצרי מכולת ,יח',מוצרי מכולת ,
38527591060,38527591060,דגני בוקר שיבולת שועל עם סוכר חום,רגיל,0,0.00,29.00,29.00,מוצרי מכולת ,יח',מוצרי מכולת ,
40000512943,40000512943,אם אנד אמס משפחתי שוקולד,רגיל,0,18.33,27.00,27.00,מוצרי מכולת ,יח',מוצרי מכולת ,
40000513056,40000513056,אמ אנד אם בוטנים משפחתי,רגיל,0,17.60,27.00,27.00,מוצרי מכולת ,יח',מוצרי מכולת ,
40000513568,40000513568,מ אנד מ 156 גר,רגיל,0,8.58,15.00,15.00,מוצרי מכולת ,יח',מוצרי מכולת ,
40000514480,40000514480,m&m חום,רגיל,0,2.00,5.00,5.00,מוצרי מכולת ,יח',מוצרי מכולת ,
40000555391,40000555391,M@M סגול,רגיל,0,3.41,5.00,5.00,מוצרי מכולת ,יח',מוצרי מכולת ,
41689300494,41689300494,זיפו גז,רגיל,1,10.23,25.00,25.00,אבזרי עישון ,יח',אבזרי עישון ,
46214731552,46214731552,מרבה עוג' שוקצ'יפס  משובחות 225 גר,רגיל,41,7.83,14.90,14.90,חטיפים מתוקים ,יח',חטיפים מתוקים ,
46423657523,46423657523,כיסוי 13 שחור IP,רגיל,0,0.00,50.00,50.00,מוצרי מכולת ,יח',מוצרי מכולת ,
46423657524,46423657524,כיסוי שילר ורוד,רגיל,0,0.00,50.00,50.00,מוצרי מכולת ,יח',מוצרי מכולת ,
46423657525,46423657525,כיסוי ירוק,רגיל,0,0.00,50.00,50.00,מוצרי מכולת ,יח',מוצרי מכולת ,
46423657527,46423657527,כיסוי שילד לבן IP13,רגיל,0,12.00,49.90,49.90,אבזרי סלולר ו חשמל ,יח',אבזרי סלולר ו חשמל ,
46423657528,46423657528,כיסוי ירוק,רגיל,0,12.00,49.90,49.90,אבזרי סלולר ו חשמל ,יח',אבזרי סלולר ו חשמל ,
46423657534,46423657534,כיסוי אייפון פרו ורוד,רגיל,0,12.00,49.90,49.90,אבזרי סלולר ו חשמל ,יח',אבזרי סלולר ו חשמל ,
46423657535,46423657535,כיסוי אייפון פרו 13 ירוק,רגיל,0,12.00,49.90,49.90,אבזרי סלולר ו חשמל ,יח',אבזרי סלולר ו חשמל ,
46423657536,46423657536,מגין איפון 13,רגיל,0,7.00,19.90,19.90,אבזרי סלולר ו חשמל ,יח',אבזרי סלולר ו חשמל ,
46423657537,46423657537,כיסוי שילד לבן,רגיל,0,12.00,49.90,49.90,אבזרי סלולר ו חשמל ,יח',אבזרי סלולר ו חשמל ,
46423657538,46423657538,כיסוי אייפון פרו כחול 13,רגיל,0,12.00,49.90,49.90,אבזרי סלולר ו חשמל ,יח',אבזרי סלולר ו חשמל ,
46423657539,46423657539,כיסוי אייפון פרו 13 צהוב,רגיל,0,12.00,49.90,49.90,אבזרי סלולר ו חשמל ,יח',אבזרי סלולר ו חשמל ,
46423657543,46423657543,כיסוי שילד שחור,רגיל,0,0.00,50.00,50.00,מוצרי מכולת ,יח',מוצרי מכולת ,
46423657544,46423657544,שילד ורוד,רגיל,0,0.00,50.00,50.00,מוצרי מכולת ,יח',מוצרי מכולת ,
46423657545,46423657545,כיסוי אייפון פרו מקס ירוק,רגיל,0,12.00,49.90,49.90,אבזרי סלולר ו חשמל ,יח',אבזרי סלולר ו חשמל ,
46423657546,46423657546,כיסוי אייפון פרו מקס אפור,רגיל,0,0.00,50.00,50.00,מוצרי מכולת ,יח',מוצרי מכולת ,
46423657547,46423657547,כיסוי אייפון פרו מקס לבן,רגיל,0,0.00,50.00,50.00,מוצרי מכולת ,יח',מוצרי מכולת ,
46423657549,46423657549,כיסוי אייפון פרו מקס צהוב,רגיל,0,0.00,50.00,50.00,מוצרי מכולת ,יח',מוצרי מכולת ,
48419205494,48419205494,בלו מיילר אנגלית HB,רגיל,0,6.50,12.00,12.00,מוצרי מכולת ,יח',מוצרי מכולת ,
49000014242,49000014242,פאנטה ענאבים 355מייל,רגיל,0,4.65,8.90,10.90,משקאות ,יח',משקאות ,
49000014266,49000014266,פאנטה תות 355 מייל,רגיל,1,4.65,8.90,10.90,משקאות ,יח',משקאות ,
49000014273,049000014273,פאנטה אננס  בפחית 355מייל,רגיל,0,4.65,9.90,10.90,משקאות ,יח',משקאות ,
49000033939,049000033939,פאנטה אפרסק  בפחית 355 מיל,רגיל,0,4.65,10.00,10.00,מוצרי מכולת ,יח',מוצרי מכולת ,
49000067729,49000067729,פאנטה פירוט יער,רגיל,0,4.65,8.90,10.90,משקאות ,יח',משקאות ,
50000543533,50000543533,פריסקיז פטה סלמון - פריסקיז,רגיל,0,3.70,6.50,,בעלי חיים ,יח',בעלי חיים ,
52000010398,52000010398,גטורייד 591 מ""ל בטעם איזוטוני,רגיל,0,7.60,15.00,15.00,מוצרי מכולת ,יח',מוצרי מכולת ,
52000046267,52000046267,גטורייד מעורב פונץ',רגיל,0,7.02,15.00,15.00,מוצרי מכולת ,יח',מוצרי מכולת ,
52000102475,52000102475,גטורייד 591 מ""ל בטעם דובדבן,רגיל,0,7.60,15.00,15.00,מוצרי מכולת ,יח',מוצרי מכולת ,
52000324815,52000324815,גטוראייד כחול 591 מ""ל,רגיל,0,9.80,16.00,16.00,מוצרי מכולת ,יח',מוצרי מכולת ,
52000328684,52000328684,גטורייד 591 מ""ל טעם לימון ליים,רגיל,0,7.60,15.00,15.00,מוצרי מכולת ,יח',מוצרי מכולת ,
55369902564,55369902564,אפלסנקס רסק תפוח עץ ללתס,רגיל,0,10.90,19.90,,מוצרי מכולת ,יח',מוצרי מכולת ,
57019026971,57019026971,הוט פופ צהוב פופקורן,רגיל,0,13.70,18.50,18.50,מוצרי מכולת ,יח',מוצרי מכולת ,
61965912590,61965912590,פלאש USB 128GB,רגיל,0,20.00,95.00,95.00,מוצרי מכולת ,יח',מוצרי מכולת ,
62221059795,62221059795,מילקה,רגיל,0,0.00,14.00,14.00,מוצרי מכולת ,יח',מוצרי מכולת ,
64144090020,64144090020,תרסיס שמן זית 148 מ״ל ,רגיל,9,11.50,19.90,20.90,מוצרי בית,יח',מוצרי בית,
64144090051,64144090051,תרסיס שמן קנולה 148 מ״ל ,רגיל,12,11.50,19.90,20.90,מוצרי בית,יח',מוצרי בית,
64156817085,641956817085,כיסא גיימינג M אדום SPT,רגיל,1,333.00,499.90,,אבזרי סלולר ו חשמל ,יח',אבזרי סלולר ו חשמל ,
66256900004,66256900004,מצלמה דרך קדמי T717,רגיל,0,39.00,98.90,98.90,אבזרי סלולר ו חשמל ,יח',אבזרי סלולר ו חשמל ,
66256900005,66256900005,מצלמת דרך קדמי ואחוריT695,רגיל,0,39.00,98.90,98.90,אבזרי סלולר ו חשמל ,יח',אבזרי סלולר ו חשמל ,
66256900006,66256900006,מצלמה דרך קדמי אחורי ופינמי T721,רגיל,5,39.00,98.90,99.00,אבזרי סלולר ו חשמל ,יח',אבזרי סלולר ו חשמל ,
66538191350,7290006653819,קוסקוס דק 350 גרם,רגיל,7,5.30,9.90,10.90,מוצרי בית,יח',מוצרי בית,
69349302919,69349302919,ריחנית עם נשמה,רגיל,0,2.00,10.00,10.00,מוצרי מכולת ,יח',מוצרי מכולת ,
69349325554,693493255554,סמבוסק בשר,רגיל,0,49.00,74.90,,מוצרי בצק ( معجنات ),יח',מוצרי בצק ( معجنات ),
70051000033,70051000033,מאפיין חמישיות שוקולד,רגיל,0,0.00,0.00,0.00,מוצרי מכולת ,יח',מוצרי מכולת ,
70970475337,70970475337,סוכריות מייק אייק בטעם פירות 120 ג ,רגיל,14,7.50,14.90,15.90,חטיפים מתוקים ,יח',חטיפים מתוקים ,
70970475344,70970475344,סוכריות מייק אייק בטעם פירות פלאס 120 ג ,רגיל,9,7.50,14.90,15.90,חטיפים מתוקים ,יח',חטיפים מתוקים ,
70970475351,70970475351,סוכריות מייק אייק בטעם פירוט,רגיל,3,7.50,14.90,14.90,חטיפים מתוקים ,יח',חטיפים מתוקים ,
70970475368,70970475368,סוכריות מייק אייק בטעם מקס  120 ג ,רגיל,-8,7.50,14.90,15.90,חטיפים מתוקים ,יח',חטיפים מתוקים ,
70970475375,70970475375,סוכריות מייק אייק בטעם מקס חמוץ  120 ג ,רגיל,1,7.50,14.90,15.90,חטיפים מתוקים ,יח',חטיפים מתוקים ,
70970475382,70970475382,סוכריות מייק אייק בטעם  ענבים 120 גר' (סגול),רגיל,0,8.25,14.90,15.90,חטיפים מתוקים ,יח',חטיפים מתוקים ,
70970475399,70970475399,סוכריות מייק אייק בטעם  תות שדה 120 ג ,רגיל,9,7.50,14.90,15.90,חטיפים מתוקים ,יח',חטיפים מתוקים ,
70970475405,70970475405,סוכריות מייק אייק בטעם  אבטיח חמוץ 120 ג,רגיל,8,7.50,14.90,14.90,חטיפים מתוקים ,יח',חטיפים מתוקים ,
70970475436,070970475436,מיק אנד מיק קטן,רגיל,0,1.60,3.90,3.90,חטיפים מתוקים ,יח',חטיפים מתוקים ,
70970475443,70970475443,מיק מיק פירוט יער,רגיל,0,1.60,3.90,4.90,חטיפים מתוקים ,יח',חטיפים מתוקים ,
70970475450,70970475450,מיק אנד מיק וורוד,רגיל,0,1.60,3.90,3.90,חטיפים מתוקים ,יח',חטיפים מתוקים ,
70970475467,70970475467,מיק מיק דבדובן,רגיל,0,1.60,3.90,3.90,חטיפים מתוקים ,יח',חטיפים מתוקים ,
70970475474,70970475474,מייק אנד מייק מיני אבטיח חמוץ ,רגיל,0,1.60,3.90,3.90,חטיפים מתוקים ,יח',חטיפים מתוקים ,
72600062863,072600062863,חטיף תירס גבינת צ׳דר ופלפלקרולינה 170גרם,רגיל,1,10.37,17.90,17.90,חטיפים מתוקים ,יח',חטיפים מתוקים ,
72900000157,72900000157,פותחן,רגיל,0,7.50,15.00,15.00,מוצרי מכולת ,יח',מוצרי מכולת ,
72900141746,72900141746,מיני דונאטס חורים שלישייה,רגיל,0,0.00,0.00,0.00,מוצרי מכולת ,יח',מוצרי מכולת ,
72900141747,72900141747,דונאטס גדול,רגיל,0,6.00,12.00,12.00,מוצרי מכולת ,יח',מוצרי מכולת ,
72900141749,72900141749,מיני דונאטס,רגיל,0,0.00,6.00,6.00,מוצרי מכולת ,יח',מוצרי מכולת ,
72900874731,72900874731,תות שוקלד עלית,רגיל,0,0.00,6.00,6.00,מוצרי מכולת ,יח',מוצרי מכולת ,
74603005212,74603005212,אטריות ראמן עוף חריף סמינג 120 ג,רגיל,0,8.15,13.90,13.90,חטיפים מלוחים ,יח',חטיפים מלוחים ,
76223000264,76223000264,טובלרון 35 גר',רגיל,0,0.00,5.00,5.00,מוצרי מכולת ,יח',מוצרי מכולת ,
76840002351,76840002351,גלידה בן אנד גירס עוגיות ומרשמלו 500 מ""ל,רגיל,0,17.00,25.00,25.00,מוצרי מכולת ,יח',מוצרי מכולת ,
76840002535,76840002535,צאנקים חצי אפוי,רגיל,0,0.00,25.00,25.00,מוצרי מכולת ,יח',מוצרי מכולת ,
76840002542,76840002542,פיינט נטפליקס וצילד,רגיל,-6,18.55,24.90,24.90,גלידות ,יח',גלידות ,
76840100156,76840100156,פינט בן אנד גירס ,רגיל,8,17.79,24.90,24.90,גלידות ,יח',גלידות ,
76840100583,76840100583,פיינט בו אנדירס,רגיל,-6,17.79,24.90,24.90,גלידות ,יח',גלידות ,
76840100811,076840100811,בו אנד גירס באתר קאפ,רגיל,0,17.00,24.90,24.90,גלידות ,יח',גלידות ,
76840100989,76840100989,פיש פוד 500 מ""ל,רגיל,0,0.00,25.00,25.00,מוצרי מכולת ,יח',מוצרי מכולת ,
76840101542,76840101542,קרמל סוטרא 500 מ""ל,רגיל,-1,17.79,24.90,24.90,גלידות ,יח',גלידות ,
76840102051,76840102051,קינמון באנס 500מ""ל,רגיל,0,0.00,25.00,25.00,מוצרי מכולת ,יח',מוצרי מכולת ,
76840363957,76840363957,בן אנד גירס גלידה קרמל מלוח,רגיל,-6,17.78,24.90,24.90,גלידות ,יח',גלידות ,
76840400027,76840400027,בן אנד גיריס שוקולד,רגיל,3,17.79,27.90,,גלידות ,יח',גלידות ,
76840400218,76840400218,בן גירס עוגת גבינה ותות,רגיל,7,17.79,24.90,24.90,גלידות ,יח',גלידות ,
76840620036,76840620036,חצי אפוי גלידה 500מ""ל,רגיל,0,0.00,25.00,25.00,מוצרי מכולת ,יח',מוצרי מכולת ,
76840657841,76840657841,סליים בצק עוגיות,רגיל,0,0.00,12.00,12.00,מוצרי מכולת ,יח',מוצרי מכולת ,
77245110610,77245110610,סוכריות ללס מנטה 80,רגיל,8,6.36,9.90,10.90,חטיפים מתוקים ,יח',חטיפים מתוקים ,
77975022757,77975022757,ביגלה אמרקאי סנידרס,רגיל,11,10.63,17.90,17.90,חטיפים מלוחים ,יח',חטיפים מלוחים ,
77975029688,77975029688,סניידרס סנדביץ צדר,רגיל,0,13.12,17.90,17.90,מוצרי מכולת ,יח',מוצרי מכולת ,
77975036976,77975036976,סניידר ברוטב סלסה ירוק,רגיל,0,14.03,19.90,19.90,מוצרי מכולת ,יח',מוצרי מכולת ,
77975036983,77975036983,סניידר ברוטב סלסה צהוב,רגיל,0,14.03,19.90,19.90,מוצרי מכולת ,יח',מוצרי מכולת ,
77975088210,77975088210,סניידרס שברי בייגלה צדר,רגיל,0,13.12,17.90,17.90,מוצרי מכולת ,יח',מוצרי מכולת ,
77975088234,77975088234,ליימן סניידרס שברי ביגלה צידר,רגיל,0,12.97,17.90,17.90,מוצרי מכולת ,יח',מוצרי מכולת ,
77975088241,77975088241,סניידרס בטעם פיקנטי,רגיל,0,0.00,17.90,17.90,מוצרי מכולת ,יח',מוצרי מכולת ,
77975091975,77975091975,סניידרס סנדביץ קרם פיצה,רגיל,0,13.12,17.90,17.90,מוצרי מכולת ,יח',מוצרי מכולת ,
77975094624,77975094624,בייגלה במילוי חמאת בוטנים,רגיל,0,12.50,18.00,18.00,מוצרי מכולת ,יח',מוצרי מכולת ,
77975094631,77975094631,ליימן סניידרס סנדביץ צ'ידר,רגיל,1,11.50,17.90,18.89,חטיפים מלוחים ,יח',חטיפים מלוחים ,
77975094761,77975094761,בייגלה בטעם צ'דר,רגיל,0,10.10,18.00,18.00,מוצרי מכולת ,יח',מוצרי מכולת ,
77975095133,77975095133,ליימן סניידרס שברי ביגלה בופולו ווינג פיקנטי,רגיל,5,11.50,17.90,,חטיפים מלוחים ,יח',חטיפים מלוחים ,
77975095164,77975095164,ליימן סניידרס,רגיל,1,10.63,17.90,17.90,חטיפים מתוקים ,יח',חטיפים מתוקים ,
77975095263,77975095263,שברי בייגלה ממחמצת שאור,רגיל,0,10.63,17.90,17.90,חטיפים מתוקים ,יח',חטיפים מתוקים ,
77975095270,77975095270,שברי בייגלה ממחמצת שאור דבש וחרדל,רגיל,0,11.50,17.90,18.90,חטיפים מתוקים ,יח',חטיפים מתוקים ,
78266755366,78266755366,נרתיק לטבק,רגיל,20,17.00,40.00,40.00,אבזרי עישון ,יח',אבזרי עישון ,
78956614651,78956614651,ראש נרגילה,רגיל,0,0.00,5.00,5.00,מוצרי מכולת ,יח',מוצרי מכולת ,
79011848271,7290118482123,טרופית תות בננה 12 סוםר קידס ,רגיל,-62,0.01,1.00,,משקאות ,יח',משקאות ,
79581184010,79581184010,משקה בטעם לימון ואכמניות,רגיל,0,9.95,15.90,16.90,משקאות ,יח',משקאות ,
79581184041,79581184041,קליפסו לימונדה פונץ 1/12,רגיל,0,9.95,15.90,16.90,משקאות ,יח',משקאות ,
79581184065,79581184065,קליפסו לימונדה מנגו 1/12,רגיל,0,9.95,15.90,16.90,משקאות ,יח',משקאות ,
79581184072,79581184072,משקה בטעם לימון מלון,רגיל,0,9.95,15.90,16.90,משקאות ,יח',משקאות ,
79581184096,79581184096,משקה לימון וקווי,רגיל,0,9.95,15.90,16.90,משקאות ,יח',משקאות ,
80518092148,80518092148,בלון מיילר 18 - פו הדוב צורת לב עוגת נרות,רגיל,5,1.40,2.90,,מוצרי יום הולדת ו מתנות ,יח',מוצרי יום הולדת ו מתנות ,
84014218228,84014218228,כבל OUTTERBOX 1 מטר,רגיל,0,64.30,80.00,80.00,מוצרי מכולת ,יח',מוצרי מכולת ,
84108051727,84108051727,לקקן אבקשה אננס,רגיל,0,0.00,4.00,4.00,מוצרי מכולת ,יח',מוצרי מכולת ,
85659100019,85659100019,עבאדי מזרחית פריך,רגיל,0,12.36,20.00,20.00,מוצרי מכולת ,יח',מוצרי מכולת ,
87002660528,87002660528,פנטן שמפו ,רגיל,0,10.76,18.90,,מוצרי ניקיון ו טיפוח אישי,יח',מוצרי ניקיון ו טיפוח אישי,
90102398065,90102398065,חלב טרה 2 ליטר ,רגיל,12,10.62,17.90,17.90,מוצרי מקרר ,יח',מוצרי מקרר ,
90114310406,90114310406,קציפה.תות,רגיל,0,3.57,8.00,8.00,מוצרי מכולת ,יח',מוצרי מכולת ,
90114311106,90114311106,מרלו גרנול סילאן,רגיל,0,4.72,12.00,12.00,מוצרי מכולת ,יח',מוצרי מכולת ,
90114311328,90114311328,חלב טרה ד ,רגיל,0,6.86,11.90,11.90,מוצרי מקרר ,יח',מוצרי מקרר ,
90114311458,7290114311458,חלב בקבוק 3% קרטון,רגיל,0,6.32,7.00,7.00,מוצרי מכולת ,יח',מוצרי מכולת ,
90114311533,90114311533,יוגורט פסנגריה,רגיל,0,3.65,8.00,8.00,מוצרי מכולת ,יח',מוצרי מכולת ,
90114312950,7290114312950,פרוטאיו ווניל  350 מ"ל ,רגיל,0,5.40,9.90,9.90,מוצרי מקרר ,יח',מוצרי מקרר ,
90114313285,7290114313285,פרוטאיו בננה 350 מ"ל ,רגיל,0,5.40,9.90,9.90,מוצרי מקרר ,יח',מוצרי מקרר ,
91400000028,91400000028,פחית ריח קליפורניה כחול,רגיל,0,7.50,15.00,15.00,מוצרי מכולת ,יח',מוצרי מכולת ,
91400000059,091400000059,פחית ריח קליפורניה,רגיל,0,9.35,16.00,16.00,מוצרי מכולת ,יח',מוצרי מכולת ,
91400000073,91400000073,פחית קליפורניה לבית דובדבן,רגיל,-1,9.35,15.90,15.90,מוצרי ריח - לרכב,יח',מוצרי ריח - לרכב,
91400000080,91400000080,פחית ריח אורגני מוצק,רגיל,0,8.50,15.00,15.00,מוצרי מכולת ,יח',מוצרי מכולת ,
91400000226,91400000226,פחית קליפורניה לבית מסטיק,רגיל,0,9.35,15.90,15.90,מוצרי ריח - לרכב,יח',מוצרי ריח - לרכב,
91400000288,91400000288,פחית ריח וניל,רגיל,0,8.50,16.00,16.00,מוצרי ריח - לרכב,יח',מוצרי ריח - לרכב,
91400001230,91400001230,פחית ריח  קוקוס,רגיל,0,8.50,16.00,16.00,מוצרי ריח - לרכב,יח',מוצרי ריח - לרכב,
91400001292,91400001292,פחית קליפורניה לבית רכב חדש,רגיל,0,8.50,16.00,16.00,מוצרי ריח - לרכב,יח',מוצרי ריח - לרכב,
91400029876,91400029876,פחית ריח- בבאלגם,רגיל,0,0.00,15.00,15.00,מוצרי מכולת ,יח',מוצרי מכולת ,
91400032210,91400032210,פחית ריח  מבשם,רגיל,0,7.90,15.00,15.00,מוצרי ריח - לרכב,יח',מוצרי ריח - לרכב,
91400032739,91400032739,פחית ריח אייס,רגיל,5,9.35,15.90,15.90,מוצרי ריח - לרכב,יח',מוצרי ריח - לרכב,
96073266273,7296073266273,לפתן אננס 4 * 113 גרם ,רגיל,0,5.90,11.90,11.90,מוצרי בית,יח',מוצרי בית,
97643051445,97643051445,רוזמרי חום,רגיל,0,0.00,15.00,15.00,מוצרי מכולת ,יח',מוצרי מכולת ,
97643082548,97643082548,רוזמרי שחור,רגיל,0,0.00,15.00,15.00,מוצרי מכולת ,יח',מוצרי מכולת ,
97643083040,97643083040,רוזמרי ירוק חלב,רגיל,0,0.00,15.00,15.00,מוצרי מכולת ,יח',מוצרי מכולת ,
97643083859,97643083859,רוזמרי קראמיל,רגיל,19,14.89,24.90,24.90,מוצרי מכולת ,יח',מוצרי מכולת ,
190198001795,190198001795,מתאם אוזניות LIGHTNING,רגיל,0,0.00,76.00,76.00,מוצרי מכולת ,יח',מוצרי מכולת ,
197644224241,197644224241,גומי מתקלף ענבים 75 גר׳ (50),רגיל,-1,6.65,10.90,10.90,חטיפים מתוקים ,יח',חטיפים מתוקים ,
290010066575,7290010066575,טונה במי מלח פילטונה 4 ,רגיל,4,18.90,27.90,28.90,מוצרי בית,יח',מוצרי בית,
290010259311,7290010259311,קוקוס 400 מ״ל,רגיל,21,5.30,9.90,10.90,מוצרי בית,יח',מוצרי בית,
290010259359,7290010259359,נודלס ביצים להקפצה 200גרם ,רגיל,11,3.50,6.90,7.90,מוצרי בית,יח',מוצרי בית,
290010838219,7290010838219,ממתיק סטיביה 100 שק ,רגיל,7,18.90,29.90,30.90,מוצרי בית,יח',מוצרי בית,
290010970254,7290010970254,חומץ יין לבן 500 מ״ל ,רגיל,9,10.50,17.90,18.90,מוצרי בית,יח',מוצרי בית,
290013145970,7290013145970,קורנפלור 200 גרם ,רגיל,8,2.90,5.90,6.90,מוצרי בית,יח',מוצרי בית,
290013358547,7290013358547,רוטב צ׳ילי חריף 700 מ״ל ,רגיל,10,8.90,15.90,16.90,מוצרי בית,יח',מוצרי בית,
290013472199,7290013472199,ערמונים קלופים+קלויים 100,רגיל,1,3.90,7.90,8.90,חטיפים מתוקים ,יח',חטיפים מתוקים ,
290018893937,7290018893937,ס. ג׳לי בטעמי פירות 300ג,רגיל,4,6.50,11.90,12.90,חטיפים מתוקים ,יח',חטיפים מתוקים ,
290019204381,7290019204381,אצבעות שניצל 600 גרם ,רגיל,0,25.90,39.90,40.90,קפואים מצוננים ,יח',קפואים מצוננים ,
290019205807,7290019205807,שניצלונים 600 גרם,רגיל,0,13.90,25.90,25.90,קפואים מצוננים ,יח',קפואים מצוננים ,
290019233190,7290019233190,ירוק+צ׳ילי חריף 215ג,רגיל,0,10.90,18.00,18.00,מוצרי מכולת ,יח',מוצרי מכולת ,
290100704929,7290100704929,שעועית לבנה 500 גרם,רגיל,0,7.70,13.90,14.80,מוצרי בית,יח',מוצרי בית,
290103401429,7290103401429,קפה פלטינום ברזילאי 200 גרם,רגיל,0,28.50,40.00,40.00,מוצרי מכולת ,יח',מוצרי מכולת ,
290106771161,7290106771161,גרנולה מייפל פקאן 450 גר,רגיל,0,14.90,25.90,26.90,חטיפים מתוקים ,יח',חטיפים מתוקים ,
290110321680,290110321680,יופלה גו יוגורט מעושר בחלבון טעם תות,רגיל,0,0.00,5.90,5.90,מוצרי מכולת ,יח',מוצרי מכולת ,
290111344206,7290111344206,מגבונים האגיס נטורל 56*4 ,רגיל,0,12.70,24.90,25.90,מוצרי ניקיון ו טיפוח אישי,יח',מוצרי ניקיון ו טיפוח אישי,
290112496027,7290112496027,סירופ שוקולד אפיכל 850 גרם,רגיל,9,11.90,17.90,18.90,מוצרי בית,יח',מוצרי בית,
290112496034,7290112496034,סירופ מייפל אפיכל 850 גרם,רגיל,7,11.90,19.90,20.90,מוצרי בית,יח',מוצרי בית,
290112964724,7290112964724,המבורגר צמחוני 580 גרם,רגיל,17,22.35,42.90,43.90,קפואים מצוננים ,יח',קפואים מצוננים ,
290112966803,7290112966803,אינסטנט פודינג שוקולד 88 גרם,רגיל,20,4.20,7.90,8.90,חטיפים מתוקים ,יח',חטיפים מתוקים ,
290114604901,7290114604901,ממרח שום לחיץ 444 גרם,רגיל,0,10.90,17.90,17.90,מוצרי בית,יח',מוצרי בית,
290115207682,7290115207682,סויה סיני 330 גרם,רגיל,14,9.63,13.90,13.90,מוצרי בית,יח',מוצרי בית,
305210437371,305210437371,ויזלין מיני ורוד עדיין,רגיל,0,0.00,12.00,12.00,מוצרי מכולת ,יח',מוצרי מכולת ,
305210464728,305210464728,ויזלין מיני קרם ברולה,רגיל,0,0.00,12.00,12.00,מוצרי מכולת ,יח',מוצרי מכולת ,
341587705181,341587705181,האג דאס גלידה,רגיל,0,0.00,15.00,15.00,מוצרי מכולת ,יח',מוצרי מכולת ,
400417298003,400417298003,רטר במילוי קרם קוקוס,רגיל,0,6.20,10.00,10.00,מוצרי מכולת ,יח',מוצרי מכולת ,
400990052138,400990052138,אורביט תות,רגיל,0,0.00,11.90,11.90,מוצרי מכולת ,יח',מוצרי מכולת ,
400990534581,400990534581,מסטיק אייר מלון ומנטה,רגיל,0,6.63,11.90,11.90,מוצרי מכולת ,יח',מוצרי מכולת ,
423371007713,423371007713,סוכריות גומי בטעם פירות ,רגיל,0,3.51,7.90,,חטיפים מתוקים ,יח',חטיפים מתוקים ,
464236576525,464236576525,כיסוי ירוק,רגיל,0,0.00,50.00,50.00,מוצרי מכולת ,יח',מוצרי מכולת ,
506051788516,506051788516,מונסטר אבסלוטי,רגיל,0,0.00,8.00,8.00,מוצרי מכולת ,יח',מוצרי מכולת ,
520000100398,520000100398,גטורייד 591 מ""ל בטעם מרענן,רגיל,0,7.60,15.00,15.00,מוצרי מכולת ,יח',מוצרי מכולת ,
569418379240,569418379240,דבש עם פיצוחים גדול,רגיל,61,4.66,9.90,,פיצוחים,יח',פיצוחים,
599727730339,599727730339,שלישיית עצי ריח יהלום שחור,רגיל,0,0.00,10.00,10.00,מוצרי מכולת ,יח',מוצרי מכולת ,
608011190026,608011190026,בוס קומקום נירוסטה BOSS,רגיל,2,30.00,49.90,49.90,מוצרי חצר תחנה ,יח',מוצרי חצר תחנה ,
608614255504,608614255504,חטיף פופקורן בטעם בצל,רגיל,0,0.00,5.00,5.00,מוצרי מכולת ,יח',מוצרי מכולת ,
608614255535,608614255535,חטיף תירס בטעם קרמל מלוח,רגיל,0,0.00,5.00,5.00,מוצרי מכולת ,יח',מוצרי מכולת ,
608926763582,608926763582,lחולצות קליון קלין,רגיל,0,80.00,130.00,130.00,מוצרי מכולת ,יח',מוצרי מכולת ,
608927672783,608927672783,מארז 3 תחתוני בוקסר קליון קלין M,רגיל,0,80.00,130.00,130.00,מוצרי מכולת ,יח',מוצרי מכולת ,
611138732567,611138732567,אוזניות סמסונג,רגיל,0,0.00,0.00,0.00,מוצרי מכולת ,יח',מוצרי מכולת ,
613008753290,613008753290,אריזונה אפרסק 450,רגיל,0,5.04,10.00,10.00,מוצרי מכולת ,יח',מוצרי מכולת ,
613008753320,613008753320,אריזונה ג'ינסג דבש 450,רגיל,0,5.04,10.00,10.00,מוצרי מכולת ,יח',מוצרי מכולת ,
613008753351,613008753351,אריזונה רימונים,רגיל,0,3.70,10.00,10.00,מוצרי מכולת ,יח',מוצרי מכולת ,
613008753382,613008753382,אריזונה אוכמניות,רגיל,0,4.26,10.00,10.00,מוצרי מכולת ,יח',מוצרי מכולת ,
613030979647,7613030979647,טריקס דגני בוקר 480גר,רגיל,18,11.90,29.90,22.90,מוצרי בית,יח',מוצרי בית,
613032045753,7613032045753,פיטנס דגנ בוקר שוקולד 375,רגיל,10,14.90,23.90,24.90,חטיפים מתוקים ,יח',חטיפים מתוקים ,
613036520492,7613036520492,רוטב עגבניות לפיצה 400גר ,רגיל,0,6.80,11.90,10.90,מוצרי בית,יח',מוצרי בית,
619659000431,619659000431,פלאש USB 32 GB,רגיל,8,14.30,30.00,30.00,מוצרי מכולת ,יח',מוצרי מכולת ,
619659069193,619659069193,דיסק און קי 32 GB,רגיל,2,20.00,59.90,59.90,אבזרי סלולר ו חשמל ,יח',אבזרי סלולר ו חשמל ,
619659097318,619659097318,דסק און קי 64GB,רגיל,6,20.00,49.90,58.90,אבזרי סלולר ו חשמל ,יח',אבזרי סלולר ו חשמל ,
619659125905,619659125905,כרטיס USB זיכרון,רגיל,1,20.00,59.90,59.90,אבזרי סלולר ו חשמל ,יח',אבזרי סלולר ו חשמל ,
619659184384,619659184384,כרטיס זיכרון 32GB,רגיל,6,15.20,25.00,25.00,אבזרי סלולר ו חשמל ,יח',אבזרי סלולר ו חשמל ,
619659185077,619659185077,כרטיס זיכרון 64GB,רגיל,1,20.30,50.00,50.00,אבזרי סלולר ו חשמל ,יח',אבזרי סלולר ו חשמל ,
619659185091,619659185091,כרטיס זיכרון 128GB,רגיל,0,38.80,100.00,100.00,מוצרי מכולת ,יח',מוצרי מכולת ,
625305511715,625305511715,חמוצים,רגיל,0,0.00,7.00,7.00,מוצרי מכולת ,יח',מוצרי מכולת ,
625350418034,625350418034,כוסות חד פעמי ,רגיל,0,1.50,4.90,4.90,מוצרי בית,יח',מוצרי בית,
638102201010,638102201010,חטיף שוקלד חמאת בוטנים,רגיל,0,0.00,12.00,12.00,מוצרי מכולת ,יח',מוצרי מכולת ,
638102203090,638102203090,חטיף עם נטיפי שוקלד,רגיל,0,0.00,12.00,12.00,מוצרי מכולת ,יח',מוצרי מכולת ,
638102532817,638102532817,חטיף שוקלד מריר,רגיל,0,0.00,12.00,12.00,מוצרי מכולת ,יח',מוצרי מכולת ,
638102582737,638102582737,חטיף קינמון עם שקדים,רגיל,0,7.70,12.00,12.00,מוצרי מכולת ,יח',מוצרי מכולת ,
641956814633,641956814633,מאפרה לחיצה ,רגיל,12,8.55,20.00,20.00,אבזרי עישון ,יח',אבזרי עישון ,
641956814640,641956814640,קפטן גריינדר ממותג ,רגיל,329,3.41,12.90,12.90,אבזרי עישון ,יח',אבזרי עישון ,
641956814657,0641956814657,מגרסה ממותגת ,רגיל,0,5.98,14.00,14.00,אבזרי עישון ,יח',אבזרי עישון ,
641956814664,641956814664,מגרסה ברזל 4 קומות ,רגיל,0,11.54,25.00,25.00,אבזרי עישון ,יח',אבזרי עישון ,
645692555935,645692555935,מצה עשירה עוגיות יין לפסח כשל"פ עגול,רגיל,1,8.48,15.00,,חטיפים מלוחים ,יח',חטיפים מלוחים ,
651080647519,651080647519,36 קיסם +חוט מנטה ג'ורדן,רגיל,0,5.85,11.90,12.80,מוצרי בית,יח',מוצרי בית,
655160816604,655160816604,משקפי שמש,רגיל,0,30.00,60.00,60.00,מוצרי מכולת ,יח',מוצרי מכולת ,
655711303461,655711303461,מתאם אוזניות עבור טייפ סי,רגיל,0,0.00,59.00,59.00,מוצרי מכולת ,יח',מוצרי מכולת ,
655711303478,655711303478,מתאם אוזניות אייפון,רגיל,0,0.00,59.00,59.00,מוצרי מכולת ,יח',מוצרי מכולת ,
655711303485,655711303485,אוזניות אייפון,רגיל,2,25.64,59.90,59.90,אבזרי סלולר ו חשמל ,יח',אבזרי סלולר ו חשמל ,
655711303492,655711303492,אוזניות טייפ סי,רגיל,0,25.64,59.90,59.90,אבזרי סלולר ו חשמל ,יח',אבזרי סלולר ו חשמל ,
663701706857,663701706857,כבל 3 יציאות משולב,רגיל,0,0.00,39.00,39.00,מוצרי מכולת ,יח',מוצרי מכולת ,
667342800684,667342800684,בראוניז שוקולד במגש 40,רגיל,0,1.10,1.90,2.90,חטיפים מתוקים ,יח',חטיפים מתוקים ,
678117256656,6786117256656,Sea Animal,רגיל,0,10.00,20.00,,תכשיטים לילדות קטנות ,יח',תכשיטים לילדות קטנות ,
692521968709,692521968709,אוזניות JBL 700,רגיל,0,0.00,250.00,250.00,מוצרי מכולת ,יח',מוצרי מכולת ,
692528191840,692528191840,JBL אוזניות כחול,רגיל,0,0.00,60.00,60.00,מוצרי מכולת ,יח',מוצרי מכולת ,
693493013222,693493013222,טישו - נייר,רגיל,0,2.00,5.00,5.00,מוצרי מכולת ,יח',מוצרי מכולת ,
693493029193,693493029193,ריחן סאמאר דרים,רגיל,0,2.30,10.00,10.00,מוצרי מכולת ,יח',מוצרי מכולת ,
693493029223,693493029223,ריחן תן חיוך,רגיל,0,2.30,10.00,10.00,מוצרי מכולת ,יח',מוצרי מכולת ,
693493029254,693493029254,ריחן עם נשמה בלאק קריסטל,רגיל,0,2.30,10.00,10.00,מוצרי מכולת ,יח',מוצרי מכולת ,
693493147569,693493147569,מאפרה ארוכה,רגיל,0,8.54,20.00,20.00,מוצרי מכולת ,יח',מוצרי מכולת ,
693493237574,693493237574,פותחן ,רגיל,11,6.77,11.90,,אבזרי עישון ,יח',אבזרי עישון ,
693493252492,7290001497364,מים מזוקקים 4 ליטר,רגיל,6,8.20,30.00,30.00,שמנים,יח',שמנים,
693493252577,693493252577,ספרי סקאיי ריח - תות,רגיל,0,9.00,15.00,15.00,שמנים,יח',שמנים,
693493252584,693493252584,ספרי סקאיי ריח - לימון,רגיל,-1,9.00,15.00,15.00,שמנים,יח',שמנים,
693493252812,693493252812,ספרי סקאיי ריח - פרח,רגיל,0,9.00,15.00,15.00,שמנים,יח',שמנים,
693493252829,693493252829,מוצרי ריח  רכב -אפרסק ,רגיל,0,9.00,15.00,15.00,שמנים,יח',שמנים,
693493255547,693493255547,קובה בשר,רגיל,0,49.00,74.90,,מוצרי בצק ( معجنات ),יח',מוצרי בצק ( معجنات ),
693493255561,693493255561,שישברק בשר,רגיל,0,59.00,84.90,,מוצרי בצק ( معجنات ),יח',מוצרי בצק ( معجنات ),
693493255578,693493255578,ספיחה בשר,רגיל,0,49.00,74.90,,מוצרי בצק ( معجنات ),יח',מוצרי בצק ( معجنات ),
693493255622,693493255622,פטאייר תרד,רגיל,1,59.00,84.90,,מוצרי בצק ( معجنات ),יח',מוצרי בצק ( معجنات ),
693493279215,693493279215,ספרי סקאיי ריח - ,רגיל,0,9.00,15.00,15.00,שמנים,יח',שמנים,
695739612217,695739612217,ספריי סקאיי ריח מעורב,רגיל,36,9.50,20.00,20.00,משקאות ,יח',משקאות ,
697046256026,697046256026,כבל AUX BM22,רגיל,0,0.00,20.00,20.00,מוצרי מכולת ,יח',מוצרי מכולת ,
710497376365,710497376365,קרואסון שוקולד 50 גרם,רגיל,8,2.15,4.90,,חטיפים מתוקים ,יח',חטיפים מתוקים ,
710497376976,710497376976,לקקן בטעם אבטיח 20 גרם,רגיל,76,1.05,1.90,1.90,חטיפים מתוקים ,יח',חטיפים מתוקים ,
710497377171,710497377171,סוכריה על מקל ,רגיל,298,0.58,1.00,2.90,חטיפים מתוקים ,יח',חטיפים מתוקים ,
710497378000,710497378000,שוקלד דובי אישי,רגיל,0,9.90,17.90,17.90,חטיפים מתוקים ,יח',חטיפים מתוקים ,
710497395359,710497395359,עוגיות גרייבה ,רגיל,5,14.00,24.90,25.90,ממתקים ,יח',ממתקים ,
710497395373,710497395373,עוגיות תמרים ,רגיל,4,14.00,24.90,25.90,ממתקים ,יח',ממתקים ,
716165174011,716165174011,נייר גלגול ארוך RAW,רגיל,125,2.58,10.00,10.00,אבזרי עישון ,יח',אבזרי עישון ,
716165174578,716165174578,קונוס 3 יח RAW,רגיל,437,3.16,9.90,9.90,אבזרי עישון ,יח',אבזרי עישון ,
716165176107,716165176107,נייר RAW בינוני+פילטר,רגיל,40,2.31,9.00,9.00,אבזרי עישון ,יח',אבזרי עישון ,
716165202547,716165202547,RAW נייר קטו +פילטר,רגיל,115,1.40,8.00,8.00,אבזרי עישון ,יח',אבזרי עישון ,
720188050109,720188050109,טופוטי גבינה,רגיל,0,14.58,22.00,22.00,מוצרי מכולת ,יח',מוצרי מכולת ,
726529612028,726529612028,מיקס בסגנון איטלקי ,רגיל,0,5.31,8.90,,פיצוחים,יח',פיצוחים,
726529612035,726529612035,מיקס בסגנון ספרד ,רגיל,1,5.31,8.90,,פיצוחים,יח',פיצוחים,
726529612042,726529612042,מיקס פינקטי בסגנון ברזילי ,רגיל,0,5.31,8.90,,פיצוחים,יח',פיצוחים,
728229123590,728229123590,טרה ציפס אוריגינל,רגיל,0,20.83,21.00,21.00,מוצרי מכולת ,יח',מוצרי מכולת ,
728229123811,728229123811,טרה ציפס SWEET BETS,רגיל,0,20.83,27.90,27.90,חטיפים מתוקים ,יח',חטיפים מתוקים ,
728229124764,728229124764,טרה מלח ים,רגיל,0,11.65,19.00,19.00,מוצרי מכולת ,יח',מוצרי מכולת ,
728229124771,728229124771,טארב ברביקיו,רגיל,0,13.57,19.00,19.00,מוצרי מכולת ,יח',מוצרי מכולת ,
728229130154,728229130154,טארה מתוק,רגיל,0,12.01,19.90,19.90,מוצרי מכולת ,יח',מוצרי מכולת ,
729000051215,729000051215,וילון גרב לחלון,רגיל,0,0.00,40.00,40.00,מוצרי מכולת ,יח',מוצרי מכולת ,
729000073415,729000073415,מנה חמה ברוטב פ,רגיל,0,4.60,8.90,8.90,חטיפים מלוחים ,יח',חטיפים מלוחים ,
729000121849,729000121849,פסטרמה ברבקיו 250 גרם,רגיל,0,0.00,25.90,25.90,מוצרי מכולת ,יח',מוצרי מכולת ,
729000153256,729000153256,שלט נהג חדש,רגיל,-4,2.00,10.00,10.00,מוצרי מכולת ,יח',מוצרי מכולת ,
729000201420,729000201420,מיקי חומוס נטו 200 גרם,רגיל,0,4.20,7.90,7.90,מוצרי מקרר ,יח',מוצרי מקרר ,
729000318363,729000318363,פסטרמה ברביקיו לבגט 1 ק""ג,רגיל,0,0.00,0.00,0.00,מוצרי מכולת ,יח',מוצרי מכולת ,
729000329389,729000329389,משקה בננה,רגיל,0,0.00,7.00,7.00,מוצרי מכולת ,יח',מוצרי מכולת ,
729000450107,729000450107,מיונז היינץ 5 ליטר ,רגיל,0,99.90,0.00,0.00,מוצרי שימוש מטבח -חנות ,יח',מוצרי שימוש מטבח -חנות ,
729000859326,729000859326,לבנה כדורים 400,רגיל,0,18.20,25.90,25.90,מוצרי מקרר ,יח',מוצרי מקרר ,
729001121238,729001121238,נקניק קורנדיף,רגיל,0,0.00,25.90,25.90,מוצרי מכולת ,יח',מוצרי מכולת ,
729001821699,729001821699,ONE TOUCH ARTOS,רגיל,0,0.00,49.90,49.90,מוצרי מכולת ,יח',מוצרי מכולת ,
729001841626,729001841626,מנטה עוגיות 500 מ""ל גלידה,רגיל,0,0.00,25.00,25.00,מוצרי מכולת ,יח',מוצרי מכולת ,
729001963363,729001963363,פלסט משפך קטן,רגיל,0,2.10,9.90,9.90,מוצרי חצר תחנה ,יח',מוצרי חצר תחנה ,
729002004835,729002004835,רולדה תמרים ,רגיל,0,8.00,13.90,13.90,חטיפים מתוקים ,יח',חטיפים מתוקים ,
729002994329,7290002994329,לחם אחיד פרוס ,רגיל,0,5.80,7.31,7.31,לחם ,יח',לחם ,
729004121488,7290004121488,"יוגורט ביו דיאט אפרסק 0%, 150 גרם",רגיל,0,3.69,5.90,5.90,מוצרי מקרר ,יח',מוצרי מקרר ,
729006573642,729006573642,חומוס צנובר 400 גרם,רגיל,0,11.13,14.90,14.90,מוצרי מקרר ,יח',מוצרי מקרר ,
729010002121,729010002121,מכונת גלגול לטבק,רגיל,0,8.50,18.00,18.00,מוצרי מכולת ,יח',מוצרי מכולת ,
729010114190,729010114190,סחוט תפוח ענבים,רגיל,0,6.16,10.00,10.00,מוצרי מכולת ,יח',מוצרי מכולת ,
729010453184,729010453184,עוגת הבית שבת בראוניס,רגיל,0,12.37,20.00,20.00,מוצרי מכולת ,יח',מוצרי מכולת ,
729010596300,729010596300,מטבוה 400,רגיל,0,7.41,0.00,0.00,מוצרי מכולת ,יח',מוצרי מכולת ,
729010672942,729010672942,בראוניז טורטית,רגיל,0,0.00,22.00,22.00,מוצרי מכולת ,יח',מוצרי מכולת ,
729010785159,9010785159,מטען בית מהיר,רגיל,0,0.00,79.00,79.00,מוצרי מכולת ,יח',מוצרי מכולת ,
729010786136,729010786136,מטען רכב טייפ סי,רגיל,0,0.00,0.00,0.00,מוצרי מכולת ,יח',מוצרי מכולת ,
729011011157,729011011157,פאוורייד מאונטן בלאסט טעם פרות,רגיל,0,0.00,0.00,0.00,מוצרי מכולת ,יח',מוצרי מכולת ,
729011207499,729011207499,זיקוק 15 ס""מ,רגיל,0,11.90,20.00,20.00,מוצרי מכולת ,יח',מוצרי מכולת ,
729011508733,729011508733,שוקו וניל ,רגיל,0,122.40,144.43,,מוצרי שימוש מטבח -חנות ,יח',מוצרי שימוש מטבח -חנות ,
729012348708,729012348708,מילקי קייק,רגיל,0,0.00,4.00,4.00,מוצרי מכולת ,יח',מוצרי מכולת ,
729014459137,7290014459137,תפוגן סטייק ציפס 1קג ,רגיל,0,21.80,30.90,31.90,קפואים מצוננים ,יח',קפואים מצוננים ,
729014821347,729014821347,PURE METAL - ARTOS,רגיל,0,0.00,49.90,49.90,מוצרי מכולת ,יח',מוצרי מכולת ,
733045351508,733045351508,Essentials Dual 12w IPHONECHARGING,רגיל,3,16.00,39.90,39.90,אבזרי סלולר ו חשמל ,יח',אבזרי סלולר ו חשמל ,
733045351591,733045351591,Essentials Dual 38W Car Charger +Type-C Cable -,רגיל,0,26.00,59.90,59.90,אבזרי סלולר ו חשמל ,יח',אבזרי סלולר ו חשמל ,
733045351607,733045351607,Essentials Dual 38W Car Charger +Lightning Cabl,רגיל,0,26.00,59.90,59.90,אבזרי סלולר ו חשמל ,יח',אבזרי סלולר ו חשמל ,
733045351676,733045351676,Essentials PD 20W Car Charger -White,רגיל,0,23.00,54.90,54.90,אבזרי סלולר ו חשמל ,יח',אבזרי סלולר ו חשמל ,
733045354745,733045354745,Essentials Dual 15w TYPE CCHARGING,רגיל,0,16.00,39.90,39.90,אבזרי סלולר ו חשמל ,יח',אבזרי סלולר ו חשמל ,
740727268702,0740727268702,שולחן מתקבל קטן,רגיל,0,40.00,119.90,119.90,מוצרי חצר תחנה ,יח',מוצרי חצר תחנה ,
740727268733,740727268733,שולחן אלמניום מתקפל,רגיל,0,0.00,160.00,160.00,מוצרי מכולת ,יח',מוצרי מכולת ,
742779139412,742779139412,מטען סמסונג מקורי TYPE C 25W,רגיל,0,60.00,118.90,118.90,אבזרי סלולר ו חשמל ,יח',אבזרי סלולר ו חשמל ,
742779139474,742779139474,מטען בית טייפ סיי,רגיל,0,0.00,89.00,89.00,מוצרי מכולת ,יח',מוצרי מכולת ,
742779140593,742779140593,אוזניות מגע אלחוטיות,רגיל,0,78.00,120.00,120.00,מוצרי מכולת ,יח',מוצרי מכולת ,
742779145437,0742779145437,כבל טייפ סי לטייפ סי,רגיל,0,17.09,40.00,40.00,מוצרי מכולת ,יח',מוצרי מכולת ,
742779145444,0742779145444,כבל טייפ סי לאייפון,רגיל,0,17.09,40.00,40.00,מוצרי מכולת ,יח',מוצרי מכולת ,
742779145895,742779145895,כבל סמסונג מקורי טייפ סי לטייפ סי,רגיל,0,0.00,45.00,45.00,מוצרי מכולת ,יח',מוצרי מכולת ,
742779145901,742779145901,סיגריה אלקטרונית חדש,רגיל,0,75.00,39.90,39.90,מוצרי מכולת ,יח',מוצרי מכולת ,
742779408908,742779408908,ס. אלקטרונית ענבים אייס,רגיל,0,0.00,60.00,60.00,מוצרי מכולת ,יח',מוצרי מכולת ,
745314694605,745314694605,מרקיה מקנה סוכר - NF-נטו מלינדה סחר בעמ,רגיל,18,3.30,5.90,,חד פעמי,יח',חד פעמי,
745314694629,745314694629,צלחת עגולה 9 קנה סוכר - NF-נטו מלינדה סחר בעמ,רגיל,1,5.50,8.90,,חד פעמי,יח',חד פעמי,
745314941853,745314941853,בוטנים אמריקאים 50ג ,רגיל,3,1.85,3.90,4.90,חטיפים מתוקים ,יח',חטיפים מתוקים ,
753182231761,753182231761,בלו ללא סוכר,רגיל,15,1.88,6.90,6.90,מוצרי מכולת ,יח',מוצרי מכולת ,
761303628015,761303628015,פרייה ג'וס אננס,רגיל,0,3.92,8.50,8.50,מוצרי מכולת ,יח',מוצרי מכולת ,
762202257803,762202257803,שטקלד מילקה ,רגיל,0,3.00,7.90,7.90,חטיפים מתוקים ,יח',חטיפים מתוקים ,
762230270506,762230270506,מילקה גריינס ,רגיל,0,0.00,15.90,,ממתקים ,יח',ממתקים ,
766041108647,766041108647,תוסף לשמן מנוע,רגיל,0,0.00,80.00,80.00,מוצרי מכולת ,יח',מוצרי מכולת ,
767852113479,767852113479,אוזניות חוטיות Mower To Lightning - לבן,רגיל,4,26.00,59.90,,אבזרי סלולר ו חשמל ,יח',אבזרי סלולר ו חשמל ,
767852113516,767852113516,מעמד לרכב MOWERדגם Snap Pro,רגיל,-4,25.00,49.90,49.90,אבזרי סלולר ו חשמל ,יח',אבזרי סלולר ו חשמל ,
767852113523,767852113523,מעמד לרכב MOWERדגם Cling Pro,רגיל,6,25.00,49.90,58.90,אבזרי סלולר ו חשמל ,יח',אבזרי סלולר ו חשמל ,
767852113530,767852113530,מעמד לרכב MOWERדגם One touch,רגיל,1,20.00,44.90,44.90,אבזרי סלולר ו חשמל ,יח',אבזרי סלולר ו חשמל ,
767852113547,767852113547,מעמד לרכב MOWER דגם Absolute Pro,רגיל,1,28.00,59.90,,אבזרי סלולר ו חשמל ,יח',אבזרי סלולר ו חשמל ,
767852113561,767852113561,מעמד לרכב MOWERדגם Cling Mag,רגיל,0,28.00,49.90,49.90,אבזרי סלולר ו חשמל ,יח',אבזרי סלולר ו חשמל ,
767852113578,767852113578,מעמד לרכב MOWERSnap Mag 017,רגיל,2,28.00,49.90,49.90,אבזרי סלולר ו חשמל ,יח',אבזרי סלולר ו חשמל ,
767852113585,767852113585,מעמד לרכב MOWERדגם Absolute Mag,רגיל,3,30.00,59.90,68.90,אבזרי סלולר ו חשמל ,יח',אבזרי סלולר ו חשמל ,
767852113592,767852113592,מעמד לרכב MOWER דגם Air Mag Charging,רגיל,1,65.00,119.90,,אבזרי סלולר ו חשמל ,יח',אבזרי סלולר ו חשמל ,
768400002535,768400002535,צאנקים חצי אפיויים,רגיל,0,0.00,25.00,25.00,מוצרי מכולת ,יח',מוצרי מכולת ,
768404001640,768404001640,בן אנד גירס קפה,רגיל,-3,17.78,24.90,24.90,גלידות ,יח',גלידות ,
781159034398,781159034398,משקל אדם,רגיל,5,21.90,49.90,,מוצרי חצר תחנה ,יח',מוצרי חצר תחנה ,
785571772548,785571772548,משקה מנגו קוקוס גלי 290 מ"ל,רגיל,24,4.50,7.90,,משקאות ,יח',משקאות ,
785571772555,785571772555,משקה אננס קוקוס גלי 290 מ"ל,רגיל,24,4.50,7.90,,משקאות ,יח',משקאות ,
785571772586,785571772586,משקה בננה קוקוס גלי 290 מ"ל,רגיל,12,4.50,8.90,,משקאות ,יח',משקאות ,
785571772845,785571772845,משקה ליצי 320מל פולפי קוקוס,רגיל,0,3.90,6.90,6.90,משקאות ,יח',משקאות ,
787269127470,787269127470,סמאש גריק קלאסי 60 גרם,רגיל,1,19.85,29.90,,בשרים ,יח',בשרים ,
787269127487,787269127487,סמאש גרקי ברביקו 60 גרם ,רגיל,0,19.85,29.90,,בשרים ,יח',בשרים ,
787416421161,787416421161,צמידים/טבעת קנדי,רגיל,0,7.50,14.90,14.90,תכשיטים לילדות קטנות ,יח',תכשיטים לילדות קטנות ,
787416421192,0787416421192,בקבוק בנות פרחים קנדי,רגיל,3,20.00,32.90,32.90,תכשיטים לילדות קטנות ,יח',תכשיטים לילדות קטנות ,
787416421222,0787416421222,בקבוק עם שפריצר קנדי,רגיל,2,25.00,39.90,39.90,תכשיטים לילדות קטנות ,יח',תכשיטים לילדות קטנות ,
787416421239,0787416421239,בקבוק בנים קנדי,רגיל,4,20.00,32.90,32.90,תכשיטים לילדות קטנות ,יח',תכשיטים לילדות קטנות ,
787416421246,0787416421246,בקבוק עם שפריצר קנדי,רגיל,3,25.00,39.90,39.90,תכשיטים לילדות קטנות ,יח',תכשיטים לילדות קטנות ,
787416421482,787416421482,קשת בענן/קליפס/מחזיק לטלפון קנדי,רגיל,0,8.50,16.90,16.90,חטיפים מתוקים ,יח',חטיפים מתוקים ,
787416421673,787416421673,שרשרת/קשת בד קנדי,רגיל,0,8.50,16.90,16.90,תכשיטים לילדות קטנות ,יח',תכשיטים לילדות קטנות ,
787416421703,787416421703,סט שרשרת + צמיד/קליפס קנדי,רגיל,0,10.00,19.90,19.90,תכשיטים לילדות קטנות ,יח',תכשיטים לילדות קטנות ,
787416421710,787416421710,גומיות סקראנצ׳י/תכשיט קנדי,רגיל,0,8.50,16.90,17.90,חטיפים מתוקים ,יח',חטיפים מתוקים ,
787416421765,787416421765,שרשרת מעוצבת קנדי,רגיל,0,12.50,24.90,24.90,תכשיטים לילדות קטנות ,יח',תכשיטים לילדות קטנות ,
787416421895,787416421895,סרט לשיער/שרשראות קנדי,רגיל,0,9.00,17.90,17.90,תכשיטים לילדות קטנות ,יח',תכשיטים לילדות קטנות ,
787416421925,787416421925,שרשראות מעוצבות/טבעות קנדי,רגיל,0,12.00,23.90,23.90,תכשיטים לילדות קטנות ,יח',תכשיטים לילדות קטנות ,
787416421932,787416421932,תכשיט קנדי,רגיל,0,9.50,18.90,18.90,תכשיטים לילדות קטנות ,יח',תכשיטים לילדות קטנות ,
787416421949,787416421949,שרשרת חברות חד קרן/עגילים קנדי,רגיל,0,11.50,22.90,22.90,תכשיטים לילדות קטנות ,יח',תכשיטים לילדות קטנות ,
787416422083,0787416422083,ספר יצירה עם מדבקות קנדיי,רגיל,3,25.00,39.90,39.90,תכשיטים לילדות קטנות ,יח',תכשיטים לילדות קטנות ,
787416422113,787416422113,שרשרת דונאטס קנדי,רגיל,0,6.00,11.90,11.90,תכשיטים לילדות קטנות ,יח',תכשיטים לילדות קטנות ,
790812270677,790812270677,תחתונים קליון קלין L,רגיל,0,86.00,120.00,120.00,מוצרי מכולת ,יח',מוצרי מכולת ,
800010271027,800010271027,ליימן טורטינה 1/24 (ליימן) (,רגיל,0,2.90,5.90,5.90,חטיפים מתוקים ,יח',חטיפים מתוקים ,
800092070499,800092070499,בצק עוגיות 150 מ""ל,רגיל,0,0.00,12.00,12.00,מוצרי מכולת ,יח',מוצרי מכולת ,
800380153466,800380153466,לואקר 90 גר' קקאו,רגיל,0,0.00,10.00,10.00,מוצרי מכולת ,יח',מוצרי מכולת ,
811146032363,811146032363,אודלס סוכריות בטעם דובדבן,רגיל,-1,1.96,4.90,,ממתקים ,יח',ממתקים ,
811146032370,811146032370,אודלס סוכריות בטעם פטל,רגיל,1,1.96,4.90,,ממתקים ,יח',ממתקים ,
811146032387,811146032387,אודלס סוכריות בטעם תות,רגיל,2,1.96,4.90,,ממתקים ,יח',ממתקים ,
813682022334,813682022334,אוזניית גימינג STEELSERIES,רגיל,0,0.00,1350.00,1350.00,מוצרי מכולת ,יח',מוצרי מכולת ,
814109021381,814109021381,פופקורן טוויקס,רגיל,0,18.40,29.90,29.90,מוצרי מכולת ,יח',מוצרי מכולת ,
839762000641,839762000641,איילנד מנגו ליטר,רגיל,0,8.62,15.00,15.00,מוצרי מכולת ,יח',מוצרי מכולת ,
839762000658,839762000658,איילנד גוייאבה ליטר,רגיל,0,8.62,15.00,15.00,מוצרי מכולת ,יח',מוצרי מכולת ,
839762002379,839762002379,איילנד מנגו 350,רגיל,0,3.70,7.00,7.00,מוצרי מכולת ,יח',מוצרי מכולת ,
840104218969,840104218969,מטען רכב וכבל USB לבן,רגיל,0,91.00,150.00,150.00,מוצרי מכולת ,יח',מוצרי מכולת ,
840104250846,840104250846,מטען בית דגם USB C לבן,רגיל,1,46.00,65.00,65.00,מוצרי מכולת ,יח',מוצרי מכולת ,
840104260487,840104260487,מטען בית USB C 20W,רגיל,0,0.00,110.00,110.00,מוצרי מכולת ,יח',מוצרי מכולת ,
840104269220,840104269220,רצועות שעון חכם OTTERBOX,רגיל,0,48.00,119.90,119.90,אבזרי סלולר ו חשמל ,יח',אבזרי סלולר ו חשמל ,
840104294949,840104294949,סוללת גיבוי 10K,רגיל,0,115.00,200.00,200.00,מוצרי מכולת ,יח',מוצרי מכולת ,
840104294987,840104294987,סוללה 20K,רגיל,0,0.00,220.00,220.00,מוצרי מכולת ,יח',מוצרי מכולת ,
842337100516,842337100516,פיצוחי salysol,רגיל,0,0.00,6.00,6.00,מוצרי מכולת ,יח',מוצרי מכולת ,
842387000736,842387000736,מטען רכב פרימיום מיקרו,רגיל,0,0.00,39.90,39.90,מוצרי מכולת ,יח',מוצרי מכולת ,
843657295497,8436575295497,גלידה סמרטיז ,רגיל,1,7.62,11.90,11.90,גלידות ,יח',גלידות ,
850035248003,850035248003,וורהארס מוגז בטעם תפוח,רגיל,0,6.40,11.90,12.90,משקאות ,יח',משקאות ,
850035248010,850035248010,וורהארס מוגז בטעם  פטל חמוץ,רגיל,0,6.40,11.90,12.90,משקאות ,יח',משקאות ,
850035248034,850035248034,וורהארס מוגז בטעם תות,רגיל,0,6.40,11.90,12.90,משקאות ,יח',משקאות ,
850035248041,850035248041,וורהדס משקה מוגז חמוץ 1/12  אבטיח 355,רגיל,0,6.40,11.90,12.90,משקאות ,יח',משקאות ,
850035248874,850035248874,וורהדס משקה מוגז חמוץ 1/12  ענבים 355,רגיל,0,6.40,11.90,12.90,משקאות ,יח',משקאות ,
856591000062,856591000062,מזרחיות עבאדי מלח 400 גרם,רגיל,0,14.40,22.90,23.80,חטיפים מלוחים ,יח',חטיפים מלוחים ,
856591000109,856591000109,עוגיות מזרחיות עבאדי פריך,רגיל,0,14.40,22.90,23.90,חטיפים מתוקים ,יח',חטיפים מתוקים ,
856591000253,856591000253,עבאדי עוגעיות מזרחיות 100 גר',רגיל,0,4.20,7.90,7.90,מוצרי מכולת ,יח',מוצרי מכולת ,
884912129710,884912129710,פוסט פרוטי פאבלס 311 גרם,רגיל,5,20.46,34.90,,ממתקים ,יח',ממתקים ,
885025000358,8850250000358,קפה בירדי לאטה 180 מ"ל,רגיל,13,3.20,5.90,,מוצרי מכולת ,יח',מוצרי מכולת ,
887225037086,887225037086,Men Nike Hat,רגיל,1,20.00,50.00,,תכשיטים לילדות קטנות ,יח',תכשיטים לילדות קטנות ,
888849005994,888849005994,קווסט עוגיית חלבון שוקלד ציפ ,רגיל,0,8.90,14.90,,חטיפים מתוקים ,יח',חטיפים מתוקים ,
888849006014,888849006014,קווסט עוגיות שוקולד ציפס כפול ,רגיל,0,8.90,14.90,,חטיפים מתוקים ,יח',חטיפים מתוקים ,
901114313278,7290114313278,פרוטאיו קפה 350 מ"ל ,רגיל,0,5.40,9.90,9.90,מוצרי מקרר ,יח',מוצרי מקרר ,
902047179167,902047179167,"פילטר ספוג 5,3 ארוך",רגיל,60,1.49,7.00,7.00,אבזרי עישון ,יח',אבזרי עישון ,
970462515500,970462515500,דאטה כבל X51,רגיל,0,0.00,35.00,35.00,מוצרי מכולת ,יח',מוצרי מכולת ,
1290000311210,7290000311210,וופל לימון 200ג מן,רגיל,-1,4.00,7.90,10.90,חטיפים מתוקים ,יח',חטיפים מתוקים ,
1290018440506,7290018440506,סלט טונה עם עדשים 150 גר,רגיל,21,10.90,18.00,18.00,מוצרי מכולת ,יח',מוצרי מכולת ,
1290018440513,7290018440513,סלט קליפורניה+טונה 150ג ,רגיל,14,10.90,17.90,18.80,מוצרי בית,יח',מוצרי בית,
1290019644385,7290019644385,מרשמלו טוויסטר 150 גרם,רגיל,0,4.00,7.90,8.90,חטיפים מתוקים ,יח',חטיפים מתוקים ,
1290100680650,1290100680650,מנה חמה נודלס תאילנדי 76ג,רגיל,0,4.70,8.90,8.90,חטיפים מלוחים ,יח',חטיפים מלוחים ,
1290100703007,7290100703007,עדשים שחורות בלוגה 500ג ,רגיל,11,5.60,8.90,8.90,מוצרי בית,יח',מוצרי בית,
1290100703458,7290100703458,כוסמת לא קלויה 500 גרם ,רגיל,2,4.90,8.90,8.90,מוצרי בית,יח',מוצרי בית,
1290106668577,1290106668577,מיץ לימון 250 מ״ל,רגיל,0,5.50,9.90,10.90,מוצרי בית,יח',מוצרי בית,
1290106720626,7290106720626,ציטוס גבינה 80 גרם,רגיל,55,3.00,6.90,7.90,חטיפים מלוחים ,יח',חטיפים מלוחים ,
1290106771314,7290106771314,גרנולה אגוזים חמוציות 450,רגיל,6,14.90,25.90,25.90,פיצוחים,יח',פיצוחים,
1290107974073,7290107974073,עלי טורטיה קמח חיטה320ג,רגיל,0,5.70,12.00,12.00,מוצרי מכולת ,יח',מוצרי מכולת ,
1290111568961,1290111568961,בייגלה טבעות מלח 400 גרם,רגיל,0,7.50,13.90,14.90,חטיפים מלוחים ,יח',חטיפים מלוחים ,
1290112337481,1290112337481,סוכריות מאסט קפוצ'ינו 80ג,רגיל,0,5.90,11.80,12.80,חטיפים מתוקים ,יח',חטיפים מתוקים ,
1290112351807,7290112351807,שוקולד בלונדי 100 גרם,רגיל,1,8.40,14.90,15.90,חטיפים מתוקים ,יח',חטיפים מתוקים ,
1290112964410,1290112964410,רוטב אלף האיים 290 גרם ,רגיל,0,8.90,15.90,15.90,מוצרי בית,יח',מוצרי בית,
1290113192546,1290113192546,בחומץ 7-9 560 גרם,רגיל,0,5.80,11.90,11.90,מוצרי בית,יח',מוצרי בית,
1290113193031,1290113193031,שחור חרוזית קלמטה560,רגיל,0,10.50,15.90,15.90,מוצרי בית,יח',מוצרי בית,
1290114600927,7290114600927,טורטיה חיטה מלאה 320 גרם,רגיל,4,5.70,12.00,12.00,מוצרי מכולת ,יח',מוצרי מכולת ,
1290114600941,7290114600941,מיונז לחיץ מאסטר שף 435גר,רגיל,0,10.90,17.90,17.90,מוצרי בית,יח',מוצרי בית,
1290118425687,7290118425687,במבה מרשמלו על האש 150 גר,רגיל,0,7.70,13.90,13.90,חטיפים מלוחים ,יח',חטיפים מלוחים ,
1290119043842,7290119043842,עוגיות מעמול תמר 500 גרם,רגיל,1,9.90,17.90,18.90,חטיפים מתוקים ,יח',חטיפים מתוקים ,
2025000398023,2025000398023,Magical Unicorn,רגיל,24,6.00,15.00,,תכשיטים לילדות קטנות ,יח',תכשיטים לילדות קטנות ,
2112249642960,2112249642960,גומי בליסטר תות שדה 100 גר',רגיל,0,9.90,14.90,14.90,חטיפים מתוקים ,יח',חטיפים מתוקים ,
2112249642984,2112249642984,גומי בליסטר נקניקיה 100 גר',רגיל,0,9.90,14.90,14.90,חטיפים מתוקים ,יח',חטיפים מתוקים ,
2112249643004,2112249643004,גומי בליסטר דובדבן 100 גר'  (2) 1/18,רגיל,0,9.90,14.90,14.90,חטיפים מתוקים ,יח',חטיפים מתוקים ,
2263551959101,2263551959101,Gissah Imperial 2,רגיל,1,45.00,90.00,,תכשיטים לילדות קטנות ,יח',תכשיטים לילדות קטנות ,
2263551974200,2263551974200,Gissah Hudson 2,רגיל,4,45.00,90.00,,תכשיטים לילדות קטנות ,יח',תכשיטים לילדות קטנות ,
2488254785900,2488254785900,מגנט בפלו,רגיל,0,0.00,40.00,40.00,מוצרי מכולת ,יח',מוצרי מכולת ,
2500100019905,2500100019905,משמש מיובש 250 גרם נספק,רגיל,2,17.00,29.90,30.90,פיצוחים,יח',פיצוחים,
2500101012905,2500101012905,צימוק לבן גמבו 250 גרם נספק,רגיל,4,12.00,23.90,23.90,פיצוחים,יח',פיצוחים,
2500102089104,2500102009904,בננה ציפס 200 גרם נספק,רגיל,0,6.60,11.90,11.90,פיצוחים,יח',פיצוחים,
2500103116106,2500103012903,תאנים פרימיום 200 גרם נספק,רגיל,0,13.00,24.90,24.90,פיצוחים,יח',פיצוחים,
2500105018903,2500105018903,שזיף מגולען 250 גרם נספק,רגיל,5,8.80,14.90,14.90,פיצוחים,יח',פיצוחים,
3008343200424,8008343200424,פסטה קונקילי ריגטה 500ג,רגיל,12,5.50,9.90,10.90,מוצרי בית,יח',מוצרי בית,
3014260022839,3014260022839,אורל בי מברשת שיניים נטורל פרש 40 2 יח׳,רגיל,15,9.92,19.90,23.90,מוצרי ניקיון ו טיפוח אישי,יח',מוצרי ניקיון ו טיפוח אישי,
3014260214692,3014260214692,גל גילוח,רגיל,0,0.00,15.00,15.00,מוצרי מכולת ,יח',מוצרי מכולת ,
3014260220051,3014260220051,גילייט סיריים גל גילוח לחות 200 מ"ל ,רגיל,17,12.62,19.90,,מוצרי ניקיון ו טיפוח אישי,יח',מוצרי ניקיון ו טיפוח אישי,
3014260228668,3014260228668,גיליט קצף גילוח רגיל ,רגיל,-3,9.36,13.90,,מוצרי ניקיון ו טיפוח אישי,יח',מוצרי ניקיון ו טיפוח אישי,
3014260287030,3014260287030,חמישיית סכיני ג'ילט 2,רגיל,-1,4.90,9.90,9.90,מוצרי ניקיון ו טיפוח אישי,יח',מוצרי ניקיון ו טיפוח אישי,
3014260289287,3014260289287,חמישיות סכיני בלו 2 לנשים ,רגיל,4,9.08,14.90,,מוצרי ניקיון ו טיפוח אישי,יח',מוצרי ניקיון ו טיפוח אישי,
3034250007813,3034250007813,קלינקס טישו כיס - קלינקס,רגיל,12,6.90,10.90,,חד פעמי,יח',חד פעמי,
3045140105502,3045140105502,מילקה שוקולד חלב,רגיל,0,8.20,12.00,12.00,מוצרי מכולת ,יח',מוצרי מכולת ,
3045140118502,3045140118502,מילקה אגוז שלם 100 גר',רגיל,0,7.65,12.00,12.00,מוצרי מכולת ,יח',מוצרי מכולת ,
3057067331322,3057067331322,נייר OCB  לבן גדול + פילטר,רגיל,160,2.64,9.90,,אבזרי עישון ,יח',אבזרי עישון ,
3057067346241,3057067346241,נייר OCB קטן ,רגיל,72,2.08,5.90,,אבזרי עישון ,יח',אבזרי עישון ,
3057067489016,3057067489016,נייר גלגול OCB גדול -חום ,רגיל,0,2.94,10.00,10.00,אבזרי עישון ,יח',אבזרי עישון ,
3059943016507,3059943016507,ספריי בניחוח לבנדר,רגיל,0,0.00,9.00,9.00,מוצרי מכולת ,יח',מוצרי מכולת ,
3059943016569,3059943016569,ספריי בניחוח יסמין,רגיל,0,0.00,9.00,9.00,מוצרי מכולת ,יח',מוצרי מכולת ,
3086126788371,3086126788371,ביק ענק,רגיל,0,1.90,10.00,10.00,מוצרי מכולת ,יח',מוצרי מכולת ,
3086960225056,3086960225056,קומבו צידניות קשיחות 35+15ליטים,רגיל,0,0.00,200.00,200.00,מוצרי מכולת ,יח',מוצרי מכולת ,
3116740015536,3116740015536,מסטיק tubble gum,רגיל,0,2.00,6.00,6.00,מוצרי מכולת ,יח',מוצרי מכולת ,
3138520182009,3138520182009,מיכל נקירה 190גר',רגיל,1,4.50,12.00,12.00,מוצרי חצר תחנה ,יח',מוצרי חצר תחנה ,
3203370000000,3203370000000,רמקול נייד 3W5 עם תאורץ לד ,רגיל,3,20.00,49.90,49.90,אבזרי סלולר ו חשמל ,יח',אבזרי סלולר ו חשמל ,
3203450000000,3203450000000,רמקול נייד 5W עם תאורת לד ,רגיל,0,20.00,49.90,48.90,אבזרי סלולר ו חשמל ,יח',אבזרי סלולר ו חשמל ,
3274664178505,3274664178505,גלידה קיט קט שלגון 90 מ"ל ,רגיל,0,8.00,12.90,12.90,גלידות ,יח',גלידות ,
3274664263621,3274664263621,גלידה קיט קאט ,רגיל,0,8.05,12.90,12.90,גלידות ,יח',גלידות ,
3355991002319,3355991002319,בוגארט (ג) סילבר סנט אדט,רגיל,0,0.00,119.00,119.00,מוצרי מכולת ,יח',מוצרי מכולת ,
3355991003019,3355991003019,SILVER SCENT INTENSEבושם,רגיל,0,0.00,119.00,119.00,מוצרי מכולת ,יח',מוצרי מכולת ,
3387390320244,3387390320244,דגני בוקר פיטנס פירות - פיטנס,רגיל,0,13.90,23.90,,מוצרי בית,יח',מוצרי בית,
3387390525960,3387390525960,קראנץ' דגני בוקר 500 גרם ,רגיל,0,16.90,21.90,21.90,מוצרי בית,יח',מוצרי בית,
3387390730852,3387390730852,דגנים פיטנס קלאסי,רגיל,0,0.00,0.00,,חטיפים מלוחים ,יח',חטיפים מלוחים ,
3412241210204,3412241210204,אדידס VICTORY LEAGUE,רגיל,0,0.00,49.00,49.00,מוצרי מכולת ,יח',מוצרי מכולת ,
3412242508027,3412242508027,נאוטיקה בלו א.ד.ט לגבר,רגיל,0,0.00,99.00,99.00,מוצרי מכולת ,יח',מוצרי מכולת ,
3415587400186,3415587400186,האגן דוז שקדים,רגיל,0,7.90,15.00,15.00,מוצרי מכולת ,יח',מוצרי מכולת ,
3415587405181,3415587405181,דאז האס,רגיל,0,7.90,15.00,15.00,מוצרי מכולת ,יח',מוצרי מכולת ,
3562700373084,3562700373084,JAGUAR CLASSIC,רגיל,0,0.00,99.00,99.00,מוצרי מכולת ,יח',מוצרי מכולת ,
3562700373145,3562700373145,JAGUAR CLASSIC BLACK,רגיל,0,0.00,99.00,99.00,מוצרי מכולת ,יח',מוצרי מכולת ,
3574660322699,3574660322699,מגן תחתון L,רגיל,0,0.00,14.00,14.00,מוצרי מכולת ,יח',מוצרי מכולת ,
3574660415506,3574660415506,ליסטרין מנטה,רגיל,0,0.00,17.00,17.00,מוצרי מכולת ,יח',מוצרי מכולת ,
3574661251479,3574661251479,מגן תחתון ארוך,רגיל,0,0.00,14.00,14.00,מוצרי מכולת ,יח',מוצרי מכולת ,
3607345216805,3607345216805,אדידס PURE GAME,רגיל,0,0.00,49.00,49.00,מוצרי מכולת ,יח',מוצרי מכולת ,
3607345380292,3607345380292,אדידס דאודרנט שחור,רגיל,0,0.00,19.90,19.90,מוצרי מכולת ,יח',מוצרי מכולת ,
3614223930722,3614223930722,נאוטיקה בלו סאיל,רגיל,0,0.00,99.00,99.00,מוצרי מכולת ,יח',מוצרי מכולת ,
3614223935772,3614223935772,אדידס דאודרנט ספריי,רגיל,0,0.00,19.90,19.90,מוצרי מכולת ,יח',מוצרי מכולת ,
3614224051136,3614224051136,אדידאס דאודרנט אפור,רגיל,0,0.00,19.90,19.90,מוצרי מכולת ,יח',מוצרי מכולת ,
3614229476347,3614229476347,אדידס CHAMPIONS LEAGUE,רגיל,0,0.00,49.00,49.00,מוצרי מכולת ,יח',מוצרי מכולת ,
3800020401552,3800020401552,קיט קט צאנקי פאנקי 40,רגיל,-5,2.00,4.90,4.90,חטיפים מתוקים ,יח',חטיפים מתוקים ,
3800020423578,3800020423578,קיט קט חלב,רגיל,16,2.07,4.90,7.90,חטיפים מתוקים ,יח',חטיפים מתוקים ,
3800020434345,3800020434345,KITKAT POP,רגיל,0,0.00,15.00,15.00,מוצרי מכולת ,יח',מוצרי מכולת ,
3800020472712,3800020472712,קיט קאט פופקורן,רגיל,0,2.00,6.00,6.00,מוצרי מכולת ,יח',מוצרי מכולת ,
3800034953597,3800034953597,בקבוק ריח פריסקו FRESCO- ונילה בלק,רגיל,76,8.50,15.90,15.90,מוצרי ריח - לרכב,יח',מוצרי ריח - לרכב,
3800034953979,3800034953979,פחית ג'יל ונילה,רגיל,0,14.00,24.90,25.90,משקאות ,יח',משקאות ,
3800034954129,3800034954129,בקבוק 35 מ'ל - דלק רשתות,רגיל,48,9.50,21.90,21.90,מוצרי ריח - לרכב,יח',מוצרי ריח - לרכב,
3800034954150,3800034954150,שלישיות - DRY  מארז 3 יחידות AERON,רגיל,148,6.30,11.90,11.90,מוצרי ריח - לרכב,יח',מוצרי ריח - לרכב,
3800034955225,3800034955225,פחית ריח-ונילה,רגיל,0,8.20,15.00,15.00,מוצרי מכולת ,יח',מוצרי מכולת ,
3800034958554,3800034958554,מפיץ ריח 150 מ"ל ,רגיל,10,21.00,34.90,,מוצרי ריח - לרכב,יח',מוצרי ריח - לרכב,
3800034959360,3800034959360,ריח דגל ישראל,רגיל,44,6.80,12.90,,מוצרי ריח - לרכב,יח',מוצרי ריח - לרכב,
3800034961677,3800034961677,בושם לרכב,רגיל,0,17.60,28.00,28.00,מוצרי מכולת ,יח',מוצרי מכולת ,
3800034962827,3800034962827,3+1 AREON מארז 3 יחידות,רגיל,0,6.00,13.00,13.00,מוצרי מכולת ,יח',מוצרי מכולת ,
3800034962834,3800034962834,מארז שלישיות -DRY SMILE  מפיץ ריח,רגיל,27,6.30,12.90,12.90,מוצרי ריח - לרכב,יח',מוצרי ריח - לרכב,
3800034965200,3800034965200,מגבונים לחים לניקיון משפחתי פלסטיק  מ"ל,רגיל,12,7.50,15.00,15.00,מוצרי ריח - לרכב,יח',מוצרי ריח - לרכב,
3800034965217,3800034965217,WIPS מגבונים עור -ויקטוריה ,רגיל,10,7.50,15.00,15.00,מוצרי ריח - לרכב,יח',מוצרי ריח - לרכב,
3800034965798,3800034965798,פחית ריח באריזת בלסטר,רגיל,0,8.50,15.00,15.00,מוצרי מכולת ,יח',מוצרי מכולת ,
3800034965965,3800034965965,פחית -X AERON KEN,רגיל,108,6.90,14.90,14.90,מוצרי ריח - לרכב,יח',מוצרי ריח - לרכב,
3800034966030,3800034966030,בקבוק פריסקו,רגיל,-6,7.60,12.90,12.90,מוצרי ריח - לרכב,יח',מוצרי ריח - לרכב,
3800034966122,3800034966122,AREON בקבוק ריח 85 מל לילאק,רגיל,5,10.20,19.89,19.89,מוצרי ריח - לרכב,יח',מוצרי ריח - לרכב,
3800034967181,3800034967181,מפיץ ריח לרכב בריח וניל,רגיל,21,10.20,19.89,19.89,מוצרי ריח - לרכב,יח',מוצרי ריח - לרכב,
3800034967600,3800034967600,שקית פנינים,רגיל,34,6.50,16.90,16.90,מוצרי ריח - לרכב,יח',מוצרי ריח - לרכב,
3800034970204,3800034970204,בובה מפיצה ריח,רגיל,0,0.00,12.00,12.00,מוצרי מכולת ,יח',מוצרי מכולת ,
3800034977227,3800034977227,פחית ריח דובדובן,רגיל,37,6.90,15.00,15.00,מוצרי מכולת ,יח',מוצרי מכולת ,
3800034977807,3800034977807,מקלות 50מל,רגיל,4,7.00,14.90,,מוצרי ריח - לרכב,יח',מוצרי ריח - לרכב,
3800034978330,3800034978330,3 יחידות 3 ריחנית עם נשמה,רגיל,0,6.00,13.00,13.00,מוצרי מכולת ,יח',מוצרי מכולת ,
3800034979283,3800034979283,4 יח' עיצי ריח בטעם מסטיק+פארטי+וניל,רגיל,3,7.70,14.90,14.90,מוצרי ריח - לרכב,יח',מוצרי ריח - לרכב,
3800034979818,3800034979818,בקבוק 35 מ""ל נוחות בלק קריסטל,רגיל,39,9.50,17.00,17.00,מוצרי ריח - לרכב,יח',מוצרי ריח - לרכב,
3800034979856,3800034979856,מטהר ריח לרכב - Black Crystal,רגיל,-4,0.00,19.90,,מוצרי ריח - לרכב,יח',מוצרי ריח - לרכב,
3800034979917,3800034979917,ספרי 300 מ""ל בישום ניתוח,רגיל,15,10.20,19.89,19.89,מוצרי ריח - לרכב,יח',מוצרי ריח - לרכב,
3800034981330,3800034981330,מארז שלישיה חמסה עין כחולה 3*XXL,רגיל,0,10.20,19.90,19.90,מוצרי מכולת ,יח',מוצרי מכולת ,
3800034982726,3800034982726,שלישיית חמסה עין כחולה,רגיל,20,6.30,12.90,12.90,מוצרי ריח - לרכב,יח',מוצרי ריח - לרכב,
3800034985697,3800034985697,דגל ישראל -3 יחידות,רגיל,2,6.80,13.90,13.90,מוצרי ריח - לרכב,יח',מוצרי ריח - לרכב,
3800034985864,3800034985864,אקספרינס X,רגיל,3,9.50,14.90,,מוצרי ריח - לרכב,יח',מוצרי ריח - לרכב,
3800034989466,3800034989466,אקספרינס X,רגיל,9,9.50,14.90,,מוצרי ריח - לרכב,יח',מוצרי ריח - לרכב,
3800103433579,3800103433579,כשלפ פרלל מים מינרלים 500מ״ל 1/12,רגיל,0,0.94,3.90,4.90,משקאות ,יח',משקאות ,
3800148426604,3800148426604,מגן שמש לחלון צדדי,רגיל,0,6.00,15.00,15.00,מוצרי ריח - לרכב,יח',מוצרי ריח - לרכב,
4000417019004,4000417019004,ליימן ריטר חלב עם אגוזים,רגיל,0,8.08,11.90,12.90,חטיפים מתוקים ,יח',חטיפים מתוקים ,
4000417022004,4000417022004,ריטר צימוקים ואגוז,רגיל,0,7.25,9.90,9.90,מוצרי מכולת ,יח',מוצרי מכולת ,
4000417025005,4000417025005,ריטר מרציפן אדום,רגיל,23,6.88,11.90,11.90,חטיפים מתוקים ,יח',חטיפים מתוקים ,
4000417026002,4000417026002,ריטר קרם אגוזים,רגיל,-1,6.88,11.90,12.90,חטיפים מתוקים ,יח',חטיפים מתוקים ,
4000417101211,4000417101211,ליימן אמיצ'ילי גליליות שוקולד אדוזים 150,רגיל,0,12.96,19.90,19.90,מוצרי מכולת ,יח',מוצרי מכולת ,
4000417101235,4000417101235,אמצילי אגוזים,רגיל,0,17.50,25.00,25.00,מוצרי מכולת ,יח',מוצרי מכולת ,
4000417222008,4000417222008,ריטר חלב עם שברי אגוזים,רגיל,0,6.88,11.90,12.90,חטיפים מתוקים ,יח',חטיפים מתוקים ,
4000417224002,4000417224002,ריטר מריר עם אגוזים,רגיל,0,8.08,11.90,12.90,חטיפים מתוקים ,יח',חטיפים מתוקים ,
4000417298003,4000417298003,ורטר חלב קרם קוקוס,רגיל,0,6.20,10.00,10.00,מוצרי מכולת ,יח',מוצרי מכולת ,
4000417620613,4000417620613,שוקלד חלב מעולה עם ממתקים,רגיל,0,6.88,11.90,11.90,חטיפים מתוקים ,יח',חטיפים מתוקים ,
4000417620811,4000417620811,שוקלד לבן מעולה עם ממתקים,רגיל,0,6.88,11.90,11.90,חטיפים מתוקים ,יח',חטיפים מתוקים ,
4000417626011,4000417626011,יימן ריטר מריר 70% 100  גרם 1/,רגיל,0,6.88,11.90,11.90,חטיפים מתוקים ,יח',חטיפים מתוקים ,
4000417708007,4000417708007,שוקולד ריטר מריר שקד 100ג,רגיל,2,7.20,11.90,11.90,חטיפים מתוקים ,יח',חטיפים מתוקים ,
4002590000022,4002590000022,קלפני אוכמניות 150 גרם,רגיל,4,6.81,10.90,10.90,חטיפים מתוקים ,יח',חטיפים מתוקים ,
4002590000039,4002590000039,קלפני הדרים 150 גרם,רגיל,9,6.81,10.90,10.90,חטיפים מתוקים ,יח',חטיפים מתוקים ,
4002590000046,4002590000046,ליימן קלפני כחול 150 גרם,רגיל,5,6.81,10.90,10.90,חטיפים מתוקים ,יח',חטיפים מתוקים ,
4002590000619,4002590000619,קלפני קפה 150 גרם (ב 10),רגיל,0,5.38,10.90,10.90,חטיפים מתוקים ,יח',חטיפים מתוקים ,
4002590000633,4002590000633,קלפני פירות 150 גרם,רגיל,7,6.81,10.90,11.90,חטיפים מתוקים ,יח',חטיפים מתוקים ,
4002590134512,4002590134512,קלפני טרופי,רגיל,0,7.59,12.00,12.00,מוצרי מכולת ,יח',מוצרי מכולת ,
4002590703541,4002590703541,קלפני תות 150 גרם (ב10),רגיל,0,5.38,10.90,10.90,חטיפים מתוקים ,יח',חטיפים מתוקים ,
4002604111218,4002604111218,פילטר 6 מ""מ,רגיל,0,0.00,6.00,6.00,מוצרי מכולת ,יח',מוצרי מכולת ,
4007993014317,4007993014317,גלידה מילקה מיני טילונים ,רגיל,0,24.00,39.99,39.99,גלידות ,יח',גלידות ,
4008400230726,4008400230726,סופרייז מקסי,רגיל,0,16.08,27.00,27.00,מוצרי מכולת ,יח',מוצרי מכולת ,
4008400284620,4008400284620,פררו קנדר שוקו בון,רגיל,0,4.05,5.90,5.90,חטיפים מתוקים ,יח',חטיפים מתוקים ,
4008400321622,4008400321622,מארז קינדר 8,רגיל,0,0.00,15.00,15.00,מוצרי מכולת ,יח',מוצרי מכולת ,
4009000523288,4009000523288,גמי לעיסה 5 אבטיח,רגיל,0,0.00,11.90,11.90,מוצרי מכולת ,יח',מוצרי מכולת ,
4009900071024,4009900071024,ORBIT 13 גרם,רגיל,0,0.75,4.00,4.00,מוצרי מכולת ,יח',מוצרי מכולת ,
4009900379564,4009900379564,מסטיק הובה בובה תות,רגיל,15,5.65,10.00,10.00,מוצרי מכולת ,יח',מוצרי מכולת ,
4009900402965,4009900402965,אורביט לימון,רגיל,-4,7.24,11.90,11.90,מוצרי מכולת ,יח',מוצרי מכולת ,
4009900403023,4009900403023,בקבוקן אורביט קלאסי WHITE,רגיל,7,7.24,11.90,12.90,חטיפים מתוקים ,יח',חטיפים מתוקים ,
4009900406918,4009900406918,מסטיק באבל טייפ תכלת,רגיל,12,5.65,10.00,10.00,מוצרי מכולת ,יח',מוצרי מכולת ,
4009900412056,4009900412056,אוורביט בטעם תפוח,רגיל,0,0.00,11.90,11.90,מוצרי מכולת ,יח',מוצרי מכולת ,
4009900420129,4009900420129,אורביט פרופשנל,רגיל,38,7.24,12.90,13.90,חטיפים מתוקים ,יח',חטיפים מתוקים ,
4009900420129,4009900420129,אורביט פרופשנל,רגיל,38,6.32,12.90,13.90,חטיפים מתוקים ,יח',חטיפים מתוקים ,
4009900420198,4009900420198,אורפיט אבטיח,רגיל,1,6.32,12.90,12.90,מוצרי מכולת ,יח',מוצרי מכולת ,
4009900426039,4009900426039,בקבקון Airwaves מנטה אקליפטוס,רגיל,9,7.24,11.90,11.90,מוצרי מכולת ,יח',מוצרי מכולת ,
4009900426121,4009900426121,בקבקון Airwaves אוכמניות,רגיל,14,7.24,11.90,12.90,חטיפים מתוקים ,יח',חטיפים מתוקים ,
4009900460187,4009900460187,סוכריות SKITTLES,רגיל,0,2.88,4.90,4.90,חטיפים מתוקים ,יח',חטיפים מתוקים ,
4009900463201,4009900463201,סקיטלז פירות יער סגול,רגיל,0,6.30,12.00,12.00,מוצרי מכולת ,יח',מוצרי מכולת ,
4009900479998,4009900479998,אורביט בטעם אוכמניות,רגיל,38,6.30,11.90,13.90,חטיפים מתוקים ,יח',חטיפים מתוקים ,
4009900482417,4009900482417,בקבקון אורביט פירות,רגיל,2,7.24,12.90,12.90,חטיפים מתוקים ,יח',חטיפים מתוקים ,
4009900482967,4009900482967,סקיטלס בטעם פירות 152 גרם,רגיל,24,8.46,12.90,13.90,חטיפים מתוקים ,יח',חטיפים מתוקים ,
4009900483803,4009900483803,איירוויבז מנטה 84 M גרם,רגיל,0,9.50,14.90,14.90,חטיפים מתוקים ,יח',חטיפים מתוקים ,
4009900484060,4009900484060,אורביט  פחית  פרופשיונל  כחול,רגיל,0,10.50,14.90,14.90,מוצרי מקרר ,יח',מוצרי מקרר ,
4009900484091,4009900484091,מסטיק בקבוק M ספירמינ 84,רגיל,0,8.50,14.90,14.90,חטיפים מתוקים ,יח',חטיפים מתוקים ,
4009900491044,4009900491044,איירוויבז Mאוכמניות 84גר,רגיל,0,9.50,14.90,14.90,חטיפים מתוקים ,יח',חטיפים מתוקים ,
4009900492829,4009900492829,סקיטלס פירות יער 152 גרם,רגיל,29,8.46,12.90,13.90,חטיפים מתוקים ,יח',חטיפים מתוקים ,
4009900496247,4009900496247,מסטיק בקבוק M בבלמינט 84ג,רגיל,0,8.50,14.90,14.90,חטיפים מתוקים ,יח',חטיפים מתוקים ,
4009900504218,4009900504218,בקבקון אורביט תפוז,רגיל,0,7.37,11.90,11.90,מוצרי מכולת ,יח',מוצרי מכולת ,
4009900512329,4009900512329,חווית לעיסה מאעננת,רגיל,0,0.00,12.00,12.00,מוצרי מכולת ,יח',מוצרי מכולת ,
4009900512350,4009900512350,פייב בטעם אבטיח,רגיל,0,0.00,12.00,12.00,מוצרי מכולת ,יח',מוצרי מכולת ,
4009900513791,4009900513791,סקיטלס פירות חמוצים 152 גרם,רגיל,11,8.46,12.90,13.90,חטיפים מתוקים ,יח',חטיפים מתוקים ,
4009900514996,4009900514996,תות דאבל מנטוס,רגיל,3,7.24,12.90,12.90,חטיפים מתוקים ,יח',חטיפים מתוקים ,
4009900514996,4009900514996,תות דאבל מנטוס,רגיל,3,6.32,12.90,12.90,חטיפים מתוקים ,יח',חטיפים מתוקים ,
4009900521611,4009900521611,סוכריות בטעם דובדובן,רגיל,0,6.63,11.90,11.90,מוצרי מכולת ,יח',מוצרי מכולת ,
4009900531122,4009900531122,מסטיק אורבייט בטעם מנטה ללא סוכר,רגיל,0,6.30,12.90,12.90,חטיפים מתוקים ,יח',חטיפים מתוקים ,
4009900532327,4009900532327,סקיטלז בטעם צהוב מודיס,רגיל,0,2.62,4.90,4.90,חטיפים מתוקים ,יח',חטיפים מתוקים ,
4009900534581,4009900534581,בקבקון אייר דובדובן,רגיל,0,7.36,11.90,11.90,מוצרי מכולת ,יח',מוצרי מכולת ,
4009900534611,4009900534611,בקבקון מלון,רגיל,0,7.36,11.90,11.90,מוצרי מכולת ,יח',מוצרי מכולת ,
4009900535519,4009900535519,אורבייט ללא סוכר קוביות,רגיל,0,0.00,6.00,6.00,מוצרי מכולת ,יח',מוצרי מכולת ,
4009900535540,4009900535540,אורבייט קוביות כחול,רגיל,0,0.00,8.00,8.00,מוצרי מכולת ,יח',מוצרי מכולת ,
4009900535823,4009900535823,אורביט בטעם פירות ומנטה 15.6גרם,רגיל,0,0.00,7.00,7.00,מוצרי מכולת ,יח',מוצרי מכולת ,
4009900536257,4009900536257,אורבייט REFRESHES ירוק,רגיל,0,7.50,14.80,14.80,חטיפים מתוקים ,יח',חטיפים מתוקים ,
4009900536288,4009900536288,אורבט בטעם מנטה 67 גרם,רגיל,0,6.90,14.90,14.90,מוצרי מכולת ,יח',מוצרי מכולת ,
4009900536486,4009900536486,גומי ללא סוכר בטעם פירות,רגיל,0,7.65,14.80,14.80,חטיפים מתוקים ,יח',חטיפים מתוקים ,
4009900539685,4009900539685,פייב באונז בקבוק,רגיל,0,7.65,14.90,14.90,מוצרי מכולת ,יח',מוצרי מכולת ,
4009900539746,4009900539746,פייב אבטיח בקבוק חדש,רגיל,0,7.65,14.90,14.90,חטיפים מתוקים ,יח',חטיפים מתוקים ,
4009900540551,4009900540551,רפריש בקבוקון פירות,רגיל,0,7.50,14.90,14.90,מוצרי מכולת ,יח',מוצרי מכולת ,
4009900544559,4009900544559,אורביט בקבוק תות,רגיל,0,7.65,12.90,12.90,מוצרי מקרר ,יח',מוצרי מקרר ,
4009900546140,4009900546140,סקיטלס ג׳יינטס פ.חמץ 132,רגיל,12,6.90,12.90,13.90,חטיפים מתוקים ,יח',חטיפים מתוקים ,
4009900546164,4009900546164,סקיטלס ג'יינטס פירות - סקיטלס,רגיל,0,6.50,12.90,,חטיפים מתוקים ,יח',חטיפים מתוקים ,
4009900552165,4009900552165,בקבוקון רפרשוס אבטיח פטל ,רגיל,1,7.50,14.90,14.90,חטיפים מתוקים ,יח',חטיפים מתוקים ,
4011100005860,4011100005860,אם אנד אמס שוקולד חום,רגיל,0,17.80,30.00,30.00,מוצרי מכולת ,יח',מוצרי מכולת ,
4011100005884,4011100005884,Mֲ@M בוטנים צהוב 400 ג',רגיל,0,15.70,25.00,25.00,מוצרי מכולת ,יח',מוצרי מכולת ,
4011488617714,4011488617714,CORNY BIG,רגיל,0,3.57,7.90,7.90,מוצרי מכולת ,יח',מוצרי מכולת ,
4011800000349,4011800000349,קורני בייס קרמל סולט 138ג,רגיל,21,8.50,15.90,15.90,פיצוחים,יח',פיצוחים,
4011800000738,4011800000738,קורני בייס קוקי&קרם,רגיל,7,8.50,18.50,,חטיפים מלוחים ,יח',חטיפים מלוחים ,
4011800528416,4011800528416,קורני בוטנ. מתוק מלוח 6*25,רגיל,0,8.50,15.90,15.90,פיצוחים,יח',פיצוחים,
4011800567613,4011800567613,קורני סנדוויץ שחור לבן 14,רגיל,3,8.50,15.90,15.90,חטיפים מתוקים ,יח',חטיפים מתוקים ,
4011800617615,4011800617615,קורני ביג שוקולד ,רגיל,18,4.31,8.90,,חטיפים מתוקים ,יח',חטיפים מתוקים ,
4011800617714,4011800617714,קורני ביג שוקו בננה,רגיל,7,4.31,8.90,,חטיפים מתוקים ,יח',חטיפים מתוקים ,
4011800628512,4011800628512,קורני חט. דגנים+שוקולד 6יח,רגיל,5,7.90,15.90,15.90,חטיפים מתוקים ,יח',חטיפים מתוקים ,
4011800630515,4011800630515,קורני 6חט. דגנים+שוק+בננה,רגיל,1,7.90,15.90,16.90,חטיפים מתוקים ,יח',חטיפים מתוקים ,
4011800632519,4011800632519,חטיף דגנים קורני קוקוס שוקולד,רגיל,0,8.50,17.90,,חטיפים מתוקים ,יח',חטיפים מתוקים ,
4011800633516,4011800633516,חטיף דגנים קורני שוקולד מריר,רגיל,0,8.50,17.90,,חטיפים מתוקים ,יח',חטיפים מתוקים ,
4011800636517,4011800636517,חטיף דגנים קורני חלב FREE,רגיל,0,8.50,17.90,,חטיפים מתוקים ,יח',חטיפים מתוקים ,
4014400901191,4014400901191,מרסי אדום 250 גרם,רגיל,8,18.90,29.90,29.90,חטיפים מתוקים ,יח',חטיפים מתוקים ,
4014400901405,4014400901405,מרסי כחול,רגיל,18,21.36,29.90,30.90,חטיפים מתוקים ,יח',חטיפים מתוקים ,
4014400904277,4014400904277,ליימן סוכריות אייס,רגיל,0,12.95,22.00,22.00,מוצרי מכולת ,יח',מוצרי מכולת ,
4014400907901,4014400907901,וורטס סוכריות חמאס,רגיל,0,0.00,8.00,8.00,מוצרי מכולת ,יח',מוצרי מכולת ,
4014400907902,4014400907902,סוכריות חמאה בטעם קרמל,רגיל,0,7.00,8.90,8.90,חטיפים מתוקים ,יח',חטיפים מתוקים ,
4014400914696,4014400914696,ליימן ורטר ללא סוכר,רגיל,0,5.78,10.00,10.00,מוצרי מכולת ,יח',מוצרי מכולת ,
4014400914924,4014400914924,ורטר קפוצ'ינו,רגיל,0,5.78,10.00,10.00,מוצרי מכולת ,יח',מוצרי מכולת ,
4014400923711,4014400923711,ליימן טופיפי 125 גרם ,רגיל,28,8.80,14.90,15.90,חטיפים מתוקים ,יח',חטיפים מתוקים ,
4014400925319,4014400925319,ליימן-ורטר פופקורן קרמל 140 גרם,רגיל,0,11.31,15.90,15.90,חטיפים מתוקים ,יח',חטיפים מתוקים ,
4015400563846,4015400563846,אולויז מגן תחתון דואו אקסטרה לונג 44 יח",רגיל,7,13.70,19.90,,מוצרי ניקיון ו טיפוח אישי,יח',מוצרי ניקיון ו טיפוח אישי,
4015400564324,4015400564324,אולוויז מגן תחתון דואו לונג 52 יח",רגיל,7,13.70,39.90,,מוצרי ניקיון ו טיפוח אישי,יח',מוצרי ניקיון ו טיפוח אישי,
4015400565574,4015400565574,אולוויז מגן תחתון דוא פרש נורמלי ,רגיל,3,13.70,19.90,,מוצרי ניקיון ו טיפוח אישי,יח',מוצרי ניקיון ו טיפוח אישי,
4015400690313,4015400690313,טמפונים עם מוליך,רגיל,0,0.00,31.90,31.90,מוצרי מכולת ,יח',מוצרי מכולת ,
4015400731719,4015400731719,תחבושות היגייניות ללילה,רגיל,0,0.00,28.00,28.00,מוצרי מכולת ,יח',מוצרי מכולת ,
4015400746812,4015400746812,מגן תחתון נורמל,רגיל,0,0.00,22.90,22.90,מוצרי מכולת ,יח',מוצרי מכולת ,
4015400755487,4015400755487,תחבושות היגייניות יום,רגיל,0,0.00,28.00,28.00,מוצרי מכולת ,יח',מוצרי מכולת ,
4015400759294,4015400759294,אולוויז אולטרה,רגיל,0,0.00,24.00,24.00,מוצרי מכולת ,יח',מוצרי מכולת ,
4015600807436,4015600807436,דאודורנט פאוור בידס 75 מ״ל Cool wave,רגיל,29,14.27,23.90,24.90,מוצרי ניקיון ו טיפוח אישי,יח',מוצרי ניקיון ו טיפוח אישי,
4015600807573,4015600807573,דאודורנט פאוור בידס 75 מ״ל Power rush,רגיל,-2,14.27,23.90,24.90,מוצרי ניקיון ו טיפוח אישי,יח',מוצרי ניקיון ו טיפוח אישי,
4017100198151,4017100198151,באלזן-ביסקוויט היט 220 וניל  גר',רגיל,5,7.12,12.90,12.90,חטיפים מתוקים ,יח',חטיפים מתוקים ,
4017100210105,4017100210105,בלזן וופלטן מריר,רגיל,0,0.00,12.00,12.00,מוצרי מכולת ,יח',מוצרי מכולת ,
4017100219900,4017100219900,בלזן וופלטן,רגיל,0,0.00,12.00,12.00,מוצרי מכולת ,יח',מוצרי מכולת ,
4017100283260,4017100283260,חטיף שוקלד חלב קלסיק,רגיל,0,8.91,13.90,14.90,חטיפים מתוקים ,יח',חטיפים מתוקים ,
4017100283666,4017100283666,חטיף שוקלד חלב ,רגיל,0,8.91,13.90,13.90,חטיפים מתוקים ,יח',חטיפים מתוקים ,
4017100291005,4017100291005,בלזן בסקוויט שוקולד מריר,רגיל,0,0.00,12.00,12.00,מוצרי מכולת ,יח',מוצרי מכולת ,
4017100364112,4017100364112,באלזן - ביסקוויט היט קקאו 220 ג,רגיל,1,7.12,10.90,10.90,חטיפים מתוקים ,יח',חטיפים מתוקים ,
4023368083047,4023368083047,בצקים במילוי ,רגיל,0,27.00,47.20,48.20,קפואים מצוננים ,יח',קפואים מצוננים ,
4025700001023,4025700001023,מילקה אגוזים,רגיל,0,0.00,9.00,9.00,מוצרי מכולת ,יח',מוצרי מכולת ,
4025700001962,4025700001962,מילקה שוקולד לבן 2,רגיל,0,6.60,11.00,11.00,מוצרי מכולת ,יח',מוצרי מכולת ,
4031872260021,4031872260021,מצת טורבו אקדח ,רגיל,24,4.24,13.90,,אבזרי עישון ,יח',אבזרי עישון ,
4032549048720,4032549048720,גלידה טרנד דובאי ,רגיל,0,8.47,19.90,19.90,גלידות ,יח',גלידות ,
4032900128108,4032900128108,טבק  נרגילה נחלה,רגיל,10,31.00,54.90,64.00, כל הסיגריות,יח', כל הסיגריות,
4032900157085,4032900157085,כאמל ברי מנטה,רגיל,0,25.71,36.00,36.00, כל הסיגריות,יח', כל הסיגריות,
4033100013348,4033100013348,LD BIUE -ארוך,רגיל,0,0.00,31.00,31.00,מוצרי מכולת ,יח',מוצרי מכולת ,
4033100014468,4033100014468,LD -אדום,רגיל,0,0.00,31.00,31.00,מוצרי מכולת ,יח',מוצרי מכולת ,
4033100014499,4033100014499,אל די כחול,רגיל,0,0.00,31.00,31.00,מוצרי מכולת ,יח',מוצרי מכולת ,
4033100014529,4033100014529,LD סלימס,רגיל,0,0.00,31.00,31.00,מוצרי מכולת ,יח',מוצרי מכולת ,
4033100038914,4033100038914,טבק כאמל צהוב,רגיל,2,67.86,112.10,112.10, כל הסיגריות,יח', כל הסיגריות,
4033100064036,4033100064036,טבק ווינסטון כחול,רגיל,17,67.86,100.00,100.00, כל הסיגריות,יח', כל הסיגריות,
4047025114592,4047025114592,נוזל בלמים DOT בבקבוק 500 מ""ל,רגיל,13,21.80,50.00,50.00,שמנים,יח',שמנים,
4050300873398,4050300873398,סט נורות H4,רגיל,0,39.00,60.00,60.00,מוצרי מכולת ,יח',מוצרי מכולת ,
4050300876375,4050300876375,סט נורות H7,רגיל,0,39.00,60.00,60.00,מוצרי מכולת ,יח',מוצרי מכולת ,
4062139005888,4062139005888,לייס ציפס בצל וסוס קרמל,רגיל,0,10.95,15.90,15.90,חטיפים מלוחים ,יח',חטיפים מלוחים ,
4062139005949,4062139005949,לייס חטיף תפוח אדמה בטעם חמוץ מלח,רגיל,5,10.95,22.00,22.00,חטיפים מתוקים ,יח',חטיפים מתוקים ,
4082300285833,4082300285833,מנורה לרכב H7 סטנדרט,רגיל,0,0.00,12.90,12.90,מוצרי מכולת ,יח',מוצרי מכולת ,
4082300286700,4082300286700,מנורה לרכב H4 ה12,רגיל,0,0.00,11.00,11.00,מוצרי מכולת ,יח',מוצרי מכולת ,
4084500088917,4084500088917,פיירי לימון,רגיל,1,7.20,14.00,14.00,מוצרי מכולת ,יח',מוצרי מכולת ,
4084500739253,4084500739253,אורל משחה WHITE LUXE ,רגיל,6,15.60,24.90,,מוצרי ניקיון ו טיפוח אישי,יח',מוצרי ניקיון ו טיפוח אישי,
4084500853553,4084500853553,פיירי אורגינל 650 מל,רגיל,6,7.20,13.90,14.90,מוצרי בית,יח',מוצרי בית,
4250145328859,4250145328859,משקפי שמש,רגיל,-64,24.00,60.00,60.00,משקפים ,יח',משקפים ,
4255653925002,4255653925002,משקפיי שמש  zozi,רגיל,34,24.00,49.90,49.90,מוצרי מכולת ,יח',מוצרי מכולת ,
4260248821164,4260248821164,גרוס הרבל גדול כתום ,רגיל,2,25.12,44.90,,אבזרי עישון ,יח',אבזרי עישון ,
4605922006688,4605922006688,תה ליפטון שקיות,רגיל,0,0.00,14.00,14.00,מוצרי מכולת ,יח',מוצרי מכולת ,
4710068001692,4710068001692,מאסטר קפה לאטה,רגיל,1,6.81,11.90,12.90,משקאות ,יח',משקאות ,
4710068001692,4710068001692,מאסטר קפה לאטה,רגיל,1,4.65,11.90,12.90,משקאות ,יח',משקאות ,
4710068001715,4710068001715,מאסטר קפה טרמיסו,רגיל,31,6.55,11.90,12.90,משקאות ,יח',משקאות ,
4710068001715,4710068001715,מאסטר קפה טרמיסו,רגיל,31,4.65,11.90,12.90,משקאות ,יח',משקאות ,
4710068001739,4710068001739,מאסטר קפה קולומביה,רגיל,151,4.65,11.90,12.90,משקאות ,יח',משקאות ,
4710068002798,4710068002798,מאסטר קפה וניל,רגיל,73,4.65,11.90,12.90,משקאות ,יח',משקאות ,
4710068006239,4710068006239,מאסטר קפה לאטה ללא סוכר ,רגיל,59,4.65,11.90,,משקאות ,יח',משקאות ,
4710423776838,4710423776838,HIGH PERFORMANCE CABLE,רגיל,2,90.00,180.00,180.00,אבזרי סלולר ו חשמל ,יח',אבזרי סלולר ו חשמל ,
4711256280622,4711256280622,משקה תה קר בטעם ליצי,רגיל,0,10.75,15.90,16.90,משקאות ,יח',משקאות ,
4711256280639,4711256280639,משקה תה ירוק בטעם אפרסק תות,רגיל,0,10.75,15.90,16.90,משקאות ,יח',משקאות ,
4711516792445,4711516792445,חטיף מוצ'י בטעם מנטה ועוגיות שוקולד לבן 360 גרם,רגיל,8,2.75,7.90,,חטיפים מתוקים ,יח',חטיפים מתוקים ,
4711516792452,4711516792452,חטיף מוצ'י בטעם אפרסק שוקולד לבן ושעירות קאדיף,רגיל,8,2.75,7.90,,חטיפים מתוקים ,יח',חטיפים מתוקים ,
4711516792469,4711516792469,חטיף מוצ'י בטעם טירמסו 360 גרם,רגיל,6,2.75,7.90,,חטיפים מתוקים ,יח',חטיפים מתוקים ,
4711516792711,4711516792711,חטיף מוצ'י בטעם קרמל מלוח 360 גרם,רגיל,8,4.50,7.90,,חטיפים מתוקים ,יח',חטיפים מתוקים ,
4742972012129,4742972012129,עץ מבוקע 21 ל רויאל BBQ ליבנ,רגיל,5,49.01,75.90,75.90,מוצרי חצר תחנה ,יח',מוצרי חצר תחנה ,
4760169750340,4760169750340,פסטה מרקוני פוסילי 400 גרם,רגיל,20,1.90,4.90,,מוצרי מכולת ,יח',מוצרי מכולת ,
4760169750364,4760169750364,פסטה פינה מרקוני 400 גרם,רגיל,20,1.90,3.90,,מוצרי מכולת ,יח',מוצרי מכולת ,
4760169750388,4760169750388,פסטה מרקוני ספגטי 400 גרם,רגיל,20,1.90,4.90,,מוצרי מכולת ,יח',מוצרי מכולת ,
4800888209382,4800888209382,דואדרנת Rexona שחור לבן,רגיל,12,8.90,15.90,,מוצרי ניקיון ו טיפוח אישי,יח',מוצרי ניקיון ו טיפוח אישי,
4800888210197,4800888210197,דואדרנת דאב סטיק קוקוס 50 גרם,רגיל,10,8.90,15.90,,מוצרי ניקיון ו טיפוח אישי,יח',מוצרי ניקיון ו טיפוח אישי,
4800888219534,4800888219534,דואדרמת דאב סטיק אורגינל 50 גרם,רגיל,10,8.90,15.90,,מוצרי ניקיון ו טיפוח אישי,יח',מוצרי ניקיון ו טיפוח אישי,
4820077162441,4820077162441,פיינט קראנץ דובאי ,רגיל,1,27.11,39.90,39.90,גלידות ,יח',גלידות ,
4820287750783,4820287750782,Fashionista,רגיל,6,10.00,25.00,,תכשיטים לילדות קטנות ,יח',תכשיטים לילדות קטנות ,
4820287752213,4820287752213,Happy Farm,רגיל,11,9.00,16.00,,תכשיטים לילדות קטנות ,יח',תכשיטים לילדות קטנות ,
4823077613630,4823077613630,חטיף שוקולד רושן בורולה 43 גרם,רגיל,30,2.70,5.90,,חטיפים מתוקים ,יח',חטיפים מתוקים ,
4823077617041,4823077617041,חטיף שוקולד רושן קרמל 43 גרם,רגיל,30,2.70,5.90,,חטיפים מתוקים ,יח',חטיפים מתוקים ,
4823077633317,4823077633317,רושן עוגיות לויית שוקולד,רגיל,0,4.40,9.90,9.90,חטיפים מתוקים ,יח',חטיפים מתוקים ,
4840317005604,4840317005604,שלגון דובאי,רגיל,30,8.47,14.90,,גלידות ,יח',גלידות ,
4891004031215,4891004031215,מדום +WIFE דור 4 ממשק עברית JIO,רגיל,0,139.00,260.00,260.00,מוצרי מכולת ,יח',מוצרי מכולת ,
4891199027598,4891199027598,סוללות ULTRA AA,רגיל,0,0.00,9.00,9.00,מוצרי מכולת ,יח',מוצרי מכולת ,
4891199027659,4891199027659,סוללת אלקייןנ,רגיל,0,0.00,9.00,9.00,מוצרי מכולת ,יח',מוצרי מכולת ,
4895151823600,4895151823600,משית ZENGAZ,רגיל,0,11.01,25.00,25.00,אבזרי עישון ,יח',אבזרי עישון ,
4895151855526,4895151855526,מצית ZENGAZ טורבו,רגיל,34,10.00,20.00,20.00,אבזרי עישון ,יח',אבזרי עישון ,
4902102035378,4902102035378,יפן פאנטה ענבים 500 מ""ל,רגיל,0,4.86,8.90,8.90,חטיפים מתוקים ,יח',חטיפים מתוקים ,
4902102146326,4902102146326,יפן פאנטה ענבים גולדן 500 מ"ל,רגיל,-21,6.95,8.90,8.90,משקאות ,יח',משקאות ,
4902102149655,4902102149655,יפן פאנטה תפוח אדום 50,רגיל,0,4.86,8.90,12.90,משקאות ,יח',משקאות ,
4902102151948,4902102151948,יפן פאנטה אפרסק לבן 500  מ""ל,רגיל,0,4.86,8.90,8.90,משקאות ,יח',משקאות ,
4902201183055,4902201183055,JNE016 וופל קיט קט מצופה בטעם תות שדה,רגיל,12,16.80,29.90,,חטיפים מתוקים ,יח',חטיפים מתוקים ,
4902201183086,4902201183086,JNE012 וופל קיט קט יפני מצופה בטעם שוקולד מריר,רגיל,12,16.80,29.90,,חטיפים מתוקים ,יח',חטיפים מתוקים ,
4902201183505,4902201183505,JNE015 וופל קיט קט יפני מצופה בטעם שוקולד תפוז,רגיל,0,16.80,29.90,,חטיפים מתוקים ,יח',חטיפים מתוקים ,
4902520128614,4902520128614,סוללות פוג'פילם D 2861 זוג,רגיל,1,11.90,23.00,23.00,מוצרי מכולת ,יח',מוצרי מכולת ,
4902520128621,4902520128621,סוללןת פוג'יפילם זוג,רגיל,0,0.00,0.00,0.00,מוצרי מכולת ,יח',מוצרי מכולת ,
4902520128638,4902520128638,סוללות פוג'יקום רביעיית AA,רגיל,0,0.00,9.00,9.00,מוצרי מכולת ,יח',מוצרי מכולת ,
4902520128645,4902520128645,סוללות פוגיקום,רגיל,0,0.00,10.00,10.00,מוצרי מכולת ,יח',מוצרי מכולת ,
4902520128652,4902520128652,סלולה 9V,רגיל,0,0.00,10.00,10.00,מוצרי מכולת ,יח',מוצרי מכולת ,
4904530589874,4904530589874,סלולה טושיבה LR14 C,רגיל,0,10.90,19.00,19.00,מוצרי מכולת ,יח',מוצרי מכולת ,
5000108478119,5000108478119,שיבולת שועל קוואקר - קוואקר,רגיל,0,7.90,11.90,,מוצרי בית,יח',מוצרי בית,
5000157143365,5000157143365,היינץ מיוקטשופ 425 גרם,רגיל,4,11.54,17.90,17.90,מוצרי בית,יח',מוצרי בית,
5000159023283,5000159023283,אם אנד אםס שוקולד 250 גרם,רגיל,18,16.85,29.90,,ממתקים ,יח',ממתקים ,
5000159304245,5000159304245,M&M CRISPY,רגיל,0,3.84,8.00,8.00,מוצרי מכולת ,יח',מוצרי מכולת ,
5000159361323,5000159361323,מולטיזיריס ענק,רגיל,0,19.20,30.00,30.00,מוצרי מכולת ,יח',מוצרי מכולת ,
5000159376655,5000159376655,סקיטלז בטעם פירות 38 גרם,רגיל,13,2.88,4.90,4.90,חטיפים מתוקים ,יח',חטיפים מתוקים ,
5000159376792,5000159376792,סקיטלס חמוץ 38 גרם,רגיל,15,2.88,4.90,4.90,חטיפים מתוקים ,יח',חטיפים מתוקים ,
5000159407236,5000159407236,מרס,רגיל,0,2.34,6.00,6.00,מוצרי מכולת ,יח',מוצרי מכולת ,
5000159460880,5000159460880,חטיף גלידה סניקרס שוקולד אקסטרה,רגיל,0,7.25,12.00,12.00,מוצרי מכולת ,יח',מוצרי מכולת ,
5000159462037,5000159462037,שלגון סניקרס,רגיל,0,0.00,11.00,11.00,מוצרי מכולת ,יח',מוצרי מכולת ,
5000159471961,5000159471961,Mַ@M כחול 128 גר',רגיל,0,9.30,15.00,15.00,מוצרי מכולת ,יח',מוצרי מכולת ,
5000159472142,5000159472142,M ֲM קריספי 340 גר',רגיל,0,17.70,25.00,25.00,מוצרי מכולת ,יח',מוצרי מכולת ,
5000159483049,5000159483049,אייס קריים BOUNTY,רגיל,0,0.00,10.00,10.00,מוצרי מכולת ,יח',מוצרי מכולת ,
5000159484640,5000159484640,טוויקס אקסטרה,רגיל,0,0.00,8.00,8.00,מוצרי מכולת ,יח',מוצרי מכולת ,
5000159486972,5000159486972,טוויקס לבן,רגיל,0,1.85,6.00,6.00,מוצרי מכולת ,יח',מוצרי מכולת ,
5000159492539,5000159492539,סניקרס בציפוי שוקולד לבן,רגיל,0,0.00,5.00,5.00,מוצרי מכולת ,יח',מוצרי מכולת ,
5000159509671,5000159509671,סניקרס לבן,רגיל,0,0.00,11.00,11.00,מוצרי מכולת ,יח',מוצרי מכולת ,
5000159516211,5000159516211,סניקרס פרוטאין 10גר',רגיל,0,7.35,12.00,12.00,מוצרי מכולת ,יח',מוצרי מכולת ,
5000159555692,5000159555692,מלטירזס 135 גרם,רגיל,7,10.95,16.90,17.90,חטיפים מתוקים ,יח',חטיפים מתוקים ,
5000159555692,5000159555692,מלטירזס 135 גרם,רגיל,7,9.90,16.90,17.90,חטיפים מתוקים ,יח',חטיפים מתוקים ,
5000159555715,5000159555715,מלטייזרס 37 גרם,רגיל,0,3.10,5.90,5.90,חטיפים מתוקים ,יח',חטיפים מתוקים ,
5000159557221,5000159557221,טוויקס לבן בודד 46 גרם,רגיל,26,3.63,5.90,6.90,חטיפים מתוקים ,יח',חטיפים מתוקים ,
5000159557221,5000159557221,טוויקס לבן בודד 46 גרם,רגיל,26,2.21,5.90,6.90,חטיפים מתוקים ,יח',חטיפים מתוקים ,
5000159558792,5000159558792,מארס בודד 51 גרם - חדש,רגיל,67,2.21,5.90,6.90,חטיפים מתוקים ,יח',חטיפים מתוקים ,
5000159559485,5000159559485,טוויקס בודד 50 גרם,רגיל,-15,2.60,5.90,6.90,חטיפים מתוקים ,יח',חטיפים מתוקים ,
5000159560474,5000159560474,מלטיזרס 37 דרם,רגיל,0,3.27,6.90,7.90,חטיפים מתוקים ,יח',חטיפים מתוקים ,
5000159560511,5000159560511,סניקרס בודד 50 גרם,רגיל,-12,2.21,5.90,6.90,חטיפים מתוקים ,יח',חטיפים מתוקים ,
5000159561976,5000159561976,באונטי בודד 57 גרם,רגיל,29,2.21,5.90,6.90,חטיפים מתוקים ,יח',חטיפים מתוקים ,
5000204196894,5000204196894,רייד נוזל מילוי אקליפטוס 45לילות 36מ״ל,רגיל,11,11.12,22.90,23.90,מוצרי ניקיון ו טיפוח אישי,יח',מוצרי ניקיון ו טיפוח אישי,
5000204197051,5000204197051,רייד מכשיר חשמלי + נוזל מילוי אקליפטוס 4,רגיל,8,26.31,44.90,45.90,מוצרי ניקיון ו טיפוח אישי,יח',מוצרי ניקיון ו טיפוח אישי,
5000204313024,5000204313024,דאק סבון מוצק ירוק אקווה גרין 36*2 גר׳,רגיל,9,6.80,13.90,14.90,מוצרי ניקיון ו טיפוח אישי,יח',מוצרי ניקיון ו טיפוח אישי,
5000396020687,5000396020687,אוראו כוסות 115 גרם,רגיל,4,8.83,17.90,,ממתקים ,יח',ממתקים ,
5000396021202,5000396021202,ריץ קרקר 200 גרם בד״צ,רגיל,20,5.60,13.90,14.90,משקאות ,יח',משקאות ,
5005005010129,5005005010129,סיגריה אלקטרונית,רגיל,0,7.50,39.90,39.90,מוצרי מכולת ,יח',מוצרי מכולת ,
5010123703585,5010123703585,ליסטרין COOL,רגיל,0,0.00,17.00,17.00,מוצרי מכולת ,יח',מוצרי מכולת ,
5010182997253,5010182997253,רייד אירוסול קוטל זוחלים 300מ״ל,רגיל,5,11.02,21.90,22.90,מוצרי ניקיון ו טיפוח אישי,יח',מוצרי ניקיון ו טיפוח אישי,
5010182997680,5010182997680,רייד אירוסול קוטל נמלים 300מ״ל,רגיל,10,11.02,21.90,22.90,מוצרי ניקיון ו טיפוח אישי,יח',מוצרי ניקיון ו טיפוח אישי,
5010182997918,5010182997918,דאק ג׳ל אסלה ים כחול 55מ״ל,רגיל,10,6.69,13.90,14.90,מוצרי ניקיון ו טיפוח אישי,יח',מוצרי ניקיון ו טיפוח אישי,
5010182998847,5010182998847,דאק נוזל ים 750מ״ל,רגיל,5,7.66,13.90,14.90,מוצרי ניקיון ו טיפוח אישי,יח',מוצרי ניקיון ו טיפוח אישי,
5010182998861,5010182998861,דאק נוזל רענן 750 מ״ל,רגיל,10,6.60,13.90,13.90,מוצרי מכולת ,יח',מוצרי מכולת ,
5010232964501,5010232964501,דורקס כחול אקסטרים סייף,רגיל,0,19.00,30.00,30.00,מוצרי מכולת ,יח',מוצרי מכולת ,
5011061165831,5011061165831,בולדולר היל הוב,רגיל,0,7.00,12.90,12.90,חטיפים מתוקים ,יח',חטיפים מתוקים ,
5013965850455,5013965850455,מי פה פרו אקספרט 250 מ״ל,רגיל,15,6.39,13.90,14.90,מוצרי ניקיון ו טיפוח אישי,יח',מוצרי ניקיון ו טיפוח אישי,
5014271360423,5014271360423,מעדן תפוז 284 גרם,רגיל,15,12.50,23.90,23.90,מוצרי בית,יח',מוצרי בית,
5014271400426,5014271400426,תות שדה 284 גרם,רגיל,0,12.50,23.90,23.90,מוצרי בית,יח',מוצרי בית,
5025232476329,5025232476329,אוזניות סטריאו קשת PANASO NIC שחור,רגיל,0,0.00,70.00,70.00,מוצרי מכולת ,יח',מוצרי מכולת ,
5027324001174,5027324001174,מוצי עם תה ירוק,רגיל,0,25.95,34.90,34.90,גלידות ,יח',גלידות ,
5027324001761,5027324001761,מוצי  קפוא עם קרמל מלוח,רגיל,0,24.79,34.90,34.90,גלידות ,יח',גלידות ,
5027324001860,5027324001860,מוצי עם פיסטוק,רגיל,0,25.95,34.90,34.90,גלידות ,יח',גלידות ,
5027324003277,5027324003277,מוצי קפוא בטעם שוקלד לבן,רגיל,0,24.79,34.90,34.90,גלידות ,יח',גלידות ,
5038483574386,5038483574386,דורקס (קונדום) אדום,רגיל,2,8.66,20.00,20.00,מוצרי מכולת ,יח',מוצרי מכולת ,
5038483574416,5038483574416,דורקס כחול,רגיל,31,7.63,20.90,20.90,מוצרי ניקיון ו טיפוח אישי,יח',מוצרי ניקיון ו טיפוח אישי,
5038483578780,5038483578780,דורקס אדום,רגיל,0,8.90,15.00,15.00,מוצרי מכולת ,יח',מוצרי מכולת ,
5051554328329,5051554328329,קמפטאון שולחן מתקפל 1.8 מ׳ לבן,רגיל,0,109.00,179.90,179.90,מוצרי חצר תחנה ,יח',מוצרי חצר תחנה ,
5056357906781,5056357906781,סניקרס פרוטאין,רגיל,0,9.72,15.00,15.00,מוצרי מכולת ,יח',מוצרי מכולת ,
5056784900970,5056784900970,מונסטיר Ultra Strawberry Zero ,רגיל,27,5.28,12.90,13.90,משקאות ,יח',משקאות ,
5056784903865,5056784903865,מונסטר Ultra Peachy keen Zero,רגיל,23,4.75,12.90,,משקאות ,יח',משקאות ,
5060317322122,5060317322122,משקה חלבון קרמל מלוח 330 מ"ל,רגיל,0,8.15,13.90,,משקאות ,יח',משקאות ,
5060517886486,5060517886486,מונסטר ENERGY פחית 500 מ"ל,רגיל,108,4.75,12.90,13.90,משקאות ,יח',משקאות ,
5060517886547,5060517886547,מונסטר ROSSI פחית 500 מ"ל,רגיל,45,5.28,12.90,13.90,משקאות ,יח',משקאות ,
5060639128051,5060639128051,מונסטר ultra zero  פח 500 מ"ל ,רגיל,-94,5.28,12.90,13.90,משקאות ,יח',משקאות ,
5060639129102,5060639129102,מונסטר MANGO LOCO 500מל,רגיל,-2,5.28,12.90,13.90,משקאות ,יח',משקאות ,
5060751218173,5060751218173,מונסטר Pipeline Punch,רגיל,49,5.28,12.90,13.90,משקאות ,יח',משקאות ,
5060751219033,5060751219033,מאנסטר Ultra Paradise Zero,רגיל,47,5.28,12.90,13.90,משקאות ,יח',משקאות ,
5060896624112,5060896624112,מוניסטר NITRO 500 מ""ל,רגיל,0,6.95,12.00,12.00,מוצרי מכולת ,יח',מוצרי מכולת ,
5060896625249,5060896625249,מונסטר Ultra Fiesta Zero,רגיל,53,5.28,12.90,13.90,משקאות ,יח',משקאות ,
5060902992969,5060902992969,אייס מינט ס.אלקטרונית 3000,רגיל,0,0.00,120.00,120.00,מוצרי מכולת ,יח',מוצרי מכולת ,
5060947545489,5060947545489,מונסטר משקה אנרגיה 1/12   AUSSIE,רגיל,0,6.95,11.90,12.90,משקאות ,יח',משקאות ,
5060947545816,5060947545816,משקה אנגריה בטעם אננס,רגיל,0,6.95,12.90,13.90,משקאות ,יח',משקאות ,
5060947545991,5060947545991,מונסטר Energy Nitro 500 מ""ל,רגיל,0,6.95,11.90,12.90,משקאות ,יח',משקאות ,
5060947546172,5060947546172,מונסטר אנרגיה גולד,רגיל,0,6.95,11.90,12.90,משקאות ,יח',משקאות ,
5060947546202,5060947546202,מונסטיר צהוב,רגיל,0,4.36,11.90,11.90,חטיפים מתוקים ,יח',חטיפים מתוקים ,
5060947547100,5060947547100,MONARCH מונסטר 500 מ""ל,רגיל,31,5.28,12.90,13.90,משקאות ,יח',משקאות ,
5060947547360,5060947547360,משקה אנרגיה קארטיק,רגיל,0,4.81,12.90,13.90,משקאות ,יח',משקאות ,
5061013942249,5061013942249,מונסטר Ultra Gold Zero,רגיל,44,5.28,12.90,13.90,משקאות ,יח',משקאות ,
5061013942331,5061013942331,מונסטיר GREEN ZERO פח 500 מ"ל ,רגיל,48,4.75,12.90,12.90,משקאות ,יח',משקאות ,
5061013944991,5061013944991,מונסטי כחול -לימונדה,רגיל,27,4.75,12.90,13.90,משקאות ,יח',משקאות ,
5061013948364,5061013948364,מונסטר Full Throttle Zero,רגיל,46,4.75,12.90,,משקאות ,יח',משקאות ,
5099206062856,5099206062856,עכבר אלחוטי שחור LO 2.4,רגיל,0,37.00,59.90,59.90,אבזרי סלולר ו חשמל ,יח',אבזרי סלולר ו חשמל ,
5099206062870,5099206062870,עכבר אלחוטי אדום LO2.4,רגיל,0,37.00,59.90,59.90,אבזרי סלולר ו חשמל ,יח',אבזרי סלולר ו חשמל ,
5099206108776,5099206108776,עכבר כחולה,רגיל,0,37.00,59.90,59.90,אבזרי סלולר ו חשמל ,יח',אבזרי סלולר ו חשמל ,
5099206108790,5099206108790,עכבר לבן,רגיל,0,37.00,59.90,59.90,אבזרי סלולר ו חשמל ,יח',אבזרי סלולר ו חשמל ,
5200133120926,5200133120926,גליליות וופלים 375 גרם אגוזים וקקאו,רגיל,8,11.66,17.90,17.90,חטיפים מתוקים ,יח',חטיפים מתוקים ,
5200133120933,5200133120933,גליליות וופלים 375 גרם וניל,רגיל,0,10.04,17.90,19.90,חטיפים מתוקים ,יח',חטיפים מתוקים ,
5200133120971,5200133120971,גליליות וופלים 250 גרם אגוזים וקקאו,רגיל,10,9.25,14.90,15.90,חטיפים מתוקים ,יח',חטיפים מתוקים ,
5200133120988,5200133120988,גליליות וופלים 250 גרם וניל,רגיל,27,9.25,14.90,15.90,חטיפים מתוקים ,יח',חטיפים מתוקים ,
5200133120995,5200133120995,גליליות וופלים 250 גרם לימון,רגיל,29,9.25,14.90,15.90,חטיפים מתוקים ,יח',חטיפים מתוקים ,
5201004022325,5201004022325,קפריס רולס קרם וניל 250 גרם,רגיל,12,15.00,26.90,,חטיפים מתוקים ,יח',חטיפים מתוקים ,
5201004023360,5201004023360,קפריס רולס קרם אגוזי,רגיל,10,15.00,24.90,24.90,חטיפים מתוקים ,יח',חטיפים מתוקים ,
5201360521241,5201360521241,סבן דייז,רגיל,0,2.34,4.90,4.90,חטיפים מתוקים ,יח',חטיפים מתוקים ,
5201360582280,5201360582280,קרואסון עם מילוי קרם קקאו 240 גרם 6 יח,רגיל,0,0.00,13.90,13.90,מוצרי מכולת ,יח',מוצרי מכולת ,
5201360639007,5201360639007,בייק רלס בטעם מלח 80 גרם,רגיל,4,4.10,7.90,,חטיפים מלוחים ,יח',חטיפים מלוחים ,
5201360797196,5201360797196,עוגת ספוג בציפוי בטעם שוקולד ומילוי קקרו,רגיל,0,0.00,12.90,12.90,מוצרי מכולת ,יח',מוצרי מכולת ,
5202522131919,5202522131919,כדור משחק 23 ס"מ - מפרץ ההרפתקאות,רגיל,-2,8.90,14.90,,מוצרי יום הולדת ו מתנות ,יח',מוצרי יום הולדת ו מתנות ,
5202522132596,5202522132596,כדור משחק 23 ס"מ - סטיץ' ואנג'ל,רגיל,0,8.90,14.90,,מוצרי יום הולדת ו מתנות ,יח',מוצרי יום הולדת ו מתנות ,
5202522142916,5202522142916,כדור משחק 23 ס"מ - ספיידרמן החדש,רגיל,6,8.90,14.90,,מוצרי יום הולדת ו מתנות ,יח',מוצרי יום הולדת ו מתנות ,
5208049000639,5208049000639,רוטמנס כחול ארוך,רגיל,10,27.93,39.00,39.00, כל הסיגריות,יח', כל הסיגריות,
5208049001841,5208049001841,פאל מאל דמי קפסולה מינט,רגיל,25,26.34,36.00,35.50, כל הסיגריות,יח', כל הסיגריות,
5208049004781,5208049004781,פאל מאל דמי ברי,רגיל,20,26.34,36.00,35.50, כל הסיגריות,יח', כל הסיגריות,
5208049007140,5208049007140,פאל מאל דמי אוכמניות,רגיל,7,26.34,36.00,35.50, כל הסיגריות,יח', כל הסיגריות,
5208049015251,5208049015251,קנט ארוך - חדש,רגיל,23,35.05,48.00,48.00, כל הסיגריות,יח', כל הסיגריות,
5208049015312,5208049015312,פאל מאל כחול ארוך -חדש,רגיל,0,29.47,41.00,40.00, כל הסיגריות,יח', כל הסיגריות,
5208049015343,5208049015343,פאל מאל כחול טיוב ארוך - חדש,רגיל,16,29.47,41.00,40.00, כל הסיגריות,יח', כל הסיגריות,
5410126006339,5410126006339,לוטוס,רגיל,0,0.00,8.90,8.90,מוצרי מכולת ,יח',מוצרי מכולת ,
5410126006360,5410126006360,לוטוס עוגיות במילוי קרם,רגיל,14,5.97,11.90,12.90,חטיפים מתוקים ,יח',חטיפים מתוקים ,
5410126006377,5410126006377,עוגיות סנדוויץ בטעם קרמל במילוי וניל 150,רגיל,-1,5.40,11.90,12.90,חטיפים מתוקים ,יח',חטיפים מתוקים ,
5410126037005,5410126037005,גלידת לוטוס שוקולד,רגיל,7,30.50,54.90,,גלידות ,יח',גלידות ,
5410126106022,5410126106022,דיפלומט זוגות לוטוס,רגיל,0,18.84,35.00,35.00,מוצרי מכולת ,יח',מוצרי מכולת ,
5410126106183,5410126106183,לוטוס ביס קפה,רגיל,0,0.00,0.00,0.00,מוצרי מכולת ,יח',מוצרי מכולת ,
5410126116953,5410126116953,ביסקוויט לוטוס 400ג,רגיל,5,15.20,27.90,28.90,מוצרי בית,יח',מוצרי בית,
5410126297003,5410126297003,גלידת לוטוס לבן,רגיל,7,30.50,54.90,,גלידות ,יח',גלידות ,
5410126556247,5410126556247,ביסקוויט קרמל לוטוס  155 גרם,רגיל,19,6.70,11.90,12.90,חטיפים מתוקים ,יח',חטיפים מתוקים ,
5410126806250,5410126806250,ביסקויט בטעם קרמל לוטוס 525 ג׳,רגיל,14,12.90,24.90,34.90,חטיפים מתוקים ,יח',חטיפים מתוקים ,
5410133834659,5410133834659,נייר גלגלול רזילה אדום - 100 יח,רגיל,200,0.50,3.90,,אבזרי עישון ,יח',אבזרי עישון ,
5410133834666,5410133834666,נייר גלגלול רזילה סילבר - 100 יח,רגיל,200,0.50,3.90,,אבזרי עישון ,יח',אבזרי עישון ,
5410133834673,5410133834673,נייר גלגלול רזילה כחול - 100 יח,רגיל,100,0.50,3.90,,אבזרי עישון ,יח',אבזרי עישון ,
5411188110835,5411188110835,חלב שקדים,רגיל,0,12.32,18.90,18.90,מוצרי בית,יח',מוצרי בית,
5411188115366,5411188115366,אלפרו שיבולת שועל,רגיל,0,12.48,15.00,15.00,מוצרי מכולת ,יח',מוצרי מכולת ,
5411188115434,5411188115434,אלפרו סויה משקה בריסטה,רגיל,0,8.36,15.00,15.00,מוצרי מכולת ,יח',מוצרי מכולת ,
5411188121978,5411188121978,אלפרו משקה סויה שוקו,רגיל,0,10.58,18.00,18.00,מוצרי מכולת ,יח',מוצרי מכולת ,
5411188127697,5411188127697,אלפרו בריסטה שיבולת,רגיל,-1,12.48,16.00,16.00,מוצרי מכולת ,יח',מוצרי מכולת ,
5411188129899,5411188129899,אלפרו סויה שקדים,רגיל,0,12.48,15.00,15.00,מוצרי מכולת ,יח',מוצרי מכולת ,
5411188134985,5411188134985,אלפרו 3.5% שומן,רגיל,24,10.01,13.90,13.90,מוצרי מקרר ,יח',מוצרי מקרר ,
5411188134985,5411188134985,אלפרו 3.5% שומן,רגיל,24,10.01,13.90,13.90,מוצרי מקרר ,יח',מוצרי מקרר ,
5411188135005,5411188135005,אלפרו 1.8%,רגיל,0,9.18,18.00,18.00,מוצרי מכולת ,יח',מוצרי מכולת ,
5411188543398,5411188543398,אלפרו משקה סויה,רגיל,-1,7.67,13.00,13.00,מוצרי מכולת ,יח',מוצרי מכולת ,
5413149655522,5413149655522,אריאל אבקת כביסה שושן 1.25 ק״ג,רגיל,0,10.00,17.90,18.90,מוצרי ניקיון ו טיפוח אישי,יח',מוצרי ניקיון ו טיפוח אישי,
5413149798977,5413149798977,נוזל כלים פיירי,רגיל,0,7.90,17.90,18.90,מוצרי ניקיון ו טיפוח אישי,יח',מוצרי ניקיון ו טיפוח אישי,
5413548280189,5413548280189,קינדר Schoko Bons,רגיל,3,12.20,16.90,22.90,חטיפים מתוקים ,יח',חטיפים מתוקים ,
5413548280585,5413548280585,פררו קינדר שוקו בון 200 גרם (,רגיל,0,13.56,19.90,19.90,חטיפים מתוקים ,יח',חטיפים מתוקים ,
5449000000996,5449000000996,קולה 330 מ''ל,רגיל,-1,0.00,0.00,0.00,מוצרי מכולת ,יח',מוצרי מכולת ,
5449000011527,5449000011527,פאנטה אורנג 330 מ''ל,רגיל,0,0.00,0.00,0.00,מוצרי מכולת ,יח',מוצרי מכולת ,
5449000054104,5449000054104,פאנטה אקזוטי 330 מ''ל,רגיל,0,0.00,0.00,0.00,מוצרי מכולת ,יח',מוצרי מכולת ,
5449000131805,5449000131805,קולה זירו 330 מ''ל,רגיל,0,0.00,0.00,0.00,מוצרי מכולת ,יח',מוצרי מכולת ,
5449000133335,5449000133335,קולה זירו 1.5,רגיל,72,6.25,10.00,10.00,מוצרי מכולת ,יח',מוצרי מכולת ,
5520807798011,5208077980118,קרואסוןן במילוי קרם בטעם קקוא ,רגיל,8,2.43,4.90,,חטיפים מתוקים ,יח',חטיפים מתוקים ,
5600289150318,5600289150318,ציפס תפוח עץ מיובש,רגיל,0,2.99,5.00,5.00,מוצרי מכולת ,יח',מוצרי מכולת ,
5600289150332,5600289150332,תפוח עץ מיובש,רגיל,0,2.99,5.00,5.00,מוצרי מכולת ,יח',מוצרי מכולת ,
5600289150349,5600289150349,מיקס תפוחי עץ וקוקוס מיובשים,רגיל,0,2.99,5.00,5.00,מוצרי מכולת ,יח',מוצרי מכולת ,
5600289150356,5600289150356,מיקס תפוחי עץ מיובשים,רגיל,0,2.99,5.00,5.00,מוצרי מכולת ,יח',מוצרי מכולת ,
5601045300022,5601045300022,גוארנה 330,רגיל,0,3.89,6.00,6.00,מוצרי מכולת ,יח',מוצרי מכולת ,
5701397312381,5701397312381,ציפס קריספי מלח פלפל 150 ג,רגיל,0,8.50,14.90,14.90,מוצרי בית,יח',מוצרי בית,
5701397312398,5701397312398,ציפס קריספי פפריקה 150ג,רגיל,0,8.50,14.90,14.90,מוצרי בית,יח',מוצרי בית,
5701932026964,5701932026964,הוטפופ ט.טבעי בתוספת מלח,רגיל,15,10.90,18.50,,חטיפים מלוחים ,יח',חטיפים מלוחים ,
5701932026971,5701932026971,הוט פופ חמאה,רגיל,17,10.90,18.50,18.50,מוצרי מכולת ,יח',מוצרי מכולת ,
5707055045158,5707055045158,אוזניה אלחוטית בלוטוס,רגיל,0,0.00,120.00,120.00,מוצרי מכולת ,יח',מוצרי מכולת ,
5710840116827,5710840116827,נייר גלגול בלי שאג,רגיל,91,0.01,6.00,6.00,אבזרי עישון ,יח',אבזרי עישון ,
5710840209437,5710840209437,טבק באלי שאג חום 40 גרם,רגיל,1,89.37,116.00,116.00, כל הסיגריות,יח', כל הסיגריות,
5710840210013,5710840210013,טבק באלי שאג לבן 40 גרם,רגיל,46,89.37,116.00,116.00, כל הסיגריות,יח', כל הסיגריות,
5711953023958,5711953023958,סטארבקס קאפוצ'ינו,רגיל,0,7.46,13.90,13.90,מוצרי מקרר ,יח',מוצרי מקרר ,
5711953100345,5711953100345,סטאר באקס לאטיה ללא סוכר,רגיל,0,0.00,12.00,12.00,מוצרי מכולת ,יח',מוצרי מכולת ,
5711953160363,5711953160363,סטארבקס פרפוצינו ערביקה  250 מ""ל.,רגיל,5,10.50,13.90,13.90,מוצרי מקרר ,יח',מוצרי מקרר ,
5711953160370,5711953160370,סטארבקס פרפוצינו קרמל 250 מ""ל.,רגיל,0,10.48,13.90,13.90,מוצרי מקרר ,יח',מוצרי מקרר ,
5711953160387,575711953160387,סטארבקס פרפוצינו קפה 250 מ""ל.,רגיל,0,8.04,13.90,13.90,מוצרי מקרר ,יח',מוצרי מקרר ,
5711953172441,5711953172441,סטארבקס פרפוצינו קרם עוגיות  250 מ""ל.,רגיל,0,7.46,13.90,13.90,מוצרי מקרר ,יח',מוצרי מקרר ,
5740900403215,5740900403215,חמאה לורפק עם מלח,רגיל,-1,13.81,23.90,23.90,מוצרי מקרר ,יח',מוצרי מקרר ,
5740900403239,5740900403239,חמאת לורפק ללא מלח,רגיל,-2,13.81,23.90,23.90,מוצרי מקרר ,יח',מוצרי מקרר ,
5760466997027,5760466997027,סטאר באקס קרמל,רגיל,0,0.00,12.00,12.00,מוצרי מכולת ,יח',מוצרי מכולת ,
5760466997164,5760466997164,סטאר באקס לאטיה,רגיל,0,0.00,12.00,12.00,מוצרי מכולת ,יח',מוצרי מכולת ,
5900020012814,5900020012814,נסקוויק דגנים,רגיל,14,14.60,27.90,,מוצרי בית,יח',מוצרי בית,
5900020015174,5900020015174,פיטנס חטיף דגנים בוקר שוקולד,רגיל,0,12.15,19.90,,חטיפים מתוקים ,יח',חטיפים מתוקים ,
5900020015181,5900020015181,חטיף דגני בוקר-שוקולד,רגיל,0,0.00,6.00,6.00,מוצרי מכולת ,יח',מוצרי מכולת ,
5900020018892,5900020018892,חטיף דגני בוקר קרם עוגיות,רגיל,0,0.00,6.00,6.00,מוצרי מכולת ,יח',מוצרי מכולת ,
5900020018908,,פיטנס חטיף דגנים,רגיל,0,0.00,0.00,,חטיפים מלוחים ,יח',חטיפים מלוחים ,
5900020020710,5900020020710,קראנץ בר שוקו וניל ח. דגנ. מארז 8 6*25ג,רגיל,10,10.50,16.90,16.90,חטיפים מתוקים ,יח',חטיפים מתוקים ,
5900020020741,5900020020741,נסקוויק בר דגנים מקסישוק,רגיל,3,8.49,16.90,,חטיפים מתוקים ,יח',חטיפים מתוקים ,
5900020022325,5900020022325,וסיני מיניס חטיף דגנים מאח. 8 6*25גרם N5,רגיל,0,12.15,19.90,19.90,חטיפים מתוקים ,יח',חטיפים מתוקים ,
5900020023021,5900020023021,מארז פיטנס חטיף דגנים שוקו בננה,רגיל,0,0.00,0.00,,מוצרי מכולת ,יח',מוצרי מכולת ,
5900020025807,5900020025807,סיני מיניס,רגיל,0,0.00,14.90,14.90,מוצרי מכולת ,יח',מוצרי מכולת ,
5900020026859,5900020026859,ציריוס האני נאט,רגיל,0,0.00,14.90,14.90,מוצרי מכולת ,יח',מוצרי מכולת ,
5900020029669,5900020029669,מארז חטיף פיטנס דגנים פירות יער,רגיל,0,12.15,19.90,,חטיפים מלוחים ,יח',חטיפים מלוחים ,
5900020031877,5900020031877,ציריוס האני חטיף דגנים,רגיל,0,0.00,0.00,,חטיפים מלוחים ,יח',חטיפים מלוחים ,
5900020033314,5900020033314,וליון חטיף דגנים מאח. 8 6*25גרם חדש,רגיל,0,12.15,17.90,17.90,חטיפים מתוקים ,יח',חטיפים מתוקים ,
5900020033482,5900020033482,פיטנס שקדים ודבש,רגיל,0,0.00,19.90,19.90,מוצרי מכולת ,יח',מוצרי מכולת ,
5900020034021,5900020034021,פיטנס שוקולד בננה,רגיל,0,12.15,19.90,19.90,חטיפים מתוקים ,יח',חטיפים מתוקים ,
5900020039590,5900020039590,חטיף דגנים פטניס בוקר,רגיל,0,12.15,19.90,,חטיפים מתוקים ,יח',חטיפים מתוקים ,
5900020039613,5900020039613,פיטנס דגנים דבש,רגיל,0,0.00,5.00,5.00,מוצרי מכולת ,יח',מוצרי מכולת ,
5900130032962,5900130032962,גלידה אוראו שלגון 110 מ"ל ,רגיל,0,8.00,12.90,12.90,גלידות ,יח',גלידות ,
5900130035437,5900130035437,גלידה קיט קאט אילון 110 מ"ל ,רגיל,0,7.50,12.90,12.90,גלידות ,יח',גלידות ,
5900130038803,5900130038803,גלידה מילקה תות ,רגיל,1,8.05,12.90,12.90,גלידות ,יח',גלידות ,
5900130039282,5900130039282,גלידה טילון ליון ,רגיל,0,7.50,12.90,12.90,גלידות ,יח',גלידות ,
5900238734027,5900238734027,פילטר 6 ארוך סטאר 1/30,רגיל,60,1.34,6.90,6.90,אבזרי עישון ,יח',אבזרי עישון ,
5900238734034,5900238734034,פילטר 5.3 ארוך סטאר 1/30,רגיל,4,1.50,6.90,6.90,אבזרי עישון ,יח',אבזרי עישון ,
5900238734041,5900238734041,פילטר 7,רגיל,27,1.49,7.00,7.00,אבזרי עישון ,יח',אבזרי עישון ,
5900238734249,5900238734249,פילטר 6 קצר,רגיל,34,1.28,7.00,7.00,אבזרי עישון ,יח',אבזרי עישון ,
5900617035882,5900617035882,פרוטאין מקס  33גרם -שוקולד ,רגיל,0,5.20,9.90,,חטיפים מתוקים ,יח',חטיפים מתוקים ,
5900617035905,5900617035905,פרוטאין מקס  33גרם קרמל מלוח ,רגיל,0,5.20,9.90,,חטיפים מתוקים ,יח',חטיפים מתוקים ,
5900951140303,5900951140303,M&m חום,רגיל,41,3.84,6.90,6.90,חטיפים מתוקים ,יח',חטיפים מתוקים ,
5900951283956,5900951283956,סניקרם חמאת בוטנים,רגיל,0,3.36,7.00,7.00,מוצרי מכולת ,יח',מוצרי מכולת ,
5900951307249,5900951307249,בוטנים 45 גרם M&M,רגיל,51,3.84,6.90,,חטיפים מתוקים ,יח',חטיפים מתוקים ,
5900951310379,5900951310379,סניקרס קרימי בוטנים 36 גרם,רגיל,1,2.21,5.90,6.90,חטיפים מתוקים ,יח',חטיפים מתוקים ,
5900951316227,5900951316227,Mַַ&M שוקלד 150 גרם,רגיל,3,9.20,15.90,15.90,חטיפים מתוקים ,יח',חטיפים מתוקים ,
5900951316272,5900951316272,Mַַ&M בוטנים 150 גרם,רגיל,6,10.89,15.90,16.90,חטיפים מתוקים ,יח',חטיפים מתוקים ,
5901414200411,5901414200411,באלזן היט מיני קקאו 130 גרם,רגיל,0,5.32,9.90,9.90,חטיפים מתוקים ,יח',חטיפים מתוקים ,
5902047174209,5902047174209,"פילטר 5,3 קצר",רגיל,82,1.49,7.00,7.00,אבזרי עישון ,יח',אבזרי עישון ,
5902047174261,5900238734171,פילטר 6 ארוך,רגיל,-146,1.28,7.00,7.00,אבזרי עישון ,יח',אבזרי עישון ,
5902047174278,5902047174278,פילטר סילבר סטאר 6\22,רגיל,120,1.10,6.90,,אבזרי עישון ,יח',אבזרי עישון ,
5902047174308,5902047174308,פילטר 7/22 100 יח',רגיל,12,1.28,7.00,7.00,אבזרי עישון ,יח',אבזרי עישון ,
5902047174315,5902047174315,פילטר סילבר סטאר 7\22 ,רגיל,60,1.10,6.90,,אבזרי עישון ,יח',אבזרי עישון ,
5902047179167,5902047179167,פילטר 5/22 ארוך ,רגיל,-83,1.49,7.00,7.00,אבזרי עישון ,יח',אבזרי עישון ,
5902047179174,5902047179174,פילטר סילבר סטאר 5.3\22 ,רגיל,90,1.27,6.90,,אבזרי עישון ,יח',אבזרי עישון ,
5902198160403,5902198160403,משקה אנרגיה XL קלוריות -10 ללס 250 מ״ל ,רגיל,870,2.33,7.00,8.00,משקאות ,יח',משקאות ,
5902854109661,5902854109661,משקה TMAX מוחיטו נענע 250 מ"ל,רגיל,88,2.30,6.90,,משקאות ,יח',משקאות ,
5904941750312,5904941750312,בלו אנרגיה מוחיטו 250 מ"ל,רגיל,843,2.01,6.90,7.90,משקאות ,יח',משקאות ,
5904941751302,5904941751302,בלו רגיל 250 מ""ל,רגיל,641,2.01,6.90,7.90,משקאות ,יח',משקאות ,
5904941751371,5904941751371,בלו אנרגיה אקזוטיק (ירוק בהיר ) 250 מ""ל,רגיל,28,2.04,6.90,7.90,משקאות ,יח',משקאות ,
5904941751524,5904941751524,בלו אבטיח 250 מ״ל,רגיל,368,2.01,6.90,7.90,משקאות ,יח',משקאות ,
5904941751715,5904941751715,בלו פירות יער 250 מ"ל,רגיל,79,2.01,6.90,6.90,מוצרי מכולת ,יח',מוצרי מכולת ,
5904941751920,5904941751920,בלו דיי אנרגיה 250 מ"ל,רגיל,731,2.01,6.90,7.90,משקאות ,יח',משקאות ,
5904941751975,5904941751975,בלו ענבים 250 מ"ל,רגיל,169,2.01,6.90,6.90,משקאות ,יח',משקאות ,
5904941752262,5904941752262,בלו ללא סוכר,רגיל,0,0.00,5.00,5.00,מוצרי מכולת ,יח',מוצרי מכולת ,
5905991028208,5905991028208,Cube world mag,רגיל,-3,6.00,15.00,,תכשיטים לילדות קטנות ,יח',תכשיטים לילדות קטנות ,
5906441350603,5906441350603,משקה בלו 700 מ''ל,רגיל,0,0.00,14.90,14.90,מוצרי מכולת ,יח',מוצרי מכולת ,
5906441350610,5906441350610,משקה בלו מוחיטו 700 מ''ל,רגיל,0,0.00,14.90,14.90,מוצרי מכולת ,יח',מוצרי מכולת ,
5906441350627,5906441350627,משקה בלו דיי 700 מ''ל,רגיל,0,0.00,14.90,14.90,מוצרי מכולת ,יח',מוצרי מכולת ,
5906485301012,5906485301012,משקה אנרגיה 250 מ״ל XL,רגיל,3649,2.33,6.90,7.90,משקאות ,יח',משקאות ,
5906850090275,5906850090275,"פילטר 5,3 ארוך",רגיל,40,1.49,6.90,,אבזרי עישון ,יח',אבזרי עישון ,
5910622005012,5010622005012,חוט דנטלי ללא שעווה 50 מ,רגיל,20,11.78,17.90,18.80,מוצרי בית,יח',מוצרי בית,
5997270730339,5997270730339,שלישיית עצי ריח יהלום שחור ארטוס,רגיל,0,0.00,10.00,10.00,מוצרי מכולת ,יח',מוצרי מכולת ,
5997270780068,5997270780068,שלישיית עצי ריח PALOMA,רגיל,0,0.00,10.00,10.00,מוצרי מכולת ,יח',מוצרי מכולת ,
5999571055722,5999571055722,הל משקה אנרגיה קלאסי 250 מל,רגיל,298,1.60,7.90,8.90,משקאות ,יח',משקאות ,
5999571055739,5999571055739,הל משקה אנרגיה קלאסי 250 מל,רגיל,56,1.60,7.90,7.90,משקאות ,יח',משקאות ,
6001067022558,6001067022558,מברשת שיניים בודדת,רגיל,0,3.78,10.00,10.00,מוצרי מכולת ,יח',מוצרי מכולת ,
6001087364621,6001087364621,AXE סטוב פריש,רגיל,0,8.50,20.00,20.00,מוצרי מכולת ,יח',מוצרי מכולת ,
6001087364669,6001087364669,AXE דודורנט,רגיל,0,8.50,20.00,20.00,מוצרי מכולת ,יח',מוצרי מכולת ,
6001889062091,6001889062091,טלפונקן קומקום זכוכית 1.8,רגיל,-2,34.00,49.90,,מוצרי חצר תחנה ,יח',מוצרי חצר תחנה ,
6008165003984,6008165003984,פאל מאל כחול טיוב-פילטר קצר,רגיל,16,29.47,41.00,40.00, כל הסיגריות,יח', כל הסיגריות,
6008165271192,6008165271192,פאל מאל אדום ארוך,רגיל,12,29.47,41.00,40.00, כל הסיגריות,יח', כל הסיגריות,
6008165276098,6008165276098,רוטמנס כחול קצר,רגיל,10,27.93,39.00,39.00, כל הסיגריות,יח', כל הסיגריות,
6009188004828,6009188004828,קיט קאט צ'אנקי לבן,רגיל,2,1.90,4.90,7.90,חטיפים מתוקים ,יח',חטיפים מתוקים ,
6009704356653,6009704356653,HB להב ישר,רגיל,0,0.00,0.00,0.00,מוצרי מכולת ,יח',מוצרי מכולת ,
6009710734476,6009710734476,מכונת מחקים בנים קנדי,רגיל,1,10.00,19.90,19.90,תכשיטים לילדות קטנות ,יח',תכשיטים לילדות קטנות ,
6009710734483,6009710734483,סט לקים קנדי,רגיל,0,10.00,20.00,20.00,תכשיטים לילדות קטנות ,יח',תכשיטים לילדות קטנות ,
6009710737194,6009710737194,מדבקות ציפורניים קנדי,רגיל,0,7.50,14.90,14.90,תכשיטים לילדות קטנות ,יח',תכשיטים לילדות קטנות ,
6009710737200,6009710737200,מדבקות עגילים קנדי,רגיל,0,7.50,14.90,14.90,תכשיטים לילדות קטנות ,יח',תכשיטים לילדות קטנות ,
6009900313979,6009900313979,ציפורניים להדבקה קנדי,רגיל,0,7.50,15.00,15.00,תכשיטים לילדות קטנות ,יח',תכשיטים לילדות קטנות ,
6009900313993,6009900313993,ערכת ציפורניים גליטר קנדי,רגיל,0,15.00,30.00,30.00,תכשיטים לילדות קטנות ,יח',תכשיטים לילדות קטנות ,
6206759721004,5206759721004,סוכריות ג׳לי אקזוטי 700 ,רגיל,6,9.90,14.90,15.90,חטיפים מתוקים ,יח',חטיפים מתוקים ,
6253504180394,6253504180394,כוסות OC 180,רגיל,0,2.00,5.90,5.90,חד פעמי,יח',חד פעמי,
6253505511715,6253505511715,מלפפונים במלח 7-9 גדול בינוני,רגיל,0,0.00,5.90,5.90,מוצרי מכולת ,יח',מוצרי מכולת ,
6253505512545,6253505512545,חצילים,רגיל,0,0.00,7.00,7.00,מוצרי מכולת ,יח',מוצרי מכולת ,
6253803330124,6253803330124,טישון,רגיל,0,2.00,4.90,5.90,מוצרי ניקיון ו טיפוח אישי,יח',מוצרי ניקיון ו טיפוח אישי,
6253810840241,6253810840241,טיששון ,רגיל,0,2.00,5.00,5.00,מוצרי מכולת ,יח',מוצרי מכולת ,
6254000554320,6254000554320,טישון ,רגיל,0,2.00,5.00,5.00,מוצרי מכולת ,יח',מוצרי מכולת ,
6255425742552,6255425742552,בונדוק אקסטרה ,רגיל,10,1.66,2.90,3.90,חטיפים מלוחים ,יח',חטיפים מלוחים ,
6256880202025,6256880202025,נייר כסף לנרגילה,רגיל,9,5.50,10.00,10.00,אבזרי עישון ,יח',אבזרי עישון ,
6287042282548,6287042282548,Sense Lavern Perfume,רגיל,4,45.00,79.90,,תכשיטים לילדות קטנות ,יח',תכשיטים לילדות קטנות ,
6290360591421,6290360591421,Yara Gold,רגיל,4,45.00,90.00,,תכשיטים לילדות קטנות ,יח',תכשיטים לילדות קטנות ,
6290360598666,6290360598666,Asad Lattafa,רגיל,2,45.00,90.00,,תכשיטים לילדות קטנות ,יח',תכשיטים לילדות קטנות ,
6291106066890,6291106066890,בושם ANA ABIYEDH,רגיל,0,0.00,99.00,99.00,מוצרי מכולת ,יח',מוצרי מכולת ,
6291108730515,6291108730515,Yara Pink,רגיל,3,45.00,90.00,,תכשיטים לילדות קטנות ,יח',תכשיטים לילדות קטנות ,
6291108735411,6291108735411,Asad Lattafa 2,רגיל,0,45.00,90.00,,תכשיטים לילדות קטנות ,יח',תכשיטים לילדות קטנות ,
6294002405022,6294002405022,מיונז הירמן,רגיל,0,0.00,15.00,15.00,מוצרי מכולת ,יח',מוצרי מכולת ,
6295199790861,6295199790861,Bint Hooran בושם דובאי לאישה 20מ״ל - מארז12 יח׳,רגיל,8,9.00,14.90,14.90,בדיקה ,יח',בדיקה ,
6295199790892,6295199790892,Ana Abiyedh בושם דובאי יוניסקס 20 מ״ל - מארז12 יח׳,רגיל,2,9.00,14.90,14.90,בדיקה ,יח',בדיקה ,
6295199792261,6295199792254,Al Sayaad בושם דובאי לגבר 20 מ״ל - מארז 12יח׳,רגיל,4,9.00,14.90,14.90,בדיקה ,יח',בדיקה ,
6500459882850,6500459882850,ריליף לבן,רגיל,0,56.00,90.00,90.00,מוצרי מכולת ,יח',מוצרי מכולת ,
6695681732070,6695681732070,שוקלד דובאי ,רגיל,0,34.50,44.90,44.90,חטיפים מתוקים ,יח',חטיפים מתוקים ,
6720201200200,6720201200200,זרוע SKY JET J200,רגיל,0,9.99,29.90,29.90,אבזרי סלולר ו חשמל ,יח',אבזרי סלולר ו חשמל ,
6720201202600,6720201202600,זרוע SKY JET,רגיל,0,9.99,29.90,29.90,אבזרי סלולר ו חשמל ,יח',אבזרי סלולר ו חשמל ,
6720201203300,6720201203300,זרוע EAZY JET J300,רגיל,0,21.37,60.00,60.00,מוצרי מכולת ,יח',מוצרי מכולת ,
6720201206455,6720201206455,זרוע SKY JET J600,רגיל,1,10.00,29.90,29.90,אבזרי סלולר ו חשמל ,יח',אבזרי סלולר ו חשמל ,
6865372536144,6865372536144,Flammingo Water,רגיל,23,6.00,15.00,,תכשיטים לילדות קטנות ,יח',תכשיטים לילדות קטנות ,
6900000058268,6900000058268,רשת עבה למנגל גדול,רגיל,16,17.00,29.90,,מוצרי חצר תחנה ,יח',מוצרי חצר תחנה ,
6900082216365,6900082216365,Ball Gun,רגיל,1,7.00,20.00,,תכשיטים לילדות קטנות ,יח',תכשיטים לילדות קטנות ,
6900199608947,6900199608947,Peshiman,רגיל,8,9.00,20.00,,תכשיטים לילדות קטנות ,יח',תכשיטים לילדות קטנות ,
6902023002112,6902023002112,MEN BAG 1,רגיל,4,45.00,89.90,,תכשיטים לילדות קטנות ,יח',תכשיטים לילדות קטנות ,
6902375270016,163054300462,מאפרה לרכב ,רגיל,2,7.50,10.00,10.00,אבזרי עישון ,יח',אבזרי עישון ,
6902680831210,6902680831210,אוזניות חוט 3.5 סדרת איירון מן - שחור,רגיל,4,9.00,24.90,,אבזרי סלולר ו חשמל ,יח',אבזרי סלולר ו חשמל ,
6903684512385,6903684512385,מגן  לנייד,רגיל,0,15.00,39.90,39.90,אבזרי סלולר ו חשמל ,יח',אבזרי סלולר ו חשמל ,
6908235694404,6908235694404,אוזניות מיקרפון ARTOS 3.5 mm,רגיל,0,0.00,19.90,19.90,מוצרי מכולת ,יח',מוצרי מכולת ,
6910680855018,6920680855018,כבל טעינה - איפון טי פי סי ,רגיל,0,7.00,19.90,19.90,אבזרי סלולר ו חשמל ,יח',אבזרי סלולר ו חשמל ,
6911334003299,6911334003299,סוללות שלט אריזה,רגיל,0,3.30,10.00,10.00,מוצרי מכולת ,יח',מוצרי מכולת ,
6911334335048,6911334335048,סוללות פיירדיר זוג 5048,רגיל,0,19.40,28.90,28.90,אבזרי סלולר ו חשמל ,יח',אבזרי סלולר ו חשמל ,
6911334335062,6911334335062,2 סללות משקל,רגיל,0,0.00,10.00,10.00,מוצרי מכולת ,יח',מוצרי מכולת ,
6911334335079,6911334335079,סוללות פיירדיר זוג כפתור,רגיל,-1,4.00,9.90,9.90,מוצרי  אלקטרונים ,יח',מוצרי  אלקטרונים ,
6911334335086,6911334335086,סוללות פיירדיר זוג כפתור CR,רגיל,14,2.50,10.00,10.00,מוצרי  אלקטרונים ,יח',מוצרי  אלקטרונים ,
6911334344484,6911334344484,מארז 4 בטריות AA,רגיל,0,0.00,10.00,10.00,מוצרי מכולת ,יח',מוצרי מכולת ,
6911334841419,6911334841419,סוללות פיירדיר אלקליין,רגיל,0,0.00,9.90,9.90,מוצרי מכולת ,יח',מוצרי מכולת ,
6911334941416,6911334941416,סוללת פיירדיר לשלט,רגיל,0,0.00,9.90,9.90,מוצרי מכולת ,יח',מוצרי מכולת ,
6911820005981,6911820005981,Women Straw Hat,רגיל,4,12.50,30.00,,תכשיטים לילדות קטנות ,יח',תכשיטים לילדות קטנות ,
6913245102917,6913245102917,גרינלדה,רגיל,0,0.00,100.00,100.00,מוצרי מכולת ,יח',מוצרי מכולת ,
6913245107530,6913245107530,שואב אבק לרכב,רגיל,0,0.00,150.00,150.00,מוצרי מכולת ,יח',מוצרי מכולת ,
6913687680011,6913687680011,Puff Ball,רגיל,23,4.00,10.00,,תכשיטים לילדות קטנות ,יח',תכשיטים לילדות קטנות ,
6914723010021,6914723010021,Swimming Hat,רגיל,16,7.00,15.00,,תכשיטים לילדות קטנות ,יח',תכשיטים לילדות קטנות ,
6918551807884,6918551807884,קינוח בטעם וניל עם שומשום,רגיל,15,8.47,14.90,,גלידות ,יח',גלידות ,
6918551814240,6918551814240,קינוח בטעם תפוז יוגורט,רגיל,17,8.47,14.90,,גלידות ,יח',גלידות ,
6918551815551,6918551815551,קינוח בטעם ענבים בריגמוט,רגיל,13,8.47,14.90,,גלידות ,יח',גלידות ,
6920240760738,6920240760738,DIN BLUE,רגיל,4,12.00,31.00,,תכשיטים לילדות קטנות ,יח',תכשיטים לילדות קטנות ,
6920240760790,6920240760790,DIN PINK,רגיל,2,12.00,31.00,,תכשיטים לילדות קטנות ,יח',תכשיטים לילדות קטנות ,
6920250121215,6920250121215,Men Bag 6,רגיל,0,35.00,70.00,,תכשיטים לילדות קטנות ,יח',תכשיטים לילדות קטנות ,
6920250121222,6920250121222,Men Bag 7,רגיל,2,35.00,70.00,,תכשיטים לילדות קטנות ,יח',תכשיטים לילדות קטנות ,
6920250121246,6920250121246,Men Bag 5,רגיל,0,0.00,0.00,,תכשיטים לילדות קטנות ,יח',תכשיטים לילדות קטנות ,
6920250121253,6920250121253,Men Bag 8,רגיל,2,35.00,69.90,,תכשיטים לילדות קטנות ,יח',תכשיטים לילדות קטנות ,
6920250121291,6920250121291,Men Bag 4,רגיל,2,35.00,70.00,,תכשיטים לילדות קטנות ,יח',תכשיטים לילדות קטנות ,
6920251026175,6920251026175,Sparkle Girls,רגיל,5,10.00,25.00,,תכשיטים לילדות קטנות ,יח',תכשיטים לילדות קטנות ,
6920510504345,6920510504345,סוויט בוקס דסני פרוזן1,רגיל,0,7.88,15.00,15.00,מוצרי מכולת ,יח',מוצרי מכולת ,
6920510504369,6920510504369,סוויט בוקס אדום מכוניות,רגיל,0,7.88,15.00,15.00,מוצרי מכולת ,יח',מוצרי מכולת ,
6920510504420,6920510504420,סוויט בוקס ספיידרמן,רגיל,0,7.88,15.00,15.00,מוצרי מכולת ,יח',מוצרי מכולת ,
6920680807109,6920680807109,אוזניות חוט נשלפת BE21 לבן,רגיל,0,55.00,64.90,,מוצרי שימוש מטבח -חנות ,יח',מוצרי שימוש מטבח -חנות ,
6920680827701,6920680827701,כבל שזור AUX To Type Lightning XO - שחור,רגיל,2,18.00,34.90,,אבזרי סלולר ו חשמל ,יח',אבזרי סלולר ו חשמל ,
6920680830671,6920680830671,"מטען נייד 65W 20,0000",רגיל,5,149.00,249.90,,אבזרי סלולר ו חשמל ,יח',אבזרי סלולר ו חשמל ,
6920680831098,6920680831098,אוזניות חוט AUX לבן EP58,רגיל,-3,8.00,59.90,,מוצרי שימוש מטבח -חנות ,יח',מוצרי שימוש מטבח -חנות ,
6920680831210,6920680831210,אוזניות חוט 3.5 EP59 XO שחור,רגיל,1,9.00,59.90,,מוצרי שימוש מטבח -חנות ,יח',מוצרי שימוש מטבח -חנות ,
6920680831227,6920680831227,אוזניות חוט 3.5 סדרת איירון מן - לבן,רגיל,4,9.00,24.90,,אבזרי סלולר ו חשמל ,יח',אבזרי סלולר ו חשמל ,
6920680831746,6920680831746,"מטען נייד 10,000 MAH - לבן",רגיל,2,59.00,99.90,,אבזרי סלולר ו חשמל ,יח',אבזרי סלולר ו חשמל ,
6920680833184,6920680833184,זרוע לאופניים - (XO (C113,רגיל,0,31.20,59.90,59.90,אבזרי סלולר ו חשמל ,יח',אבזרי סלולר ו חשמל ,
6920680833412,6920680833412,כבל טינה - USP TO  IP,רגיל,0,4.50,17.90,17.90,אבזרי סלולר ו חשמל ,יח',אבזרי סלולר ו חשמל ,
6920680833436,6920680833436,כבל טעינה USB TO TYPE -C ,רגיל,0,4.50,17.90,17.90,אבזרי סלולר ו חשמל ,יח',אבזרי סלולר ו חשמל ,
6920680834655,6920680834655,סוללת גיבוי XO (PR191) - 10K 20W לבן,רגיל,0,49.00,99.90,,אבזרי סלולר ו חשמל ,יח',אבזרי סלולר ו חשמל ,
6920680835331,6920680835331,זרוע מתכווננת לאופנוע 360 XO(C118),רגיל,2,43.80,89.90,89.90,אבזרי סלולר ו חשמל ,יח',אבזרי סלולר ו חשמל ,
6920680840434,6920680840434,ראש טעינה כפול לרכב כבל - XO18W 12W TYPE C (CC55),רגיל,0,22.50,49.90,49.90,אבזרי סלולר ו חשמל ,יח',אבזרי סלולר ו חשמל ,
6920680844593,6920680844593,כבל לטעינה (NB249) לבן USB TO TYPE-C,רגיל,2,6.00,24.90,,אבזרי סלולר ו חשמל ,יח',אבזרי סלולר ו חשמל ,
6920680845750,6920680845750,מעמד מגנטי לרכב 360 - XO(C133),רגיל,0,27.50,49.90,49.90,אבזרי סלולר ו חשמל ,יח',אבזרי סלולר ו חשמל ,
6920680846153,6920680846153,סוללת גיבוי XO (PR217) - 10K 22.5W כתום,רגיל,0,49.00,99.90,,אבזרי סלולר ו חשמל ,יח',אבזרי סלולר ו חשמל ,
6920680854349,6920680854349,רמקול בלוטוס נייד - כתום,רגיל,2,49.00,99.90,,אבזרי סלולר ו חשמל ,יח',אבזרי סלולר ו חשמל ,
6920680857654,6920680857654,זרוע לרכב לתופסן הכוסות - XO(C146),רגיל,0,35.00,59.90,59.90,אבזרי סלולר ו חשמל ,יח',אבזרי סלולר ו חשמל ,
6920680857708,6920680857708,אוזניות חוט חיבור USB To Type C - לבן,רגיל,3,16.00,34.90,,אבזרי סלולר ו חשמל ,יח',אבזרי סלולר ו חשמל ,
6920680858071,6920680858071,מעמד לרכב ברזל מתכוונן - XO(C148),רגיל,0,56.20,89.90,89.90,אבזרי סלולר ו חשמל ,יח',אבזרי סלולר ו חשמל ,
6920680858279,6920680858279,אוזניות קשת בלוטוס - XO (BE45) שחור,רגיל,2,59.00,119.90,,אבזרי סלולר ו חשמל ,יח',אבזרי סלולר ו חשמל ,
6920680858293,6920680858293,אוזניות קשת בלוטוס - XO (BE45) ירוק,רגיל,2,59.00,119.90,,אבזרי סלולר ו חשמל ,יח',אבזרי סלולר ו חשמל ,
6920680859085,6920680859085,רמקול בלוטוס + וותלייה - שחור,רגיל,2,39.00,69.90,,אבזרי סלולר ו חשמל ,יח',אבזרי סלולר ו חשמל ,
6920680859108,6920680859108,רמקול בלוטוס + וותךייה - כחול,רגיל,1,39.00,69.90,,אבזרי סלולר ו חשמל ,יח',אבזרי סלולר ו חשמל ,
6920680859160,6920680859160,מעמד לרכב דשבורד - (XO (C150,רגיל,0,22.50,49.90,49.90,אבזרי סלולר ו חשמל ,יח',אבזרי סלולר ו חשמל ,
6920680860203,6920680860203,כבל AUX To Type C XO - לבן,רגיל,0,14.00,29.90,,אבזרי סלולר ו חשמל ,יח',אבזרי סלולר ו חשמל ,
6920680863846,6920680863846,כבל טעינה USB ,רגיל,0,8.00,24.90,24.90,אבזרי סלולר ו חשמל ,יח',אבזרי סלולר ו חשמל ,
6920680877973,6920680877973,אוזניות בלוטוס חוט XO BE21  שחור,רגיל,2,55.00,64.90,,מוצרי שימוש מטבח -חנות ,יח',מוצרי שימוש מטבח -חנות ,
6920680880409,6920680880409,זרוע מגנטית לרכב - (XO (C83,רגיל,0,35.00,59.90,59.90,אבזרי סלולר ו חשמל ,יח',אבזרי סלולר ו חשמל ,
6921042113548,6921042113548,עכבר חוט SPT,רגיל,4,8.00,30.00,30.00,אבזרי סלולר ו חשמל ,יח',אבזרי סלולר ו חשמל ,
6923432585010,6923432585010,תרסיס תיקון פנצ'יר,רגיל,0,0.00,15.00,15.00,מוצרי מכולת ,יח',מוצרי מכולת ,
6923645204647,6923645204647,Magic Cube,רגיל,10,7.00,18.00,,תכשיטים לילדות קטנות ,יח',תכשיטים לילדות קטנות ,
6924187846494,6924187846494,גרעיני חמנייה קלוים מלוחים,רגיל,0,4.27,7.90,7.90,פיצוחים,יח',פיצוחים,
6925281915437,6925281915437,JBL אוזניות לבן מיק,רגיל,0,25.00,59.90,59.90,אבזרי סלולר ו חשמל ,יח',אבזרי סלולר ו חשמל ,
6925281915444,6925281915444,JBL אדום,רגיל,0,25.00,69.90,69.90,אבזרי סלולר ו חשמל ,יח',אבזרי סלולר ו חשמל ,
6925281918933,6925281918933,JBL לבן -חוט,רגיל,0,38.00,59.90,59.90,אבזרי סלולר ו חשמל ,יח',אבזרי סלולר ו חשמל ,
6925281939921,6925281939921,אוזנית JBL,רגיל,0,0.00,350.00,350.00,מוצרי מכולת ,יח',מוצרי מכולת ,
6925281939938,6925281939938,אוזניות קשת JBL לבן,רגיל,0,93.00,249.90,249.90,אבזרי סלולר ו חשמל ,יח',אבזרי סלולר ו חשמל ,
6925281939952,6925281939952,אוזניה T500 JBL,רגיל,0,0.00,330.00,330.00,מוצרי מכולת ,יח',מוצרי מכולת ,
6925281968679,6925281968679,JBL אוזניות שחןר,רגיל,0,0.00,300.00,300.00,מוצרי מכולת ,יח',מוצרי מכולת ,
6925281968686,6925281968686,אוזניה TUNE 700 כחול,רגיל,0,0.00,250.00,250.00,מוצרי מכולת ,יח',מוצרי מכולת ,
6925281968709,6925281968709,JBL RED,רגיל,0,0.00,200.00,200.00,מוצרי מכולת ,יח',מוצרי מכולת ,
6925281982088,6925281982088,JBL CHARGE 5,רגיל,0,0.00,600.00,600.00,מוצרי מכולת ,יח',מוצרי מכולת ,
6925281993053,6925281993053,JBL FLIPP2,רגיל,0,0.00,380.00,380.00,מוצרי מכולת ,יח',מוצרי מכולת ,
6926865211259,6926865211259,מצת זיפו בריקו ,רגיל,12,8.50,20.00,20.00,אבזרי עישון ,יח',אבזרי עישון ,
6926986532110,6926986532110,Super Hero Watch,רגיל,0,8.00,20.00,,תכשיטים לילדות קטנות ,יח',תכשיטים לילדות קטנות ,
6926986532127,6926986532127,Bathero Watch,רגיל,0,8.00,20.00,,תכשיטים לילדות קטנות ,יח',תכשיטים לילדות קטנות ,
6926986532141,6926986532141,Labubu Watch,רגיל,1,8.00,20.00,,תכשיטים לילדות קטנות ,יח',תכשיטים לילדות קטנות ,
6926986532158,6926986532158,Stitch Watch ,רגיל,2,8.00,20.00,,תכשיטים לילדות קטנות ,יח',תכשיטים לילדות קטנות ,
6926986532165,6926986532165,Mannie Watch,רגיל,0,8.00,20.00,,תכשיטים לילדות קטנות ,יח',תכשיטים לילדות קטנות ,
6928542902795,6928542902795,breath strips ללא סוכר,רגיל,0,4.27,7.90,7.90,חטיפים מתוקים ,יח',חטיפים מתוקים ,
6928542902801,6928542902801,פרש דפי ריענון מנטה ירוק,רגיל,0,4.27,7.90,7.90,חטיפים מתוקים ,יח',חטיפים מתוקים ,
6928542902818,6928542902818,breath strips ללא סוכר תות,רגיל,0,3.84,7.90,7.90,מוצרי מכולת ,יח',מוצרי מכולת ,
6931474746801,6931474746801,WIRELESS MC39,רגיל,0,0.00,250.00,250.00,מוצרי מכולת ,יח',מוצרי מכולת ,
6931474755544,6931474755544,מטען קיר מהיר,רגיל,1,15.00,45.00,45.00,מוצרי מכולת ,יח',מוצרי מכולת ,
6931474755551,6931474755551,מטען קיר מהיר TYPE C TO LIGHTNING,רגיל,0,0.00,65.00,65.00,מוצרי מכולת ,יח',מוצרי מכולת ,
6931474763570,6931474763570,WORELESS MC48,רגיל,0,85.00,145.00,145.00,מוצרי מכולת ,יח',מוצרי מכולת ,
6932391922064,6932391922064,רמקול וירד ספיקר ME Sk402,רגיל,9,25.00,49.90,58.90,אבזרי סלולר ו חשמל ,יח',אבזרי סלולר ו חשמל ,
6932391930649,6932391930649,אוזניות  XTRIKE ,רגיל,0,30.00,49.90,49.90,אבזרי סלולר ו חשמל ,יח',אבזרי סלולר ו חשמל ,
6934177716492,6934177716492,מגדיל טווח שימוי MY WIFI,רגיל,1,69.00,119.90,119.90,אבזרי סלולר ו חשמל ,יח',אבזרי סלולר ו חשמל ,
6934747801016,6934747801016,ראשי מטען USP,רגיל,6,11.00,24.90,37.90,אבזרי סלולר ו חשמל ,יח',אבזרי סלולר ו חשמל ,
6935071318911,6935071318911,באדי מצת,רגיל,0,2.00,6.00,6.00,מוצרי מכולת ,יח',מוצרי מכולת ,
6935347607329,6935347607329,כיסוי הגה אלקנטרה שחור,רגיל,0,19.05,30.00,30.00,מוצרי מכולת ,יח',מוצרי מכולת ,
6935347607787,6935347607787,קומפרסור בוכנה כפולה מתכת,רגיל,0,116.31,180.00,180.00,מוצרי מכולת ,יח',מוצרי מכולת ,
6935364088064,6935364088064,כרטיס רשת חזק MU6H,רגיל,2,34.60,59.90,59.90,אבזרי סלולר ו חשמל ,יח',אבזרי סלולר ו חשמל ,
6935364091743,6935364091743,מתאם רשת tp-ue300,רגיל,3,65.00,120.00,120.00,אבזרי סלולר ו חשמל ,יח',אבזרי סלולר ו חשמל ,
6935364099923,6935364099923,נתב אלחוט 4G,רגיל,2,250.00,379.90,379.90,אבזרי סלולר ו חשמל ,יח',אבזרי סלולר ו חשמל ,
6935487561246,6935487561246,מסכות שחורות,רגיל,0,0.00,12.00,12.00,מוצרי מכולת ,יח',מוצרי מכולת ,
6935661791551,6935661791551,טישון ,רגיל,0,2.00,4.90,5.90,מוצרי ניקיון ו טיפוח אישי,יח',מוצרי ניקיון ו טיפוח אישי,
6936664329376,6936664329376,Ms. Ways,רגיל,3,45.00,90.00,,תכשיטים לילדות קטנות ,יח',תכשיטים לילדות קטנות ,
6937123301940,6937123301940,קינוח קפוא אפרסק,רגיל,0,12.71,19.90,19.90,גלידות ,יח',גלידות ,
6937123302190,6937123302190,קינוח קפוא לימון ,רגיל,0,12.71,19.90,19.90,גלידות ,יח',גלידות ,
6937123302206,6937123302206, קינוח קפוא מנגו,רגיל,0,12.71,19.90,19.90,גלידות ,יח',גלידות ,
6939119024734,6939119024734,אקדח עיסוי HAVIT דגם MG1508 שחור,רגיל,0,85.00,159.90,,אבזרי סלולר ו חשמל ,יח',אבזרי סלולר ו חשמל ,
6939119061203,6939119061203,שעון חכם מלבן,רגיל,0,0.00,250.00,250.00,מוצרי מכולת ,יח',מוצרי מכולת ,
6940695698714,6940695698714,סיגריה אלקטרונית 4000 שאיפה,רגיל,0,0.00,120.00,120.00,מוצרי מכולת ,יח',מוצרי מכולת ,
6941057454412,6941057454412,INTEX WET SET,רגיל,2,70.00,129.90,,תכשיטים לילדות קטנות ,יח',תכשיטים לילדות קטנות ,
6941399055148,6941399055148,REALME WATCH 2,רגיל,0,0.00,450.00,450.00,מוצרי מכולת ,יח',מוצרי מכולת ,
6942138967098,6942138967098,זוג מצופים מתנפחים לילדים,רגיל,1,5.00,12.00,12.00,מוצרי מכולת ,יח',מוצרי מכולת ,
6942314400296,6942314400296,זרע רכב C222,רגיל,0,22.00,49.90,49.90,אבזרי סלולר ו חשמל ,יח',אבזרי סלולר ו חשמל ,
6942314401118,6942314401118,זרע רכב יסידו ,רגיל,0,22.00,49.90,49.90,אבזרי סלולר ו חשמל ,יח',אבזרי סלולר ו חשמל ,
6942314402399,6942314402399,מטען רכב -C25 Y,רגיל,1,33.00,59.90,59.90,אבזרי סלולר ו חשמל ,יח',אבזרי סלולר ו חשמל ,
6942314406380,6942314406380,אבזרי רכב מגנט C212,רגיל,0,25.00,54.90,54.90,אבזרי סלולר ו חשמל ,יח',אבזרי סלולר ו חשמל ,
6942314409749,6942314409749,זרע רכב מגנט C160,רגיל,0,22.00,49.90,49.90,אבזרי סלולר ו חשמל ,יח',אבזרי סלולר ו חשמל ,
6943090420430,6943090420430,קינוח קפוא -מנגו ,רגיל,0,12.71,19.90,19.90,גלידות ,יח',גלידות ,
6947433830030,6947433830030,בקלוואה במילוי פיסטוק,רגיל,14,4.24,6.90,,חטיפים מתוקים ,יח',חטיפים מתוקים ,
6947433830276,6947433830276,בקלוואה במילוי קינדר,רגיל,29,4.24,6.90,,חטיפים מתוקים ,יח',חטיפים מתוקים ,
6947433830412,6947433830412,בקלוואה במילוי לוטוס,רגיל,8,4.24,6.90,,חטיפים מתוקים ,יח',חטיפים מתוקים ,
6947433830658,6947433830658,בקלוואה במילוי שוקלד ,רגיל,6,4.24,6.90,,חטיפים מתוקים ,יח',חטיפים מתוקים ,
6947433830894,6947433830894,שוקולד פרלה לבן אגוזים עם דובדבן,רגיל,24,6.77,9.90,,ממתקים ,יח',ממתקים ,
6947433831020,6947433831020,שוקולד בלגי במילוי חלב עם אגוזים,רגיל,61,6.77,10.90,,חטיפים מתוקים ,יח',חטיפים מתוקים ,
6947433831266,6947433831266,שוקולד בלגי במילוי שוקולדעם אגוזים,רגיל,49,6.77,10.90,,חטיפים מתוקים ,יח',חטיפים מתוקים ,
6951340605131,6951340605131,כבלים להתנעת הרכב בתקן אירופי GS,רגיל,0,29.00,59.90,59.90,אבזרי סלולר ו חשמל ,יח',אבזרי סלולר ו חשמל ,
6954774700090,6954774700090,אוזניות גמינג,רגיל,1,120.00,299.90,299.90,אבזרי סלולר ו חשמל ,יח',אבזרי סלולר ו חשמל ,
6955107671124,6955107671124,דבק ג'ל מהיר,רגיל,0,2.50,10.00,,אבזרי סלולר ו חשמל ,יח',אבזרי סלולר ו חשמל ,
6955292101000,6955292101000,סיגריות 55k - בטעם תפוח,רגיל,0,75.00,131.90,148.90, כל הסיגריות,יח', כל הסיגריות,
6955292102007,6955292102007,סיגריות 55k - בטעם מקס פירות,רגיל,19,75.00,131.90,148.90, כל הסיגריות,יח', כל הסיגריות,
6955292103004,6955292103004,סיגריות 55k - בטעם לאש אייס,רגיל,17,75.00,131.90,148.90, כל הסיגריות,יח', כל הסיגריות,
6955292104001,6955292104001,סיגריות 55k - בטעם לאב,רגיל,9,75.00,131.90,148.90, כל הסיגריות,יח', כל הסיגריות,
6955292106005,6955292106005,סיגריות 55k - בטעם מלון,רגיל,19,75.00,131.90,148.90, כל הסיגריות,יח', כל הסיגריות,
6955292107002,6955292107002,סיגריות 55k - בטעם אל פטרון,רגיל,18,75.00,131.90,148.90, כל הסיגריות,יח', כל הסיגריות,
6955292108009,6955292108009,סיגריות 55k - תפוח אפרסק,רגיל,9,75.00,131.90,,אבזרי עישון ,יח',אבזרי עישון ,
6955292109006,6955292109006,סיגריות 55k - בטעם פינק רימקס ,רגיל,0,72.03,131.90,131.90, כל הסיגריות,יח', כל הסיגריות,
6955292111009,6955292111009,סיגריות 55k - בטעם אוכמניות אבטיח ,רגיל,0,72.03,131.90,148.90, כל הסיגריות,יח', כל הסיגריות,
6955292113003,6955292113003,סיגריות 55k - בטעם אפרסק,רגיל,21,75.00,131.90,148.90, כל הסיגריות,יח', כל הסיגריות,
6955292114000,6955292114000,סיגריות 55k - בטעם  תות אבטיח,רגיל,17,75.00,131.90,, כל הסיגריות,יח', כל הסיגריות,
6955292115007,6955292115007,סיגריות 55k - בטעם דובדבן,רגיל,0,75.00,131.90,148.90, כל הסיגריות,יח', כל הסיגריות,
6955292116004,6955292116004,סיגריות 55k - בטעם  תפוח,רגיל,0,75.00,131.90,, כל הסיגריות,יח', כל הסיגריות,
6955292119005,6955292119005,סיגריות 55k - בטעם ברי תות,רגיל,0,75.00,131.90,, כל הסיגריות,יח', כל הסיגריות,
6955292120001,6955292120001,סיגריות 55k - בטעם אבטיח אפרסק,רגיל,0,75.00,131.90,, כל הסיגריות,יח', כל הסיגריות,
6955292121008,6955292121008,סיגריות 55K ,רגיל,5,75.00,131.90,, כל הסיגריות,יח', כל הסיגריות,
6955292122005,6955292122005,סיגריות 55k - בטעם מנגו,רגיל,0,75.00,131.90,, כל הסיגריות,יח', כל הסיגריות,
6956000111250,6956000111250,Spiderman Baby Hat,רגיל,10,8.00,20.00,,תכשיטים לילדות קטנות ,יח',תכשיטים לילדות קטנות ,
6956282720966,6956282720966,ONE משאבת אוויר חשמלית ניידת T2191V,רגיל,0,92.00,179.90,179.90,מוצרי חצר תחנה ,יח',מוצרי חצר תחנה ,
6957396122217,6957396122217,פוליש ריח לימון,רגיל,0,8.00,20.00,20.00,מוצרי ריח - לרכב,יח',מוצרי ריח - לרכב,
6958305680103,6958305680103,מאפרת זכוכית,רגיל,10,10.16,18.90,,אבזרי עישון ,יח',אבזרי עישון ,
6959375192794,6959375192794,ספרי לנטראל,רגיל,-9,17.00,29.90,29.90,מוצרי ריח - לרכב,יח',מוצרי ריח - לרכב,
6959375195931,6959375195931,ספרי לנטראל,רגיל,18,17.00,29.90,29.90,מוצרי ריח - לרכב,יח',מוצרי ריח - לרכב,
6959375197720,6959375197720,ספרי לנטראל,רגיל,-9,17.00,29.90,29.90,מוצרי ריח - לרכב,יח',מוצרי ריח - לרכב,
6959375198871,6959375198871,תרסיס סקאי לרכב,רגיל,24,6.90,14.90,14.90,מוצרי חצר תחנה ,יח',מוצרי חצר תחנה ,
6959375199175,6959375199175,FALAMINGO 065 - ניקוי חלודה ,רגיל,12,8.50,14.90,14.90,מוצרי חצר תחנה ,יח',מוצרי חצר תחנה ,
6959375199342,6959375199342,קצף לניקוי צמיגים,רגיל,2,12.50,26.90,26.90,מוצרי חצר תחנה ,יח',מוצרי חצר תחנה ,
6959375199786,6959375199786,אנטי פנצ'רי,רגיל,25,10.50,19.90,19.90,מוצרי חצר תחנה ,יח',מוצרי חצר תחנה ,
6959375199984,6959375199984,קצף לניקוי רב תכלי FLAMINGO,רגיל,4,12.50,26.90,26.90,מוצרי חצר תחנה ,יח',מוצרי חצר תחנה ,
6962356126367,6962356126367,קופסאת איחסון סיגריות ,רגיל,5,8.50,20.00,20.00,אבזרי עישון ,יח',אבזרי עישון ,
6970248889719,6970248889719,קינוח קפוא מנגו ,רגיל,0,5.93,9.90,9.90,גלידות ,יח',גלידות ,
6970377576412,6970377576412,טרינד אפרסק,רגיל,2,10.17,19.90,,גלידות ,יח',גלידות ,
6970377576429,6970377576429,טרינד מנגו,רגיל,0,10.17,19.90,,גלידות ,יח',גלידות ,
6970462156712,6970462156712,כבל 2M SPT,רגיל,0,0.00,30.00,30.00,מוצרי מכולת ,יח',מוצרי מכולת ,
6970462510260,6970462510260,DATA CABEL TYPE C 2.1OUT,רגיל,-1,0.00,30.00,30.00,מוצרי מכולת ,יח',מוצרי מכולת ,
6970462510284,6970462510284,כבל מיקרו EOL,רגיל,0,0.00,15.00,15.00,מוצרי מכולת ,יח',מוצרי מכולת ,
6970462513964,6970462513964,כבל דאטה אייפון,רגיל,0,13.00,30.00,30.00,מוצרי מכולת ,יח',מוצרי מכולת ,
6970462514152,6970462514152,מטען פונג EU20 + dual USB to Micro USB,רגיל,0,20.00,49.90,49.90,אבזרי סלולר ו חשמל ,יח',אבזרי סלולר ו חשמל ,
6970462514169,6970462514169,מטען בית LIGHTNING 2.4A,רגיל,0,15.00,49.90,49.90,אבזרי סלולר ו חשמל ,יח',אבזרי סלולר ו חשמל ,
6970462514572,6970462514572,מטען רכב 5.1A PD,רגיל,0,0.00,60.00,60.00,מוצרי מכולת ,יח',מוצרי מכולת ,
6970462514664,6970462514664,מטען רכב C10 LIGHTNING,רגיל,0,0.00,40.00,40.00,מוצרי מכולת ,יח',מוצרי מכולת ,
6970462515142,6970462515142,אוזניה לבנה פונינג T29,רגיל,0,0.00,25.00,25.00,מוצרי מכולת ,יח',מוצרי מכולת ,
6970462515401,6970462515401,מטעין חכם type c,רגיל,8,25.00,49.90,58.90,אבזרי סלולר ו חשמל ,יח',אבזרי סלולר ו חשמל ,
6970462515470,6970462515470,אוזניה טייפ C,רגיל,0,20.00,50.00,50.00,מוצרי מכולת ,יח',מוצרי מכולת ,
6970462515494,6970462515494,כבל אייפון פונינג,רגיל,0,0.00,35.00,35.00,מוצרי מכולת ,יח',מוצרי מכולת ,
6970462515500,6970462515500,DATA CABEL X51 TYPE C,רגיל,0,0.00,30.00,30.00,מוצרי מכולת ,יח',מוצרי מכולת ,
6970462515517,6970462515517,כבלX51 1M טייפ סי 3A,רגיל,0,0.00,30.00,30.00,מוצרי מכולת ,יח',מוצרי מכולת ,
6970462515548,6970462515548,כבל X51 3A אייפון,רגיל,0,0.00,30.00,30.00,מוצרי מכולת ,יח',מוצרי מכולת ,
6970462515562,6970462515562,כבל X51 טייפ סי 3A,רגיל,0,0.00,30.00,30.00,מוצרי מכולת ,יח',מוצרי מכולת ,
6970462515616,6970462515616,כבל X51 1M PD 18W,רגיל,0,0.00,35.00,35.00,מוצרי מכולת ,יח',מוצרי מכולת ,
6970462515883,6970462515883,אוזניות TWS fineng ספורט,רגיל,0,20.00,49.90,49.90,אבזרי סלולר ו חשמל ,יח',אבזרי סלולר ו חשמל ,
6970462515999,6970462515999,אוזניה אל חוטית BL08,רגיל,0,99.00,140.00,140.00,מוצרי מכולת ,יח',מוצרי מכולת ,
6970462516002,6970462516002,WIRELESS EARPHONE BL09,רגיל,0,0.00,350.00,350.00,מוצרי מכולת ,יח',מוצרי מכולת ,
6970462516422,6970462516422,כבל טיפ סי - usp - foneng ,רגיל,0,5.00,39.90,39.90,אבזרי סלולר ו חשמל ,יח',אבזרי סלולר ו חשמל ,
6970462516439,6970462516439,כבל טיפ סי - איפון ,רגיל,0,6.50,39.90,39.90,אבזרי סלולר ו חשמל ,יח',אבזרי סלולר ו חשמל ,
6970462516446,6970462516446,כבל טיפ סי - גלסגלסי ישן ,רגיל,0,5.00,39.90,39.90,אבזרי סלולר ו חשמל ,יח',אבזרי סלולר ו חשמל ,
6970462516538,6970462516538,מטען קיר FONENG מיקרו,רגיל,0,0.00,50.00,50.00,מוצרי מכולת ,יח',מוצרי מכולת ,
6970462516682,6970462516682,דאטה כבל X66,רגיל,0,6.50,29.90,29.90,אבזרי סלולר ו חשמל ,יח',אבזרי סלולר ו חשמל ,
6970462516712,6970462516712,דאטה כבל אייפון,רגיל,0,0.00,30.00,30.00,מוצרי מכולת ,יח',מוצרי מכולת ,
6970462517023,6970462517023,מטען רכב ,רגיל,0,11.00,44.90,44.90,אבזרי סלולר ו חשמל ,יח',אבזרי סלולר ו חשמל ,
6970462518990,6970462518990,קבל ליטניג 3.5 מטר ,רגיל,0,17.00,44.90,44.90,אבזרי סלולר ו חשמל ,יח',אבזרי סלולר ו חשמל ,
6970462519003,6970462519003,קבל אוקס טי פ סי - אוקס ,רגיל,0,17.00,44.90,44.90,אבזרי סלולר ו חשמל ,יח',אבזרי סלולר ו חשמל ,
6970462519034,6970462519034,מטען קיר  pd עם כבל tc to ip,רגיל,0,35.00,60.00,60.00,מוצרי מכולת ,יח',מוצרי מכולת ,
6970462519898,6970462519898,כבל FONENG SPT 1M PD,רגיל,0,13.00,34.90,34.90,אבזרי סלולר ו חשמל ,יח',אבזרי סלולר ו חשמל ,
6970698580495,6970698580495,אוזניות mx- מוקסמו,רגיל,0,25.00,59.90,59.90,אבזרי סלולר ו חשמל ,יח',אבזרי סלולר ו חשמל ,
6971050264077,6971050264077,מגנט יד ארוך יסידו ,רגיל,0,33.00,59.90,59.90,אבזרי סלולר ו חשמל ,יח',אבזרי סלולר ו חשמל ,
6971050264114,6971050264114,אבזרי רכב יד ארוכה בוטון ,רגיל,0,31.00,69.90,69.90,אבזרי סלולר ו חשמל ,יח',אבזרי סלולר ו חשמל ,
6971050266194,6971050266194,זרע מגנט לטלפון ,רגיל,0,12.00,24.90,24.90,אבזרי סלולר ו חשמל ,יח',אבזרי סלולר ו חשמל ,
6971050267818,6971050267818,זרע מגנט הולדיר C109,רגיל,0,22.00,49.90,49.90,אבזרי סלולר ו חשמל ,יח',אבזרי סלולר ו חשמל ,
6971050269263,6971050269263,זרע רכב -יד ארוכה,רגיל,0,28.00,59.90,59.90,אבזרי סלולר ו חשמל ,יח',אבזרי סלולר ו חשמל ,
6971308131687,6971308131687,Wooden Brusher,רגיל,0,9.00,20.00,,תכשיטים לילדות קטנות ,יח',תכשיטים לילדות קטנות ,
6971486426926,6971486426926,גומי גלג עין קטן 1/60,רגיל,0,1.09,5.00,5.00,מוצרי מכולת ,יח',מוצרי מכולת ,
6971486428463,6971486428463,גומי אהבה 18 גרםI LOVE YOU,רגיל,0,2.01,5.00,5.00,מוצרי מכולת ,יח',מוצרי מכולת ,
6971824977905,6971824977905,מטען קיר USB,רגיל,0,44.00,69.90,69.90,אבזרי סלולר ו חשמל ,יח',אבזרי סלולר ו חשמל ,
6971824977936,6971824977936,משטח טעינה,רגיל,0,0.00,160.00,160.00,מוצרי מכולת ,יח',מוצרי מכולת ,
6972007902981,6972007902981,גומי מתקלף מנגו 75 גר׳ (50),רגיל,20,6.65,10.90,10.90,חטיפים מתוקים ,יח',חטיפים מתוקים ,
6972007903049,6972007903049,גומי מתקלף מיקס חיות ים 60גר׳ (50),רגיל,0,6.65,10.90,10.90,חטיפים מתוקים ,יח',חטיפים מתוקים ,
6972011068994,6972011068994,GXLR,רגיל,4,45.00,90.00,,תכשיטים לילדות קטנות ,יח',תכשיטים לילדות קטנות ,
6972011069236,6972011069236,Mystical,רגיל,3,45.00,90.00,,תכשיטים לילדות קטנות ,יח',תכשיטים לילדות קטנות ,
6972472832653,6972472832653,קינוח קפוא ,רגיל,0,5.93,9.90,9.90,גלידות ,יח',גלידות ,
6972554108966,6972554108966,סיגריית אייל גולן תפוח,רגיל,0,89.74,131.90,148.90, כל הסיגריות,יח', כל הסיגריות,
6972573331888,6972573331888,כבל WUW 1M איפון,רגיל,0,5.85,30.00,30.00,מוצרי מכולת ,יח',מוצרי מכולת ,
6972622640381,6972622640381,גלגל מתנפח פלמנגו,רגיל,0,0.00,110.00,110.00,מוצרי מכולת ,יח',מוצרי מכולת ,
6973862360336,6973862360336,leemoa power bank 10000 Mah,רגיל,3,79.00,119.90,,אבזרי סלולר ו חשמל ,יח',אבזרי סלולר ו חשמל ,
6973862361968,6973862361968,leemoa power bank 20000 Mah,רגיל,5,99.00,169.90,,אבזרי סלולר ו חשמל ,יח',אבזרי סלולר ו חשמל ,
6973862361975,6973862361975,leemoa power bank 30000 Mah,רגיל,4,149.00,249.90,,אבזרי סלולר ו חשמל ,יח',אבזרי סלולר ו חשמל ,
6974227021206,6974227021206,סיגרייה אלקטרונית אייס בלו פיירי,רגיל,0,25.00,50.00,50.00,מוצרי מכולת ,יח',מוצרי מכולת ,
6974227021213,6974227021213,סיגריה אלקטרונית בטעם מלון,רגיל,0,0.00,50.00,50.00,מוצרי מכולת ,יח',מוצרי מכולת ,
6974227021220,6974227021220,סיגריה אלקטרונית staweberry,רגיל,0,0.00,50.00,50.00,מוצרי מכולת ,יח',מוצרי מכולת ,
6974227021237,6974227021237,סיגרייה אלקטרונית מנגו,רגיל,0,0.00,50.00,50.00,מוצרי מכולת ,יח',מוצרי מכולת ,
6974227021244,6974227021244,סיגריה אלקטרונית בטעם מנגו,רגיל,0,0.00,50.00,50.00,מוצרי מכולת ,יח',מוצרי מכולת ,
6974227021251,6974227021251,סיגרייה אלקטרונית ליצי,רגיל,0,0.00,39.90,39.90,מוצרי מכולת ,יח',מוצרי מכולת ,
6974227021268,6974227021268,סיגריה אלקטרונית בטעם אייס,רגיל,0,25.00,50.00,50.00,מוצרי מכולת ,יח',מוצרי מכולת ,
6974227021275,6974227021275,סיגריה אלקטרונית מנטה,רגיל,0,0.00,50.00,50.00,מוצרי מכולת ,יח',מוצרי מכולת ,
6974227021299,6974227021299,סיגריות בטעם אבטיח,רגיל,0,0.00,50.00,50.00,מוצרי מכולת ,יח',מוצרי מכולת ,
6974227021367,6974227021367,סיגריות בטעם מנטה,רגיל,0,0.00,50.00,50.00,מוצרי מכולת ,יח',מוצרי מכולת ,
6974316280040,6974316280040,A1 SINGLE TPE CABLE,רגיל,5,15.00,70.00,70.00,אבזרי סלולר ו חשמל ,יח',אבזרי סלולר ו חשמל ,
6974316280583,6974316280583,כבל 3.55 MM AUX זכר,רגיל,0,50.00,99.90,99.90,אבזרי סלולר ו חשמל ,יח',אבזרי סלולר ו חשמל ,
6974316280620,6974316280620,usb,רגיל,0,45.00,99.90,99.90,אבזרי סלולר ו חשמל ,יח',אבזרי סלולר ו חשמל ,
6974316280903,6974316280903,מטען אלחוטי,רגיל,1,130.00,249.90,249.90,אבזרי סלולר ו חשמל ,יח',אבזרי סלולר ו חשמל ,
6974316280927,6974316280927,קריסטל T3,רגיל,0,177.00,350.00,350.00,מוצרי מכולת ,יח',מוצרי מכולת ,
6974316281023,6974316281023,מטען TYPE C TO TYPE C עם זווית,רגיל,0,20.00,50.00,50.00,מוצרי מכולת ,יח',מוצרי מכולת ,
6974316281177,6974316281177,אוזניות קשת,רגיל,0,0.00,350.00,350.00,מוצרי מכולת ,יח',מוצרי מכולת ,
6974316281252,6974316281252,מעמד טאבלטים,רגיל,3,49.00,149.90,149.90,אבזרי סלולר ו חשמל ,יח',אבזרי סלולר ו חשמל ,
6974316281382,6974316281382,מעמד מגנט,רגיל,0,0.00,139.99,139.99,מוצרי מכולת ,יח',מוצרי מכולת ,
6974316281719,6974316281719,מעמד למזגן מגנט,רגיל,0,0.00,45.00,45.00,מוצרי מכולת ,יח',מוצרי מכולת ,
6974316281870,6974316281870,מטען רכב 38W עם כבל מיני B1,רגיל,0,40.00,120.00,120.00,מוצרי מכולת ,יח',מוצרי מכולת ,
6974316281887,6974316281887,מטעני ראש כבל אייפון,רגיל,1,50.00,84.90,84.90,אבזרי סלולר ו חשמל ,יח',אבזרי סלולר ו חשמל ,
6974329500142,6974329500142,תישון,רגיל,0,2.00,5.90,6.90,מוצרי ניקיון ו טיפוח אישי,יח',מוצרי ניקיון ו טיפוח אישי,
6975276281559,6975276281559,Vivicn Hair Brush 1,רגיל,1,9.00,20.00,,תכשיטים לילדות קטנות ,יח',תכשיטים לילדות קטנות ,
6975276284635,6975276284635,Vivicn Hair Brush 4,רגיל,5,9.00,20.00,,תכשיטים לילדות קטנות ,יח',תכשיטים לילדות קטנות ,
6975276284642,6975276284642,Vivicn Hair Brush 3,רגיל,5,9.00,20.00,,תכשיטים לילדות קטנות ,יח',תכשיטים לילדות קטנות ,
6975276284666,6975276284666,Vivicn Hair Brush 2,רגיל,4,9.00,20.00,,תכשיטים לילדות קטנות ,יח',תכשיטים לילדות קטנות ,
6975276284673,6975276284673,Vivicn Hair Brush 5,רגיל,3,9.00,20.00,,תכשיטים לילדות קטנות ,יח',תכשיטים לילדות קטנות ,
6975792980301,6975792980301,קינוח קפוא מנגו,רגיל,0,12.71,19.90,19.90,גלידות ,יח',גלידות ,
6975792982077,6975792982077,פופס מיקס אייס קרים,רגיל,-6,18.64,29.90,,משקאות ,יח',משקאות ,
6975837581562,6975837581562,אוזניית חוט נשלפת - ׂ(XO (BE51 שחור,רגיל,0,59.00,99.90,,אבזרי סלולר ו חשמל ,יח',אבזרי סלולר ו חשמל ,
6975837582026,6975837582026,ראש טעינה 20W USB-C- XO(CE32) לבן,רגיל,1,21.40,49.90,49.90,אבזרי סלולר ו חשמל ,יח',אבזרי סלולר ו חשמל ,
6975837582040,6975837582040,ראש טעינה כבל - USB-C TO C 20W(XO (CE32 לבן,רגיל,-4,27.10,59.90,59.90,אבזרי סלולר ו חשמל ,יח',אבזרי סלולר ו חשמל ,
6975837582101,6975837582101,מטען בית IPHONE - 2.4A XO(CE34),רגיל,2,15.70,29.90,29.90,אבזרי סלולר ו חשמל ,יח',אבזרי סלולר ו חשמל ,
6976195094633,6976195094633,עכבר אלחוטי WIWU WM107 ורוד,רגיל,8,19.20,49.90,,אבזרי סלולר ו חשמל ,יח',אבזרי סלולר ו חשמל ,
6976195096781,6976195096781,עכבר אלחוטי WIWU WM107 שחור,רגיל,-4,19.20,49.90,,אבזרי סלולר ו חשמל ,יח',אבזרי סלולר ו חשמל ,
6976975619315,6976975619315,כבל מתאם WIWULegend Wi-C048TType-C to AUX audi,רגיל,0,19.00,39.90,39.90,אבזרי סלולר ו חשמל ,יח',אבזרי סלולר ו חשמל ,
6976975619322,6976975619322,כבל מתאם WIWULegend Wi-C048LLightning to AUX a,רגיל,0,24.16,49.90,58.90,אבזרי סלולר ו חשמל ,יח',אבזרי סלולר ו חשמל ,
6978737950155,6978737950155,קראנץ בלאסט מנגו בגביע,רגיל,23,15.25,25.90,,גלידות ,יח',גלידות ,
6978737950209,6978737950209,קראנץ בלאסט תות שדה בגביע,רגיל,22,15.25,25.90,,גלידות ,יח',גלידות ,
6985605016813,6985605016813,Kitchen Children's Toys,רגיל,6,5.00,20.00,,תכשיטים לילדות קטנות ,יח',תכשיטים לילדות קטנות ,
6987451457048,6987451457048,Girl Straw Hat,רגיל,11,10.00,25.00,,תכשיטים לילדות קטנות ,יח',תכשיטים לילדות קטנות ,
6987576315452,6987576315452,Baby Hat,רגיל,16,8.00,20.00,,תכשיטים לילדות קטנות ,יח',תכשיטים לילדות קטנות ,
7003104247855,7003104247855,מאפרה לחיצה ,רגיל,9,8.55,20.00,20.00,אבזרי עישון ,יח',אבזרי עישון ,
7013035622623,7613035622623,גרנולה שקד+דבש פיטנס300ג ,רגיל,0,11.90,15.90,16.80,מוצרי בית,יח',מוצרי בית,
7013035635845,7013035635845,גרנולה שוקולד פיטנס 300ג ,רגיל,0,11.90,15.90,16.80,מוצרי בית,יח',מוצרי בית,
7190112967978,7190112967978,פופקו מלח ים,רגיל,0,0.00,7.00,7.00,מוצרי מכולת ,יח',מוצרי מכולת ,
7271730901261,7271730901261,ווקי מאק אטריות רוטב גבינה,רגיל,10,7.85,13.90,13.90,חטיפים מתוקים ,יח',חטיפים מתוקים ,
7290000032256,7290000034256,ביסקויט תירוש 175 גרם,רגיל,21,3.80,7.90,,חטיפים מלוחים ,יח',חטיפים מלוחים ,
7290000040042,7290000040042,יופלה תות,רגיל,28,3.69,5.90,5.90,מוצרי מקרר ,יח',מוצרי מקרר ,
7290000040080,7290000040080,יופלה אפרסק,רגיל,24,3.69,5.90,5.90,מוצרי מקרר ,יח',מוצרי מקרר ,
7290000041858,7290000041858,שמנת חמוצה 15 %,רגיל,36,2.18,4.90,4.90,מוצרי מקרר ,יח',מוצרי מקרר ,
7290000042008,7290000042008,חלב 3% שקית,רגיל,0,3.95,6.41,6.41,מוצרי מכולת ,יח',מוצרי מכולת ,
7290000042435,7290000042435,חלב 1%קרטון,רגיל,-19,5.03,6.41,6.41,מוצרי מקרר ,יח',מוצרי מקרר ,
7290000042442,7290000042442,חלב 3%,רגיל,0,0.00,5.90,5.90,מוצרי מכולת ,יח',מוצרי מכולת ,
7290000042855,7290000042855,שוקו שקית,רגיל,0,1.97,3.00,3.00,מוצרי מקרר ,יח',מוצרי מקרר ,
7290000043890,7290000043890,רויון,רגיל,0,9.45,13.90,13.90,מוצרי מכולת ,יח',מוצרי מכולת ,
7290000044248,7290000044248,רוויון קרטון 500 מ''ל,רגיל,0,4.72,9.90,9.90,מוצרי מקרר ,יח',מוצרי מקרר ,
7290000044712,7290000044712,פירלי תות,רגיל,0,7.93,16.00,16.00,מוצרי מכולת ,יח',מוצרי מכולת ,
7290000051710,51710,גבינה פיראוס לבנה,רגיל,0,9.90,17.90,17.90,מוצרי מכולת ,יח',מוצרי מכולת ,
7290000052304,7290000052304,משקה מוקה,רגיל,0,4.46,7.50,7.50,מוצרי מכולת ,יח',מוצרי מכולת ,
7290000055015,7290000055015,פטה כבשים 5% 250 גרם ,רגיל,0,21.27,31.90,31.90,מוצרי מקרר ,יח',מוצרי מקרר ,
7290000058580,7290000058580,קוקלידה,רגיל,3,7.80,12.90,12.90,גלידות ,יח',גלידות ,
7290000060071,7290000060071,אסם חטיפי פריכונים טבעי 12*80גרם,רגיל,0,6.52,12.90,12.90,חטיפים מלוחים ,יח',חטיפים מלוחים ,
7290000060088,7290000060088,ביגלה מקלות מלוחים 400 גרם,רגיל,7,7.49,17.90,17.90,חטיפים מלוחים ,יח',חטיפים מלוחים ,
7290000060163,7290000060163,אטריות דקות,רגיל,10,4.70,10.00,10.00,מוצרי מכולת ,יח',מוצרי מכולת ,
7290000060781,7290000060781,פסטה מסולסלים,רגיל,10,5.44,8.90,8.90,מוצרי בית,יח',מוצרי בית,
7290000060811,7290000060811,אקסטרים ענק,רגיל,0,7.78,15.00,15.00,מוצרי מכולת ,יח',מוצרי מכולת ,
7290000060842,7290000060842,פסטה צדפים גדולים,רגיל,1,4.40,8.90,8.90,מוצרי בית,יח',מוצרי בית,
7290000060880,7290000060880,פסטה ספגטי 500 גרם,רגיל,40,4.67,8.90,8.90,מוצרי בית,יח',מוצרי בית,
7290000060903,7290000060903,פתיתים אפויים,רגיל,18,5.33,8.90,8.90,מוצרי בית,יח',מוצרי בית,
7290000060958,7290000060958,אטריות בינונים,רגיל,0,0.00,6.90,6.90,מוצרי מכולת ,יח',מוצרי מכולת ,
7290000060965,7290000060965,אטריות רחבות,רגיל,0,0.00,6.90,6.90,מוצרי מכולת ,יח',מוצרי מכולת ,
7290000061085,7290000061085,רוטב צילי מתוק,רגיל,0,10.70,15.90,15.90,מוצרי בית,יח',מוצרי בית,
7290000061245,7290000061245,עוגיות שוקוציפס ממולאות 220 גרם,רגיל,10,10.30,13.90,14.90,חטיפים מלוחים ,יח',חטיפים מלוחים ,
7290000062242,7290000062242,דובנים בטעם שמנת בצל,רגיל,0,3.76,6.90,6.90,מוצרי מכולת ,יח',מוצרי מכולת ,
7290000063133,7290000063133,שקדי מרק קטן,רגיל,19,3.87,10.90,10.90,מוצרי מכולת ,יח',מוצרי מכולת ,
7290000063157,7290000063157,קמח תופח,רגיל,0,0.00,11.00,11.00,מוצרי מכולת ,יח',מוצרי מכולת ,
7290000065090,7290000065090,ואסם מיני קרוטונים למרק וסלט 12*400גרם,רגיל,0,18.81,21.90,21.90,מוצרי מכולת ,יח',מוצרי מכולת ,
7290000065335,7290000065335,מנה חמה פירה עם ירקות,רגיל,-4,5.40,8.90,9.90,חטיפים מלוחים ,יח',חטיפים מלוחים ,
7290000065540,7290000065540,מנה חמה מוקרמת ,רגיל,2,5.40,8.90,8.90,חטיפים מלוחים ,יח',חטיפים מלוחים ,
7290000065557,7290000065557,מנה חמה קוסקוס וירקות ברץ 84 גרם,רגיל,8,4.50,8.90,9.90,חטיפים מלוחים ,יח',חטיפים מלוחים ,
7290000066134,7290000066134,ביסלי פלאפל 70 גרם,רגיל,27,2.90,5.90,6.90,חטיפים מלוחים ,יח',חטיפים מלוחים ,
7290000066141,7290000066141,ביסלי גריל 70 גרם,רגיל,-27,2.90,6.90,7.90,חטיפים מלוחים ,יח',חטיפים מלוחים ,
7290000066158,7290000066158,ביסלי בצל,רגיל,0,0.00,5.90,5.90,מוצרי מכולת ,יח',מוצרי מכולת ,
7290000066165,7290000066165,ביסלי ברביקיו,רגיל,0,0.00,5.90,5.90,מוצרי מכולת ,יח',מוצרי מכולת ,
7290000066172,7290000066172,ביסלי פיצה 70 גרם,רגיל,25,2.70,6.90,7.90,חטיפים מלוחים ,יח',חטיפים מלוחים ,
7290000066189,7290000066189,ביסלי פלאפל 200 גרם ,רגיל,36,6.78,13.90,14.90,חטיפים מלוחים ,יח',חטיפים מלוחים ,
7290000066196,7290000066196,ביסלי גריל 200 גרם ,רגיל,24,6.78,13.90,14.90,חטיפים מלוחים ,יח',חטיפים מלוחים ,
7290000066219,7290000066219,ביסלי ברביקיו,רגיל,0,0.00,10.90,10.90,מוצרי מכולת ,יח',מוצרי מכולת ,
7290000066226,7290000066226,ביסלי פיצה 200ג,רגיל,30,6.78,13.90,14.90,חטיפים מלוחים ,יח',חטיפים מלוחים ,
7290000066264,7290000066264,דובונים  40 גרם,רגיל,5,3.30,5.90,5.90,חטיפים מלוחים ,יח',חטיפים מלוחים ,
7290000066295,7290000066295,במבה מתוקה 30ג,רגיל,0,1.99,4.90,5.90,חטיפים מלוחים ,יח',חטיפים מלוחים ,
7290000066318,7290000066318,במבה קלאסי 80ג,רגיל,45,2.70,6.90,7.90,חטיפים מלוחים ,יח',חטיפים מלוחים ,
7290000066332,7290000066332,אפרופו 50 גרם,רגיל,40,3.20,6.90,7.90,חטיפים מלוחים ,יח',חטיפים מלוחים ,
7290000066349,7290000066349,אפרופו קלאסי 100 גרם,רגיל,0,6.56,9.90,9.90,חטיפים מלוחים ,יח',חטיפים מלוחים ,
7290000066431,7290000066431,פופקן חמאה ודבש 80 גרם ,רגיל,0,4.25,6.90,7.90,חטיפים מלוחים ,יח',חטיפים מלוחים ,
7290000067070,7290000067070,עוגיות מיני ממולאות שוקולד,רגיל,0,0.00,8.09,8.09,מוצרי מכולת ,יח',מוצרי מכולת ,
7290000067537,7290000067537,ביסלי גריל כשלפ 70*48,רגיל,0,0.00,6.00,6.00,מוצרי מכולת ,יח',מוצרי מכולת ,
7290000067544,7290000067544,פירורי לחם,רגיל,0,0.00,6.90,6.90,מוצרי מכולת ,יח',מוצרי מכולת ,
7290000067551,7290000067551,בסלי בצל כשלפ,רגיל,0,2.93,4.05,4.05,מוצרי מכולת ,יח',מוצרי מכולת ,
7290000067568,7290000067568,בסלי ברביקיו כשלפ,רגיל,0,0.00,6.00,6.00,מוצרי מכולת ,יח',מוצרי מכולת ,
7290000067599,7290000067599,מנה חמה ספגטי בולונז 65 גרם,רגיל,5,4.50,8.90,9.90,חטיפים מלוחים ,יח',חטיפים מלוחים ,
7290000068071,7290000068071,אוסם שקדי מרק רכיבים טבעיים מיכל 400 גרם,רגיל,0,0.00,0.00,,מוצרי מכולת ,יח',מוצרי מכולת ,
7290000068138,7290000068138,פודינג בטעם וניל,רגיל,8,4.20,7.90,7.90,מוצרי מכולת ,יח',מוצרי מכולת ,
7290000068770,7290000068770,במבה יום הולדת 80ג,רגיל,21,2.80,6.90,8.90,חטיפים מלוחים ,יח',חטיפים מלוחים ,
7290000068893,7290000068893,במבה במילוי קרם נוגט,רגיל,0,0.00,8.00,8.00,מוצרי מכולת ,יח',מוצרי מכולת ,
7290000069609,7290000069609,קרקר זעתר 300 גרם ,רגיל,5,8.66,12.90,12.90,חטיפים מלוחים ,יח',חטיפים מלוחים ,
7290000069739,7290000069739,קרקר שומשום 300 גרם,רגיל,1,8.61,12.90,12.90,חטיפים מלוחים ,יח',חטיפים מלוחים ,
7290000071008,7290000071008,בייגלה שטוחים מלח,רגיל,2,2.18,5.90,6.90,חטיפים מלוחים ,יח',חטיפים מלוחים ,
7290000072067,7290000072067,במבה חלווה,רגיל,0,3.41,7.90,7.90,חטיפים מלוחים ,יח',חטיפים מלוחים ,
7290000072241,7290000072241,רוטב לפיצה,רגיל,0,5.90,13.90,13.90,מוצרי בית,יח',מוצרי בית,
7290000072623,7290000072623,קטשופ אוסם,רגיל,10,10.57,14.90,14.90,מוצרי מכולת ,יח',מוצרי מכולת ,
7290000072630,7290000072630,קטשופ חריף אוסם,רגיל,9,11.13,19.90,19.90,מוצרי מכולת ,יח',מוצרי מכולת ,
7290000072753,7290000072753,טייסטרס צוייס,רגיל,0,34.57,45.90,45.90,מוצרי בית,יח',מוצרי בית,
7290000073125,7290000073125,מנה חמה פסטה עם עגבניות רכיבים טבעיים 62 גרם,רגיל,9,4.50,8.90,9.90,חטיפים מלוחים ,יח',חטיפים מלוחים ,
7290000073415,7290000073415,מנה חמה פסטה ברוטב פיצה 61 גרם,רגיל,30,4.50,8.90,9.90,חטיפים מלוחים ,יח',חטיפים מלוחים ,
7290000073750,7290000073750,מנה חמה נודלס עוף 70 גרם,רגיל,10,4.40,8.90,8.90,חטיפים מלוחים ,יח',חטיפים מלוחים ,
7290000073767,7290000073767,מנה חמה נודלס בקר 70 גרם,רגיל,-8,4.40,8.90,9.90,חטיפים מלוחים ,יח',חטיפים מלוחים ,
7290000073774,7290000073774,מנה חמה נודלס אטריות וירקות פיקנטי 70 גרם,רגיל,19,4.40,8.90,9.90,חטיפים מלוחים ,יח',חטיפים מלוחים ,
7290000074184,7290000074184,פתי בר,רגיל,0,0.00,14.00,14.00,מוצרי מכולת ,יח',מוצרי מכולת ,
7290000074245,7290000074245,קרם קרקר 250 גרם,רגיל,8,5.96,12.90,12.90,חטיפים מלוחים ,יח',חטיפים מלוחים ,
7290000074252,7290000074252,קרקר שומשום,רגיל,4,7.14,11.90,12.90,חטיפים מלוחים ,יח',חטיפים מלוחים ,
7290000074276,74276,קרקר קלאסי 250 גרם,רגיל,0,7.53,12.00,12.00,מוצרי מכולת ,יח',מוצרי מכולת ,
7290000074375,7290000074375,קרקר זהב,רגיל,14,4.69,12.90,12.90,חטיפים מלוחים ,יח',חטיפים מלוחים ,
7290000074481,7290000074481,לחמית אגוזים 12*160גרם,רגיל,8,7.31,12.90,12.90,חטיפים מלוחים ,יח',חטיפים מלוחים ,
7290000074962,7290000074962,עוגיות מיני שוקוציפס,רגיל,0,0.00,13.90,13.90,מוצרי מכולת ,יח',מוצרי מכולת ,
7290000075143,7290000075143,עוגיות שוקוציפס קלאסי,רגיל,9,10.30,13.90,14.90,חטיפים מלוחים ,יח',חטיפים מלוחים ,
7290000075204,7290000075204,לחמית חיטה מלאה 10*250גרם חדש,רגיל,12,6.45,12.90,12.90,חטיפים מלוחים ,יח',חטיפים מלוחים ,
7290000075693,7290000075693,והבית עוגת שמרים בריוש שוקולד 8*360גרם,רגיל,0,12.93,19.90,19.90,חטיפים מתוקים ,יח',חטיפים מתוקים ,
7290000076126,7290000076126,בייגלה שמיניות מלח,רגיל,-6,2.39,5.90,6.90,חטיפים מלוחים ,יח',חטיפים מלוחים ,
7290000076133,7290000076133,בייגלה שמיניות קטנות 300 גרם ,רגיל,4,7.49,17.90,13.90,חטיפים מלוחים ,יח',חטיפים מלוחים ,
7290000077017,7290000077017,קרמוגית במילוי שוקולד 12*200 גרם,רגיל,-4,10.06,13.90,13.90,חטיפים מלוחים ,יח',חטיפים מלוחים ,
7290000078762,7290000078762,אסם חטיפי פריכונים אורז,רגיל,9,5.99,9.90,9.90,חטיפים מתוקים ,יח',חטיפים מתוקים ,
7290000079233,7290000079233,קרקר אוסם ,רגיל,7,7.32,12.90,12.90,חטיפים מלוחים ,יח',חטיפים מלוחים ,
7290000081663,7290000081663,ואסם בייגלה טבעות שומשום 12*300גרם,רגיל,4,7.49,17.90,18.90,חטיפים מלוחים ,יח',חטיפים מלוחים ,
7290000085180,7290000085180,פתיבר 470ג וניל גטניו,רגיל,32,5.70,11.90,11.90,חטיפים מתוקים ,יח',חטיפים מתוקים ,
7290000086126,7290000086126,אסם בייגלה שמיניות קטנןת 80 גרם,רגיל,0,2.65,5.90,6.90,חטיפים מלוחים ,יח',חטיפים מלוחים ,
7290000111186,7290000111186,מיונז תלמה 500 גרם,רגיל,12,8.70,15.90,16.80,מוצרי בית,יח',מוצרי בית,
7290000111360,7290000111360,חרדל אמיתי,רגיל,0,0.00,8.00,8.00,מוצרי מכולת ,יח',מוצרי מכולת ,
7290000113180,7290000113180,כיפלי צ'יפסים תפו''א,רגיל,-19,4.20,7.90,10.90,חטיפים מלוחים ,יח',חטיפים מלוחים ,
7290000113203,7290000113203,כיפלי קטשופ,רגיל,1,2.97,7.90,7.90,מוצרי מכולת ,יח',מוצרי מכולת ,
7290000120836,7290000120836,מיונז הלמנס 394 גרם,רגיל,13,9.50,19.90,20.90,מוצרי בית,יח',מוצרי בית,
7290000120874,7290000120874,מיונז ממרח מופחת קלוריות,רגיל,12,9.50,19.90,20.90,מוצרי בית,יח',מוצרי בית,
7290000135045,7290000135045,XL תפוח,רגיל,368,2.38,6.90,7.90,משקאות ,יח',משקאות ,
7290000135052,7290000135052,XL מנגו,רגיל,244,2.38,6.90,7.90,משקאות ,יח',משקאות ,
7290000135113,7290000135113,XL נענע ליים,רגיל,206,2.48,6.90,7.90,משקאות ,יח',משקאות ,
7290000136172,7290000136172,סבן אפ 1.5 כשל""פ,רגיל,0,6.97,10.00,10.00,מוצרי מכולת ,יח',מוצרי מכולת ,
7290000136240,7290000136240,סודה 1.5 ליטר שישייה כשל""פ,רגיל,0,2.86,10.00,10.00,מוצרי מכולת ,יח',מוצרי מכולת ,
7290000136592,7290000136592,XL פירות אדומים 250 מ״ל 24 יח׳,רגיל,232,2.38,6.90,7.90,משקאות ,יח',משקאות ,
7290000136615,7290000136615,XL מסטיק אבטיח 250 מ״ל 24 יח׳,רגיל,0,2.38,6.90,7.90,משקאות ,יח',משקאות ,
7290000136707,7290000136707,מירינדה 1.5 ליטר,רגיל,0,6.87,10.00,10.00,מוצרי מכולת ,יח',מוצרי מכולת ,
7290000136769,7290000136769,פפסי מקס 1.5 כשל""פ,רגיל,0,6.97,10.00,10.00,מוצרי מכולת ,יח',מוצרי מכולת ,
7290000136776,7290000136776,פפסי 1.5 ל כשל""פ,רגיל,0,6.32,10.00,10.00,מוצרי מכולת ,יח',מוצרי מכולת ,
7290000136783,7290000136783,מירינדה 1.5 ל כשל""פ,רגיל,0,6.32,10.00,10.00,מוצרי מכולת ,יח',מוצרי מכולת ,
7290000136868,7290000136868,שישיית סן בנדטו 1.5 ליטר,מכלול,0,13.33,20.50,21.50,משקאות ,יח',משקאות ,
7290000137643,7290000137643,מאגדת טעמקור,רגיל,0,32.67,41.90,41.90,גלידות ,יח',גלידות ,
7290000148380,7290000148380,ליימן/גת-פיסטוק קלוי  ג200,רגיל,0,14.95,19.90,20.90,פיצוחים,יח',פיצוחים,
7290000148748,7290000148748,גרעיני חלימנייה 200 גר',רגיל,0,4.70,9.90,9.90,פיצוחים,יח',פיצוחים,
7290000148939,7290000148939,שקד ליימן גת- שקד קלוי* 200,רגיל,0,13.70,19.90,19.90,פיצוחים,יח',פיצוחים,
7290000161631,7290000161631,קליק נוגט,רגיל,-1,4.31,7.90,7.90,חטיפים מתוקים ,יח',חטיפים מתוקים ,
7290000161648,7290000161648,קליק קרם חלב,רגיל,0,4.31,7.90,7.90,חטיפים מתוקים ,יח',חטיפים מתוקים ,
7290000170053,7290000170053,טבלת שוקולד חלב,רגיל,0,5.96,9.90,10.90,חטיפים מתוקים ,יח',חטיפים מתוקים ,
7290000170077,7290000170077,טבלת שוקולד מריר,רגיל,46,6.70,8.90,9.90,חטיפים מתוקים ,יח',חטיפים מתוקים ,
7290000171470,7290000171470,כיף כף,רגיל,0,3.76,8.90,8.90,מוצרי מכולת ,יח',מוצרי מכולת ,
7290000174037,7290000174037,בפלות לימון,רגיל,0,10.60,14.90,14.90,מוצרי מכולת ,יח',מוצרי מכולת ,
7290000174099,7290000174099,בפלות שוקולד,רגיל,0,11.86,14.90,14.90,מוצרי מכולת ,יח',מוצרי מכולת ,
7290000174723,7290000174723,שוקולית 500ג,רגיל,1,14.90,22.90,23.90,חטיפים מתוקים ,יח',חטיפים מתוקים ,
7290000176062,7290000176062,קפה טורקי 100ג,רגיל,48,8.90,14.90,14.90,מוצרי בית,יח',מוצרי בית,
7290000176413,7290000176413,קפה נמס 50ג,רגיל,0,7.83,12.00,12.00,מוצרי מכולת ,יח',מוצרי מכולת ,
7290000176420,7290000176420,קפה נמס 200ג,רגיל,12,23.50,34.90,32.90,חטיפים מתוקים ,יח',חטיפים מתוקים ,
7290000178707,7290000178707,תפוצ'יפס טבעי 50 גרם,רגיל,9,2.80,5.90,6.90,חטיפים מלוחים ,יח',חטיפים מלוחים ,
7290000178721,7290000178721,תפוציפס טבעי 200 גרם,רגיל,6,6.90,13.90,13.90,חטיפים מלוחים ,יח',חטיפים מלוחים ,
7290000179445,7290000179445,כשלפ בזוקה רגיל,רגיל,0,0.00,0.00,0.00,מוצרי מכולת ,יח',מוצרי מכולת ,
7290000181103,7290000181103,עד חצות חלב,רגיל,-1,13.68,21.90,21.90,חטיפים מתוקים ,יח',חטיפים מתוקים ,
7290000187921,7290000187921,נייר טואלט עלילי כחול,רגיל,0,0.00,45.00,45.00,מוצרי מכולת ,יח',מוצרי מכולת ,
7290000187938,7290000187938,נייר טואלט עלילי צהוב,רגיל,0,0.00,45.00,45.00,מוצרי מכולת ,יח',מוצרי מכולת ,
7290000187990,7290000187990,נייר טואלט סקוט,רגיל,0,0.00,32.00,32.00,מוצרי מכולת ,יח',מוצרי מכולת ,
7290000188355,188355,נייר מגבת,רגיל,10,8.90,16.90,17.90,מוצרי ניקיון ו טיפוח אישי,יח',מוצרי ניקיון ו טיפוח אישי,
7290000189215,7290000189215,מטליות מיקרופייבר לריצפה - ניקול,רגיל,0,0.00,11.00,11.00,מוצרי מכולת ,יח',מוצרי מכולת ,
7290000189505,7290000189505,תבנית אינגליש חד""פ,רגיל,0,6.00,12.00,12.00,מוצרי מכולת ,יח',מוצרי מכולת ,
7290000189550,7290000189550,שקיות אשפה XL ניקול,רגיל,0,0.00,25.00,25.00,מוצרי מכולת ,יח',מוצרי מכולת ,
7290000189659,7290000189659,מטליות לחות - ניקול,רגיל,0,0.00,11.00,11.00,מוצרי מכולת ,יח',מוצרי מכולת ,
7290000190198,7290000190198,מטליות לחות לניקוי ניקול,רגיל,0,0.00,11.00,11.00,מוצרי מכולת ,יח',מוצרי מכולת ,
7290000195537,195537,מגבונים לחים לתינוק,רגיל,0,16.90,27.90,28.90,מוצרי ניקיון ו טיפוח אישי,יח',מוצרי ניקיון ו טיפוח אישי,
7290000197425,7290000197425,חיתולי huggies מידה 3,רגיל,0,0.00,49.00,49.00,מוצרי מכולת ,יח',מוצרי מכולת ,
7290000197432,7290000197432,סנדוויצון ניקול,רגיל,0,0.00,15.00,15.00,מוצרי מכולת ,יח',מוצרי מכולת ,
7290000197456,7290000197456,חיתולי huggies מידה 4,רגיל,0,0.00,49.00,49.00,מוצרי מכולת ,יח',מוצרי מכולת ,
7290000197463,7290000197463,חיתולי huggies מידה 4+,רגיל,0,0.00,49.00,49.00,מוצרי מכולת ,יח',מוצרי מכולת ,
7290000197548,7290000197548,חיתולי huggies מידה 5,רגיל,0,0.00,49.00,49.00,מוצרי מכולת ,יח',מוצרי מכולת ,
7290000197678,7290000197678,חיתולי huggies מידה 6,רגיל,0,0.00,49.00,49.00,מוצרי מכולת ,יח',מוצרי מכולת ,
7290000197753,7290000197753,ניילון נצמד - צמד,רגיל,5,7.50,14.00,14.00,מוצרי מכולת ,יח',מוצרי מכולת ,
7290000201795,7290000201795,שלישיית מגבונים מבושם האגיס,רגיל,0,0.00,17.90,17.90,מוצרי מכולת ,יח',מוצרי מכולת ,
7290000204215,7290000204215,כריות יפניות,רגיל,-2,0.00,11.00,11.00,חטיפים מתוקים ,יח',חטיפים מתוקים ,
7290000204253,7290000204253,מטליות ניקוי ניקול,רגיל,0,0.00,11.00,11.00,מוצרי מכולת ,יח',מוצרי מכולת ,
7290000207162,7290000207162,רסק עגבניה 100ג*22 יכין,רגיל,48,1.30,2.90,3.90,מוצרי בית,יח',מוצרי בית,
7290000208329,7290000208329,תירס מתוק 550ג יכין A2,רגיל,8,5.20,9.90,8.90,מוצרי בית,יח',מוצרי בית,
7290000208428,7290000208428,חומוס 580ג׳ יכין A2,רגיל,3,5.60,9.90,10.90,מוצרי בית,יח',מוצרי בית,
7290000209012,7290000209012,חומץ 5%,רגיל,0,0.00,6.00,6.00,מוצרי מכולת ,יח',מוצרי מכולת ,
7290000209043,7290000209043,מיץ לימון משומר,רגיל,0,0.00,7.00,7.00,מוצרי מכולת ,יח',מוצרי מכולת ,
7290000209371,7290000209371,תירס מתוק 3*165ג יכין,רגיל,0,9.90,17.90,18.90,מוצרי בית,יח',מוצרי בית,
7290000211442,7290000211442,אורז פרסי קלאסי,רגיל,8,8.70,13.90,13.90,מוצרי מכולת ,יח',מוצרי מכולת ,
7290000211503,7290000211503,סוכר לבן,רגיל,0,0.00,5.00,5.00,מוצרי מכולת ,יח',מוצרי מכולת ,
7290000223180,7290000223180,כיפלי צ'יפס בד"צ 50 גרם,רגיל,35,3.42,6.90,,חטיפים מלוחים ,יח',חטיפים מלוחים ,
7290000245508,7290000245508,אבקה לכביסה לבנה סוד,רגיל,0,0.00,11.00,11.00,מוצרי מכולת ,יח',מוצרי מכולת ,
7290000284347,7290000284347,סודה 1.5 ליטר,רגיל,0,0.00,10.00,10.00,מוצרי מכולת ,יח',מוצרי מכולת ,
7290000284361,7290000284361,קוקה קולה דיאט,רגיל,0,0.00,10.00,10.00,מוצרי מכולת ,יח',מוצרי מכולת ,
7290000288727,7290000288727,מקסימה מאסק 25. 1קג א. כביסה,רגיל,31,10.00,16.90,16.90,חטיפים מתוקים ,יח',חטיפים מתוקים ,
7290000303604,7290000303604,תירס מתוק,רגיל,0,0.00,5.00,5.00,מוצרי מכולת ,יח',מוצרי מכולת ,
7290000307237,7290000307237,גרעיני תירס,רגיל,0,0.00,8.00,8.00,מוצרי מכולת ,יח',מוצרי מכולת ,
7290000311203,7290000311203,נאפה מן וופל שוקו 200 גרם,רגיל,6,4.46,7.90,10.90,חטיפים מתוקים ,יח',חטיפים מתוקים ,
7290000311210,7290000311210,וופל לימון 200ג מן,רגיל,7,3.65,6.90,6.90,חטיפים מתוקים ,יח',חטיפים מתוקים ,
7290000311708,7290000311708,עוגיות חיטה מלאה 300ג מן,רגיל,3,5.85,11.90,12.90,חטיפים מתוקים ,יח',חטיפים מתוקים ,
7290000311715,7290000311715,ע. כוכבים שוקולד 300ג מן,רגיל,9,5.85,11.90,11.90,חטיפים מתוקים ,יח',חטיפים מתוקים ,
7290000311746,7290000311746,עוגיות טעם קרמל 300ג מן,רגיל,2,5.85,11.90,11.90,חטיפים מתוקים ,יח',חטיפים מתוקים ,
7290000311883,7290000311883,ע. גרנולה ללתס 200ג מן,רגיל,0,8.00,13.90,14.90,חטיפים מתוקים ,יח',חטיפים מתוקים ,
7290000313184,7290000313184,ואסם עוגיות גן חיות וניל,רגיל,0,6.31,12.90,12.90,חטיפים מלוחים ,יח',חטיפים מלוחים ,
7290000318189,7290000318189,פסטרמה ברביקיו,רגיל,0,16.00,24.00,24.00,מוצרי מכולת ,יח',מוצרי מכולת ,
7290000318349,7290000318349,פסטרמה איטלקית לא למכירה,רגיל,0,38.51,38.51,38.51,מוצרי מכולת ,יח',מוצרי מכולת ,
7290000318363,7290000318363,פסטרמה ברביקיו לבגט,רגיל,0,0.00,0.00,0.00,מוצרי מכולת ,יח',מוצרי מכולת ,
7290000319315,7290000319315,נקניקיות קרנץ,רגיל,0,0.00,0.00,0.00,מוצרי מכולת ,יח',מוצרי מכולת ,
7290000319704,7290000319704,כתף בקר מעושן ק''ג,רגיל,0,68.96,0.00,0.00,מוצרי מכולת ,יח',מוצרי מכולת ,
7290000319971,7290000319971,צלעות בקר על האש ק""ג,רגיל,0,0.00,0.00,0.00,מוצרי מכולת ,יח',מוצרי מכולת ,
7290000327051,7290000327051,סודה בטעם אננס,רגיל,0,1.81,7.00,7.00,מוצרי מכולת ,יח',מוצרי מכולת ,
7290000327075,7290000327075,סודה בטעם לימון ליים,רגיל,0,1.81,7.00,7.00,מוצרי מכולת ,יח',מוצרי מכולת ,
7290000327242,7290000327242,סודה נגיעות אפרסק 275 מ""ל,רגיל,-1,2.16,5.90,6.90,משקאות ,יח',משקאות ,
7290000336282,7290000336282,סיידר תפוחים,רגיל,0,2.90,7.00,7.00,מוצרי מכולת ,יח',מוצרי מכולת ,
7290000345260,7290000345260,תה ויסוצקי,רגיל,25,5.40,9.90,9.90,מוצרי בית,יח',מוצרי בית,
7290000347738,7290000347738,ויסוצקי-תה ירוק נענע,רגיל,8,19.80,27.90,27.90,מוצרי בית,יח',מוצרי בית,
7290000355498,7290000355498,רוטב עגבניות,רגיל,0,0.00,5.90,5.90,מוצרי מכולת ,יח',מוצרי מכולת ,
7290000377445,7290000377445,חטיפי נאצו'ס קליית גת,רגיל,0,6.10,10.00,10.00,מוצרי מכולת ,יח',מוצרי מכולת ,
7290000377452,7290000377452,ליימן גת-גרעיני אבטיח 200,רגיל,0,10.11,15.90,15.90,פיצוחים,יח',פיצוחים,
7290000377612,7290000377612,סחוט תפוז,רגיל,0,6.16,10.00,10.00,מוצרי מכולת ,יח',מוצרי מכולת ,
7290000406354,7290000406354,דנונה ק 1,רגיל,0,3.44,6.90,6.90,מוצרי מקרר ,יח',מוצרי מקרר ,
7290000408316,7290000408316,דנונה ביו 3%,רגיל,-13,2.78,4.90,4.90,מוצרי מקרר ,יח',מוצרי מקרר ,
7290000408354,7290000408354,בר דנונה פצפוצ,רגיל,18,3.44,6.90,6.90,מוצרי מקרר ,יח',מוצרי מקרר ,
7290000416021,7290000416021,ממרח שוקלד השחר,רגיל,11,11.80,20.00,20.00,מוצרי מכולת ,יח',מוצרי מכולת ,
7290000430102,7290000430102,שקית קרח ,רגיל,313,5.00,11.90,11.90,מוצרי בית,יח',מוצרי בית,
7290000433103,7290000433103,משקה אנרגיה XL משמש,רגיל,8,3.45,6.90,7.90,משקאות ,יח',משקאות ,
7290000433103,7290000433103,משקה אנרגיה XL משמש,רגיל,8,2.38,6.90,7.90,משקאות ,יח',משקאות ,
7290000433110,7290000433110,משקה אנרגיה XL מנגו אננס,רגיל,63,3.45,6.90,7.90,משקאות ,יח',משקאות ,
7290000433110,7290000433110,משקה אנרגיה XL מנגו אננס,רגיל,63,2.38,6.90,7.90,משקאות ,יח',משקאות ,
7290000450209,7290000450209,פוסידון נתחי טונה בהירה בשמן (צהובה),רגיל,339,5.10,6.90,6.90,מוצרי בית,יח',מוצרי בית,
7290000461625,7290000461625,"בייגלה שמיניות עם מלח, 400 גרם ",רגיל,1,7.31,12.90,12.90,חטיפים מתוקים ,יח',חטיפים מתוקים ,
7290000461793,7290000461793,בייגלה 150 גר',רגיל,22,4.90,8.50,8.50,חטיפים מתוקים ,יח',חטיפים מתוקים ,
7290000467320,7290000467320,צבר חומוס אבו מרוואן 6*400גרם,רגיל,0,10.51,17.90,17.90,מוצרי מקרר ,יח',מוצרי מקרר ,
7290000467887,7290000467887,ןביסלי פיצה 24*55גם,רגיל,1,2.01,6.90,6.90,חטיפים מלוחים ,יח',חטיפים מלוחים ,
7290000468747,7290000468747,בסלי גריל 55 גרם ,רגיל,0,2.95,5.90,5.90,חטיפים מלוחים ,יח',חטיפים מלוחים ,
7290000468877,7290000468877,בצל 48*55גרם,רגיל,5,2.30,5.90,5.90,חטיפים מלוחים ,יח',חטיפים מלוחים ,
7290000474076,7290000474076,חלב קרטון 3% 1 ל,רגיל,0,4.37,6.23,6.23,מוצרי מכולת ,יח',מוצרי מכולת ,
7290000474090,7290000474090,חלב קרטון 1 ל' 1%,רגיל,0,4.14,8.90,8.90,מוצרי מקרר ,יח',מוצרי מקרר ,
7290000474373,7290000474373,שמנת 15% חמוצה 200 מ"ל,רגיל,0,1.70,2.84,2.84,מוצרי מכולת ,יח',מוצרי מכולת ,
7290000474502,7290000474502,לבנה טרה 5%,רגיל,0,3.58,6.50,6.50,מוצרי מכולת ,יח',מוצרי מכולת ,
7290000480107,7290000480107,שיבולת שועל קווקר,רגיל,0,10.80,19.90,19.90,מוצרי מכולת ,יח',מוצרי מכולת ,
7290000490243,7290000490243,עיגולידה,רגיל,0,0.00,11.00,11.00,מוצרי מכולת ,יח',מוצרי מכולת ,
7290000504025,7290000504025,סוכרזית קלאסי,רגיל,0,0.00,10.00,10.00,מוצרי מכולת ,יח',מוצרי מכולת ,
7290000512150,7290000512150,זוג וילון גרב לחלון,רגיל,0,0.00,40.00,40.00,מוצרי מכולת ,יח',מוצרי מכולת ,
7290000523125,7290000523125,מלח הארץ 250 ג',רגיל,31,4.57,7.90,7.90,מוצרי בית,יח',מוצרי בית,
7290000525969,7290000525969,מיץ תפוזים 1 ליטר,רגיל,4,11.92,21.90,21.90,מוצרי מקרר ,יח',מוצרי מקרר ,
7290000540252,7290000540252,שיפודים 3 ממ*30 סמ 100יח גריל,רגיל,34,2.00,4.90,5.90,מוצרי בית,יח',מוצרי בית,
7290000540276,7290000540276,שיפודים 5 ממ*30 סמ 50יח גריל,רגיל,17,2.00,4.90,4.90,חד פעמי,יח',חד פעמי,
7290000540504,7290000540504,ארובה רויאל BBQ הדלקת פחמים 6,רגיל,5,42.90,84.90,84.90,מוצרי חצר תחנה ,יח',מוצרי חצר תחנה ,
7290000540948,7290000540948,דובשניות 400 גרם,רגיל,0,6.50,11.90,12.90,חטיפים מתוקים ,יח',חטיפים מתוקים ,
7290000561189,7290000561189,חמוציות - חממה,רגיל,0,0.00,9.90,9.90,מוצרי מכולת ,יח',מוצרי מכולת ,
7290000561202,7290000561202,גרעינים חמניה חממה 200 ג',רגיל,0,0.00,6.90,6.90,מוצרי מכולת ,יח',מוצרי מכולת ,
7290000561233,7290000561233,חממה-בוטן קלוי,רגיל,0,0.00,6.00,6.00,מוצרי מכולת ,יח',מוצרי מכולת ,
7290000561240,7290000561240,חממה-גרעין דלעת,רגיל,0,0.00,9.00,9.00,מוצרי מכולת ,יח',מוצרי מכולת ,
7290000561301,7290000561301,משמש מיובש חממה,רגיל,0,0.00,9.90,9.90,מוצרי מכולת ,יח',מוצרי מכולת ,
7290000561981,7290000561981,חממה-אגוז מלך,רגיל,0,0.00,16.00,16.00,מוצרי מכולת ,יח',מוצרי מכולת ,
7290000572208,7290000572208,חלווה אחווה 100 גרם,רגיל,44,2.20,4.90,4.90,חטיפים מתוקים ,יח',חטיפים מתוקים ,
7290000572536,7290000572536,חלבה וניל מגש 400ג אחוה,רגיל,9,7.99,12.90,13.90,מוצרי בית,יח',מוצרי בית,
7290000572543,7290000572543,חלבה שוקו וניל מגש 400ג אחוה,רגיל,7,7.90,12.90,13.90,מוצרי בית,יח',מוצרי בית,
7290000572628,7290000572628,חטיפי חלבה ללתס 275ג אחוה,רגיל,0,9.40,15.90,15.90,מוצרי בית,יח',מוצרי בית,
7290000572673,7290000572673,חטיף חלבה 10 יח 300 גרם אחוה,רגיל,0,9.40,15.90,15.90,מוצרי בית,יח',מוצרי בית,
7290000688077,7290000688077,מי עדן 500 מ"ל,רגיל,1550,1.71,5.00,5.00,מוצרי מכולת ,יח',מוצרי מכולת ,
7290000805368,7290000805368,בונזו גורים 3 ק״ג,רגיל,3,40.45,69.90,69.90,בעלי חיים ,יח',בעלי חיים ,
7290000805597,7290000805597,בונזו סניור 3 ק״ג,רגיל,2,28.68,49.90,49.90,בעלי חיים ,יח',בעלי חיים ,
7290000805894,7290000805894,לה קט עוף 1.5 ק״ג,רגיל,0,22.95,39.90,36.90,בעלי חיים ,יח',בעלי חיים ,
7290000859354,7290000859354,יוגורט 1.5 ליטר,רגיל,0,12.20,18.90,18.90,מוצרי מקרר ,יח',מוצרי מקרר ,
7290001045169,7290001045169,מיץ תפוחי עץ,רגיל,0,0.00,16.00,16.00,מוצרי מכולת ,יח',מוצרי מכולת ,
7290001045633,7290001045633,מיץ לימונים ונענע,רגיל,8,5.38,10.90,10.90,מוצרי מקרר ,יח',מוצרי מקרר ,
7290001045657,7290001045657,פרימור תפוחים צלול 400 מ"ל,רגיל,1,5.22,10.90,10.90,מוצרי מקרר ,יח',מוצרי מקרר ,
7290001045686,7290001045686,תפוזים סחוט פרימור,רגיל,0,6.49,10.00,10.00,מוצרי מכולת ,יח',מוצרי מכולת ,
7290001045688,7290001045688,פרימור תפוזים 400 מ"ל,רגיל,2,6.95,11.90,11.90,מוצרי מקרר ,יח',מוצרי מקרר ,
7290001110027,7290001110027,רשת למנגל מגולוון 23/38 ס״מ קמפטאון,רגיל,4,6.00,9.90,9.90,מוצרי חצר תחנה ,יח',מוצרי חצר תחנה ,
7290001121146,7290001121146,פסטרמה הודו מעושנת,רגיל,0,34.00,0.00,0.00,מוצרי מכולת ,יח',מוצרי מכולת ,
7290001121221,7290001121221,חזה אווז מעושן 100 גרם,רגיל,0,0.00,27.90,27.90,מוצרי מכולת ,יח',מוצרי מכולת ,
7290001121849,7290001121849,פסטרמה ברביקיו 250 ג,רגיל,0,15.01,0.00,0.00,מוצרי מכולת ,יח',מוצרי מכולת ,
7290001121931,7290001121931,קבנוס בסגנון מקסיקני,רגיל,0,0.00,12.90,12.90,מוצרי מכולת ,יח',מוצרי מכולת ,
7290001216040,7290001216040,טחינה אל ארז,רגיל,0,0.00,18.00,18.00,מוצרי מכולת ,יח',מוצרי מכולת ,
7290001216057,7290001216057,רבע לשבע,רגיל,0,0.00,32.00,32.00,מוצרי מכולת ,יח',מוצרי מכולת ,
7290001246634,7290001246634,נוזל אסלות חומצה 1 ליטר,רגיל,0,5.00,11.90,12.90,מוצרי ניקיון ו טיפוח אישי,יח',מוצרי ניקיון ו טיפוח אישי,
7290001247068,7290001247068,ספרינג-קרטון- תות בננה,רגיל,0,4.95,10.00,10.00,מוצרי מכולת ,יח',מוצרי מכולת ,
7290001247099,7290001247099,ספרינג קרטון - מנגו,רגיל,17,4.87,9.90,10.90,משקאות ,יח',משקאות ,
7290001247105,7290001247105,נקטר אפרסק-קרטון,רגיל,0,4.87,9.90,10.90,משקאות ,יח',משקאות ,
7290001247112,7290001247112,ספרינג קרטון - לימונענע,רגיל,0,4.87,9.90,10.90,משקאות ,יח',משקאות ,
7290001247129,7290001247129,ספרינג קרטון - תפוזים,רגיל,14,4.87,9.90,10.90,משקאות ,יח',משקאות ,
7290001247143,7290001247143,ספרינג קרטון -תפוחים,רגיל,18,4.87,9.90,10.90,משקאות ,יח',משקאות ,
7290001247723,7290001247723,ספרינג תות בננה 330 מ"ל,רגיל,8,3.47,6.90,7.90,משקאות ,יח',משקאות ,
7290001247730,7290001247730,ספרינג מנגו 330 מ"ל,רגיל,5,3.47,6.90,7.90,משקאות ,יח',משקאות ,
7290001247747,7290001247747,ספרינג תפוח 330 מ"ל,רגיל,23,3.47,6.90,7.90,משקאות ,יח',משקאות ,
7290001247754,7290001247754,RC פחית,רגיל,0,2.35,7.90,7.90,מוצרי מכולת ,יח',מוצרי מכולת ,
7290001247891,7290001247891,ספרינג אפרסק 330 מ"ל,רגיל,6,3.47,6.90,7.90,משקאות ,יח',משקאות ,
7290001258170,7290001258170,חריץ רוקפר,רגיל,0,309.00,309.00,309.00,מוצרי מכולת ,יח',מוצרי מכולת ,
7290001274132,7290001274132,מצופה שוקו חלב,רגיל,0,0.00,6.00,6.00,מוצרי מכולת ,יח',מוצרי מכולת ,
7290001274149,7290001274149,מצופה שוקו שוקו,רגיל,0,0.00,6.00,6.00,מוצרי מכולת ,יח',מוצרי מכולת ,
7290001274170,7290001274170,שוקו ביס,רגיל,0,0.00,8.00,8.00,מוצרי מכולת ,יח',מוצרי מכולת ,
7290001274231,7290001274231,פסטיק,רגיל,0,0.00,8.00,8.00,מוצרי מכולת ,יח',מוצרי מכולת ,
7290001274262,7290001274262,לוקס ספיישל,רגיל,0,2.10,7.90,7.90,גלידות ,יח',גלידות ,
7290001274279,7290001274279,גלית תות וניל,רגיל,0,3.50,5.90,5.90,גלידות ,יח',גלידות ,
7290001274293,7290001274293,סנקור גלידה חלבית,רגיל,0,0.00,8.00,8.00,מוצרי מכולת ,יח',מוצרי מכולת ,
7290001302194,7290001302194,בסלי פלאפל 55 גרם ,רגיל,23,2.00,5.90,5.90,חטיפים מלוחים ,יח',חטיפים מלוחים ,
7290001302279,7290001302279,במבה 60גר',רגיל,0,3.37,6.90,6.90,חטיפים מלוחים ,יח',חטיפים מלוחים ,
7290001305188,7290001305188,פלמוליב כלים שקוף,רגיל,0,10.97,18.00,18.00,מוצרי מכולת ,יח',מוצרי מכולת ,
7290001407318,7290001407318,חלבה מסולסלת וניל 250גרם,רגיל,0,10.86,20.00,20.00,מוצרי מכולת ,יח',מוצרי מכולת ,
7290001407363,7290001407363,כד 450 ג טחינה גולמית,רגיל,14,9.78,15.90,15.90,מוצרי בית,יח',מוצרי בית,
7290001407394,7290001407394, חלבה שוקו 50 ג,רגיל,10,1.13,4.00,4.00,מוצרי מכולת ,יח',מוצרי מכולת ,
7290001407417,7290001407417, חלבה וניל 50 גר,רגיל,-1,1.14,4.00,4.00,חטיפים מתוקים ,יח',חטיפים מתוקים ,
7290001419793,7290001419793,גביע גלידה מגולגל 12 יח עלמה,רגיל,9,8.90,14.90,14.90,גלידות ,יח',גלידות ,
7290001485019,7290001485019,ק.שמנת 5% טרה,רגיל,0,7.91,15.00,15.00,מוצרי מכולת ,יח',מוצרי מכולת ,
7290001485026,7290001485026,ק.שמנת זיתים 200 5%,רגיל,0,8.30,14.00,14.00,מוצרי מכולת ,יח',מוצרי מכולת ,
7290001485545,7290001485545,גבינה לבנה 5% 50 ג',רגיל,0,0.90,3.00,3.00,מוצרי מכולת ,יח',מוצרי מכולת ,
7290001567760,7290001567760,פסטרמה של פעם 300 גרם,רגיל,0,14.99,29.90,29.90,מוצרי מכולת ,יח',מוצרי מכולת ,
7290001567814,7290001567814,סלמי מעושן איטלקי 300 גרם,רגיל,0,0.00,19.90,19.90,מוצרי מכולת ,יח',מוצרי מכולת ,
7290001567937,7290001567937,סלמי בסגנון איטלקי מפולפל,רגיל,0,0.00,13.90,13.90,מוצרי מכולת ,יח',מוצרי מכולת ,
7290001594025,7290001594025,קוקה קולה קלאסי 350 מ"ל,רגיל,61,3.58,8.50,9.50,משקאות ,יח',משקאות ,
7290001594117,7290001594117,סליק פאנטה ענבים 330 מ"ל,רגיל,86,2.52,6.90,7.90,משקאות ,יח',משקאות ,
7290001594155,7290001594155,קוקה קולה 500 מ"ל ,רגיל,49,3.58,8.90,9.90,משקאות ,יח',משקאות ,
7290001594179,7290001594179,פאנטה אורנג' 500,רגיל,-47,3.58,8.90,9.90,משקאות ,יח',משקאות ,
7290001594230,7290001594230,קינלי סודה 250,רגיל,0,2.63,5.90,6.90,משקאות ,יח',משקאות ,
7290001594254,7290001594254,פריגת אשכוליות 330 מ"ל ,רגיל,125,2.68,7.90,8.90,משקאות ,יח',משקאות ,
7290001594278,7290001594278,פריגת ענבים 330 מ"ל ,רגיל,110,2.68,7.90,8.90,משקאות ,יח',משקאות ,
7290001594377,7290001594377,פריגת תפוזים 500,רגיל,71,2.98,7.90,8.90,משקאות ,יח',משקאות ,
7290001594384,7290001594384,פריגת אשכוליות 500,רגיל,53,3.06,7.90,8.90,משקאות ,יח',משקאות ,
7290001594391,7290001594391,פריגת ענבים 500,רגיל,79,3.06,7.90,8.90,משקאות ,יח',משקאות ,
7290001594544,7290001594544,מאלט בקבוק 330 מ""ל,רגיל,0,3.86,7.90,10.90,משקאות ,יח',משקאות ,
7290001594988,7290001594988,פריגת תפוזים 330 מ"ל ,רגיל,77,2.68,7.90,8.90,משקאות ,יח',משקאות ,
7290001648902,7290001648902,קפה כתר,רגיל,0,0.00,6.00,6.00,מוצרי מכולת ,יח',מוצרי מכולת ,
7290001648919,7290001648919,קפה כתר 3 יח',רגיל,0,6.00,15.00,15.00,מוצרי מכולת ,יח',מוצרי מכולת ,
7290001696736,7290001696736,פקאן סיני - חממה,רגיל,0,0.00,13.90,13.90,מוצרי מכולת ,יח',מוצרי מכולת ,
7290001696767,7290001696767,בוטן קליפה - חממה,רגיל,0,0.00,9.90,9.90,מוצרי מכולת ,יח',מוצרי מכולת ,
7290001713914,7290001713914,אקונומיקה סנט מוריס,רגיל,0,0.00,12.00,12.00,מוצרי מכולת ,יח',מוצרי מכולת ,
7290001716397,7290001716397,צלחת 9 קשיחה קרם,רגיל,0,3.00,7.00,7.00,מוצרי מכולת ,יח',מוצרי מכולת ,
7290001725023,7290001725023,דקסרון 3 4 ATF ליטר,רגיל,0,60.00,139.90,139.90,מוצרי מכולת ,יח',מוצרי מכולת ,
7290001725818,7290001725818,טורבו מוטור סופר 4 SJ/CG 4 15W40 ליטר,רגיל,0,7.00,135.00,135.00,שמנים,יח',שמנים,
7290001726044,7290001726044,בונזור קרואסון חלבה קרטון 6 קג,רגיל,0,2.00,5.90,5.90,חטיפים מתוקים ,יח',חטיפים מתוקים ,
7290001780138,7290001780138,קראנץ וניל,רגיל,0,6.87,9.90,9.90,גלידות ,יח',גלידות ,
7290001780800,7290001780800,קראנץ במילוי נוגט,רגיל,6,7.96,12.80,12.80,גלידות ,יח',גלידות ,
7290001813454,7290001813454,חיוכים שוקו,רגיל,0,0.00,0.00,0.00,מוצרי מכולת ,יח',מוצרי מכולת ,
7290001813478,7290001813478,חיוכים וניל וניל - 6 יח',רגיל,0,0.00,19.90,19.90,מוצרי מכולת ,יח',מוצרי מכולת ,
7290001813881,7290001813881,פתי בר קלאסי,רגיל,0,8.83,14.00,14.00,מוצרי מכולת ,יח',מוצרי מכולת ,
7290001814147,7290001814147,ממרח בטעם שוקולד,רגיל,0,0.00,16.00,16.00,מוצרי מכולת ,יח',מוצרי מכולת ,
7290001814222,7290001814222,שוקלד פרה חלב עדשים,רגיל,0,0.00,7.00,7.00,מוצרי מכולת ,יח',מוצרי מכולת ,
7290001817063,7290001817063,טופי מזל וברכות מגדי,רגיל,0,13.49,20.00,20.00,מוצרי מכולת ,יח',מוצרי מכולת ,
7290001817377,7290001817377,ציטוס איקס עיגול,רגיל,-1,2.90,5.90,6.90,חטיפים מלוחים ,יח',חטיפים מלוחים ,
7290001817728,7290001817728,צ'יטוס כאפה 55 גרם (קטשוב ),רגיל,4,2.20,5.90,6.90,חטיפים מלוחים ,יח',חטיפים מלוחים ,
7290001985007,7290001985007,שוקו שוקו ,רגיל,3,3.98,6.90,6.90,גלידות ,יח',גלידות ,
7290002014232,7290002014751,מיקי כרוב 200 גרם,רגיל,0,4.20,7.90,7.90,מוצרי מקרר ,יח',מוצרי מקרר ,
7290002014799,7290002014799,מיקי מטבוחה 200 גרם,רגיל,0,6.84,11.90,11.90,מוצרי מקרר ,יח',מוצרי מקרר ,
7290002026303,7290002026303,קרם עוגיות 150מ""ל,רגיל,13,7.62,14.00,14.00,מוצרי מכולת ,יח',מוצרי מכולת ,
7290002026778,7290002026778,גלידה ניו יורק סופר ש/וקולד עם חתיכות,רגיל,0,18.30,25.00,25.00,גלידות ,יח',גלידות ,
7290002026976,7290002026976,שוקולד מילק קוקיס 500 מ""ל,רגיל,0,0.00,25.00,25.00,מוצרי מכולת ,יח',מוצרי מכולת ,
7290002026983,7290002026983,שוקולד בצק עוגיות 500 מ""ל,רגיל,0,0.00,25.00,25.00,מוצרי מכולת ,יח',מוצרי מכולת ,
7290002043065,7290002043065,פריכונים חום מלא-אקסטרה,רגיל,0,5.38,9.90,9.90,מוצרי מכולת ,יח',מוצרי מכולת ,
7290002043072,7290002043072,פריכונים אורז ציפוי שוקולד,רגיל,0,5.38,9.90,9.90,מוצרי מכולת ,יח',מוצרי מכולת ,
7290002043096,7290002043096,אקסטרה פריכונים ציפוי שוקולד לבן,רגיל,0,5.38,9.90,9.90,מוצרי מכולת ,יח',מוצרי מכולת ,
7290002043188,7290002043188,אקסטרה צילי חריף,רגיל,0,3.92,7.90,7.90,מוצרי בית,יח',מוצרי בית,
7290002043218,7290002043218,אקסטרה מלח ים,רגיל,0,3.92,8.00,8.00,מוצרי מכולת ,יח',מוצרי מכולת ,
7290002043379,7290002043379,אקסטרה עדשים שחורים,רגיל,0,3.92,8.00,8.00,מוצרי מכולת ,יח',מוצרי מכולת ,
7290002043782,7290002043782,אקסטרה טקסס ברביקיו,רגיל,0,3.92,8.00,8.00,מוצרי מכולת ,יח',מוצרי מכולת ,
7290002057048,7290002057048,סורי מבוקע A2 זית יבנה,רגיל,9,9.90,17.90,18.90,מוצרי בית,יח',מוצרי בית,
7290002057109,7290002057109,מנזלינוA2ג.מ ירוק560ג ק.״י,רגיל,1,8.00,15.90,15.90,מוצרי בית,יח',מוצרי בית,
7290002057123,7290002057123,חרוזית ירוק A2 560ג ק. יבנה,רגיל,11,7.00,13.90,13.90,מוצרי בית,יח',מוצרי בית,
7290002057185,7290002057185,טבעות ירוק זית A2 560ג ק. יבנה,רגיל,10,7.00,13.90,13.90,מוצרי בית,יח',מוצרי בית,
7290002057352,7290002057352,מלפפון מלח 7-9 A2 560ג ק.י,רגיל,15,4.20,7.90,8.90,מוצרי בית,יח',מוצרי בית,
7290002057369,7290002057369,מלפפון מלח 10-12 A2 560ג ק.י,רגיל,9,5.00,9.90,10.90,מוצרי בית,יח',מוצרי בית,
7290002057376,7290002057376,מלפפון מלח 13-17 A2 560ג ק. י,רגיל,19,6.00,9.90,10.90,מוצרי בית,יח',מוצרי בית,
7290002057383,7290002057383,מלפפון מלח 18-25 A2 560ג ק. י,רגיל,0,6.99,11.90,11.90,מוצרי בית,יח',מוצרי בית,
7290002057437,7290002057437,שיפקונית A2 560ג קבוצת יבנה,רגיל,9,7.40,13.90,14.90,מוצרי בית,יח',מוצרי בית,
7290002057451,7290002057451,מלפפון חומץ 7-9 A2 560ג ק. י,רגיל,8,4.40,7.90,8.90,מוצרי בית,יח',מוצרי בית,
7290002057468,7290002057468,מלפפון חומץ 10-12 A2 560ג ק. י,רגיל,12,5.30,9.90,10.90,מוצרי בית,יח',מוצרי בית,
7290002057475,7290002057475,מלפפון חומץ 13-17 A2 560ג ק.י,רגיל,13,5.90,9.90,10.90,מוצרי בית,יח',מוצרי בית,
7290002057475,7290002057475,מלפפון חומץ 13-17 A2 560ג ק.י,רגיל,13,6.00,9.90,10.90,מוצרי בית,יח',מוצרי בית,
7290002057482,7290002057482,מלפפון חומץ 18-25 A2 560ג ק. י,רגיל,3,6.99,13.90,14.90,מוצרי בית,יח',מוצרי בית,
7290002057604,7290002057604,שיפקה A2 560ג קבוצת יבנה,רגיל,18,4.20,7.90,8.90,מוצרי בית,יח',מוצרי בית,
7290002057628,7290002057628,טבעות מושחר A2 זית יבנה,רגיל,10,7.10,13.90,14.90,מוצרי בית,יח',מוצרי בית,
7290002057734,7290002057734,ח.מושחר ללא. ג. A2 560ג ק.י,רגיל,9,7.40,13.90,14.90,מוצרי בית,יח',מוצרי בית,
7290002096009,7290002096009,דובשניות,רגיל,0,7.50,12.00,12.00,מוצרי מכולת ,יח',מוצרי מכולת ,
7290002107743,7290002107743,צפתית טרה 4 ק""ג,רגיל,0,147.11,158.21,158.21,מוצרי מכולת ,יח',מוצרי מכולת ,
7290002107798,7290002107798,בולגרית טרה מעודנת,רגיל,0,15.60,25.00,25.00,מוצרי מכולת ,יח',מוצרי מכולת ,
7290002130567,7290002130567,דבש טהור,רגיל,0,8.00,15.00,15.00,מוצרי מכולת ,יח',מוצרי מכולת ,
7290002132011,7290002132011,עבאדי קלאסי 400 גרם,רגיל,0,14.40,22.90,23.90,חטיפים מלוחים ,יח',חטיפים מלוחים ,
7290002200388,7290002200388,מסטיקס רול גאם תות שדה,רגיל,12,4.10,7.90,,חטיפים מלוחים ,יח',חטיפים מלוחים ,
7290002211044,7290002211044,סולת ארז 1 קג  ,רגיל,10,4.50,8.90,8.90,מוצרי בית,יח',מוצרי בית,
7290002211112,7290002211112,קמח חיטה לבן,רגיל,0,0.00,6.00,6.00,מוצרי מכולת ,יח',מוצרי מכולת ,
7290002211112,7290002211112,קמח חיטה לבן,רגיל,0,3.00,6.00,6.00,מוצרי מכולת ,יח',מוצרי מכולת ,
7290002211518,7290002211518,קמח חיטה מנופה כחול 1 קג,רגיל,-2,3.90,6.90,7.90,מוצרי בית,יח',מוצרי בית,
7290002260059,7290002260059,במבה יום הולדת 60 גרם ,רגיל,0,3.37,6.90,6.90,חטיפים מלוחים ,יח',חטיפים מלוחים ,
7290002317005,7290002317005,זיתים מושחרים,רגיל,0,0.00,10.00,10.00,מוצרי מכולת ,יח',מוצרי מכולת ,
7290002317296,7290002317296,שיפקה,רגיל,0,0.00,6.90,6.90,מוצרי מכולת ,יח',מוצרי מכולת ,
7290002317319,7290002317319,מלפפונים בחמוץ,רגיל,0,0.00,7.00,7.00,מוצרי מכולת ,יח',מוצרי מכולת ,
7290002317388,7290002317388,ירקות מעורבים מוטולה,רגיל,0,0.00,28.00,28.00,מוצרי מכולת ,יח',מוצרי מכולת ,
7290002317852,7290002317852,מלפפון במלח מוטולה,רגיל,0,0.00,28.00,28.00,מוצרי מכולת ,יח',מוצרי מכולת ,
7290002318743,7290002318743,דבק מהיר  סופר גלו,רגיל,0,2.97,5.90,5.90,מוצרי מכולת ,יח',מוצרי מכולת ,
7290002323198,7290002323198,ספרינג תפוח 1.5,רגיל,0,0.00,10.00,10.00,מוצרי מכולת ,יח',מוצרי מכולת ,
7290002331018,7290002331018,נביעות 500 פ.שטוח פיקדון ,רגיל,1221,1.53,5.90,6.90,משקאות ,יח',משקאות ,
7290002331124,7290002331124,נביעות + תפוח 500 מ"ל ,רגיל,42,3.91,7.90,8.90,משקאות ,יח',משקאות ,
7290002331155,7290002331155,נביעות + אפרסק 500 מ"ל ,רגיל,243,3.91,7.90,8.90,משקאות ,יח',משקאות ,
7290002331360,7290002331360,נביעות 500 מ"ל TO GO,מכלול,360,1.55,5.90,5.90,מוצרי מכולת ,יח',מוצרי מכולת ,
7290002331490,7290002331490,נביעות 1 ליטר,רגיל,159,1.95,6.90,7.90,משקאות ,יח',משקאות ,
7290002331711,7290002331711,נביעות + ענבים 500 מ"ל ,רגיל,48,3.91,7.90,8.90,משקאות ,יח',משקאות ,
7290002348061,7290002348061,פטריות שמפניון חתוכות,רגיל,0,0.00,5.00,5.00,מוצרי מכולת ,יח',מוצרי מכולת ,
7290002374312,7290002374312,שמן קנולה מילומור 1 ליטר,רגיל,1,6.65,11.90,11.90,מוצרי בית,יח',מוצרי בית,
7290002502166,7290003703227,חצי באגט,רגיל,900,1.56,2.00,2.00,מוצרי שימוש מטבח -חנות ,יח',מוצרי שימוש מטבח -חנות ,
7290002502203,7290002502203,בונז'ור בורקס גבינה 6 קג קרטון,רגיל,1,106.70,125.91,125.91,מוצרי מכולת ,יח',מוצרי מכולת ,
7290002538011,7290002538011,ביסקוטה בטעם שוקו וניל,רגיל,0,0.00,9.00,9.00,מוצרי מכולת ,יח',מוצרי מכולת ,
7290002541370,7290002541370,חלב סויה,רגיל,0,9.41,14.90,14.90,מוצרי מכולת ,יח',מוצרי מכולת ,
7290002570134,7290002570134,בקלואה 900- פח גרם ,רגיל,3,94.00,144.90,146.00,ממתקים ,יח',ממתקים ,
7290002570158,7290002570158,בקלואה 400 גרם ,רגיל,2,20.00,35.40,36.40,ממתקים ,יח',ממתקים ,
7290002578061,7290002578061,לבבות דקל שלמים 400 גרם,רגיל,24,9.40,15.90,,מוצרי חצר תחנה ,יח',מוצרי חצר תחנה ,
7290002663829,7290002663829,שוויפס ביטר לימון 1.5 ליטר,רגיל,0,4.00,9.90,10.90,משקאות ,יח',משקאות ,
7290002752332,7290002752332,מנטוס פירות,רגיל,-3,2.00,4.90,5.90,חטיפים מתוקים ,יח',חטיפים מתוקים ,
7290002752349,7290002752349,מינטוס מנטה,רגיל,-11,2.20,4.90,5.90,חטיפים מתוקים ,יח',חטיפים מתוקים ,
7290002753605,7290002753605,חטיפי אגוזי ווופל במילוי,רגיל,0,0.72,0.90,0.90,חטיפים מתוקים ,יח',חטיפים מתוקים ,
7290002753995,7290002753995,קישוטי עוגה,רגיל,10,13.20,26.00,26.00,מוצרי מכולת ,יח',מוצרי מכולת ,
7290002756545,7290002756545,אבטיח קלוי 200 גרם מגדן,רגיל,2,8.40,14.90,14.90,פיצוחים,יח',פיצוחים,
7290002758167,7290002758167,בוטן קלוי 200 גרם,רגיל,0,6.40,11.90,11.90,פיצוחים,יח',פיצוחים,
7290002758198,7290002758198,דלעת 200 גרם מגדן,רגיל,0,8.40,14.90,14.90,פיצוחים,יח',פיצוחים,
7290002758266,7290002758266,חמניות 200 גרם מגדן ,רגיל,0,4.80,9.90,9.90,פיצוחים,יח',פיצוחים,
7290002758280,7290002758280,פקאן סיני 100 גרם מגדן ,רגיל,0,7.40,14.90,14.90,פיצוחים,יח',פיצוחים,
7290002758341,7290002758341,פיסטוק קלוי 200 גרם מגדן,רגיל,5,15.60,29.90,30.90,מוצרי בית,יח',מוצרי בית,
7290002758549,7290002758549,קבוקים מטריפים 200 גרם מגדן,רגיל,0,4.90,9.90,11.90,פיצוחים,יח',פיצוחים,
7290002758587,7290002758587,מנצים 200 גרם מגדן ,רגיל,4,7.60,13.90,13.90,פיצוחים,יח',פיצוחים,
7290002758662,7290002758662,אגוז מלך 200 גרם מגדן,רגיל,0,11.20,19.90,19.90,פיצוחים,יח',פיצוחים,
7290002769316,7290002769316,עוגת קראנץ',רגיל,0,0.00,15.00,15.00,מוצרי מכולת ,יח',מוצרי מכולת ,
7290002769347,7290002769347,עוגיות ממולאות,רגיל,0,7.00,14.90,14.90,חטיפים מתוקים ,יח',חטיפים מתוקים ,
7290002769392,7290002769392,חטיף קשוי אננס,רגיל,0,0.00,23.00,23.00,מוצרי מכולת ,יח',מוצרי מכולת ,
7290002769514,7290002769514,עוגיות הזהב כעכים מלוחים,רגיל,0,0.00,13.90,13.90,מוצרי מכולת ,יח',מוצרי מכולת ,
7290002814016,7290002814016,נמסיר שומנים קר סנט מוריץ,רגיל,0,8.00,16.90,16.90,חטיפים מתוקים ,יח',חטיפים מתוקים ,
7290002814528,7290002814528,נוזל לניקוי אסלות סנט מוריץ 1 ליטר,רגיל,12,4.50,6.90,7.90,מוצרי ניקיון ו טיפוח אישי,יח',מוצרי ניקיון ו טיפוח אישי,
7290002814931,7290002814931,תכשיר מרוכז לניקוי רצפות,רגיל,0,0.00,14.00,14.00,מוצרי מכולת ,יח',מוצרי מכולת ,
7290002824183,7290002824183,סקי משפחתי 5%,רגיל,5,8.27,16.90,16.90,מוצרי מקרר ,יח',מוצרי מקרר ,
7290002824466,7290002824466,דנונב ביו 0%,רגיל,0,2.86,4.00,4.00,מוצרי מכולת ,יח',מוצרי מכולת ,
7290002824640,7290002824640,סקי 5% 250 גרם ,רגיל,1,4.13,5.81,5.81,מוצרי מקרר ,יח',מוצרי מקרר ,
7290002868545,7290002868545,יוגורט 3 ק""ג,רגיל,0,20.75,32.00,32.00,מוצרי מכולת ,יח',מוצרי מכולת ,
7290002868675,7290002868675,מגורדת 28% 3 מהדרין,רגיל,0,153.40,153.40,153.40,מוצרי מכולת ,יח',מוצרי מכולת ,
7290002868996,7290002868996,קוטג' 5% טרה,רגיל,0,4.53,8.00,8.00,מוצרי מכולת ,יח',מוצרי מכולת ,
7290002871460,7290002871460,פריגת תפוז 1.5,רגיל,24,5.80,12.00,12.00,מוצרי מכולת ,יח',מוצרי מכולת ,
7290002871477,7290002871477,פריגת אשכוליות 1.5,רגיל,0,5.75,12.00,12.00,מוצרי מכולת ,יח',מוצרי מכולת ,
7290002871484,7290002871484,פריגט תפוזים דל קלוריות,רגיל,0,0.00,10.00,10.00,מוצרי מכולת ,יח',מוצרי מכולת ,
7290002922117,7290002922117,עוגיות פרימיום,רגיל,0,0.00,22.90,22.90,מוצרי מכולת ,יח',מוצרי מכולת ,
7290002994824,7290002994824,3 בייגלה רומני ארוז ,רגיל,-9,10.50,16.00,16.00,לחם ,יח',לחם ,
7290003009312,7290003009312,ליימן גת-בוטן קלוי 200 גרם ,רגיל,0,5.70,7.90,7.90,פיצוחים,יח',פיצוחים,
7290003009336,7290003009336,קבוקים קליית גת,רגיל,0,4.70,7.90,7.90,פיצוחים,יח',פיצוחים,
7290003009619,7290003009619,סירופ בטעם ענבים,רגיל,0,0.00,25.00,25.00,מוצרי מכולת ,יח',מוצרי מכולת ,
7290003009626,7290003009626,סירופ בטעם פטל,רגיל,0,0.00,25.00,25.00,מוצרי מכולת ,יח',מוצרי מכולת ,
7290003009633,7290003009633,סירופ בטעם לימון,רגיל,0,0.00,25.00,25.00,מוצרי מכולת ,יח',מוצרי מכולת ,
7290003009640,7290003009640,סחוט תפוז 1 ליטר רגיל,רגיל,0,11.30,17.00,17.00,מוצרי מכולת ,יח',מוצרי מכולת ,
7290003029181,7290003029181,שוקו 1 ליטר,רגיל,-11,8.78,13.90,13.90,מוצרי מקרר ,יח',מוצרי מקרר ,
7290003029369,7290003029369,בננה,רגיל,0,3.72,6.90,6.90,מוצרי מקרר ,יח',מוצרי מקרר ,
7290003029372,7290003029372,שוקו בננה 1 ליטר ,רגיל,0,8.78,13.90,13.90,מוצרי מקרר ,יח',מוצרי מקרר ,
7290003029389,7290003029389,פונץ בטעם בננה 250 מ""ל,רגיל,-4,3.72,6.90,6.90,מוצרי מקרר ,יח',מוצרי מקרר ,
7290003029433,7290003029433,שוקו פקק 250 מ"ל,רגיל,9,3.72,6.90,6.90,מוצרי מקרר ,יח',מוצרי מקרר ,
7290003029532,7290003029532,מוקה 1 לייטר,רגיל,13,8.78,13.90,13.90,מוצרי מקרר ,יח',מוצרי מקרר ,
7290003029532,7290003029532,מוקה 1 לייטר,רגיל,13,8.78,13.90,13.90,מוצרי מקרר ,יח',מוצרי מקרר ,
7290003029815,7290003029815,חלב מעושר 3% 2ליטר,רגיל,44,12.94,18.90,18.90,מוצרי מקרר ,יח',מוצרי מקרר ,
7290003029907,7290003029907,אייס קפה 1 ליטר,רגיל,-2,8.78,13.90,13.90,מוצרי מקרר ,יח',מוצרי מקרר ,
7290003047642,7290003047642,ליפטון צהוב,רגיל,0,0.00,15.00,15.00,מוצרי מכולת ,יח',מוצרי מכולת ,
7290003120475,7290003120475,נאלט 500 מ""ל,רגיל,0,3.87,10.00,10.00,מוצרי מכולת ,יח',מוצרי מכולת ,
7290003120482,7290003120482,משטח תוצרת פלסטיק ק'ק,רגיל,11,170.00,170.00,170.00,מוצרי מכולת ,יח',מוצרי מכולת ,
7290003126958,7290003126958,טופו 300 גר',רגיל,0,8.45,15.00,15.00,מוצרי מכולת ,יח',מוצרי מכולת ,
7290003139842,7290003139842,פופ קורן חמאה,רגיל,0,6.78,12.00,12.00,מוצרי מכולת ,יח',מוצרי מכולת ,
7290003139859,7290003139859,פופ קורן מלוח,רגיל,0,6.78,12.00,12.00,מוצרי מכולת ,יח',מוצרי מכולת ,
7290003143276,7290003143276,יוגוטנה מרשמלו,רגיל,0,0.00,10.00,10.00,מוצרי מכולת ,יח',מוצרי מכולת ,
7290003143382,7290003143382,ליימן בלון גרדנה מיני 1/50 (,רגיל,0,0.72,1.90,1.90,חטיפים מתוקים ,יח',חטיפים מתוקים ,
7290003145096,7290003145096,ליימן בלון גרדנה מיני מיקס,רגיל,129,0.79,1.90,1.90,חטיפים מתוקים ,יח',חטיפים מתוקים ,
7290003145751,7290003145751,ליימן גת-קשיו קלוי* 200 גרם (,רגיל,0,13.63,19.90,20.90,פיצוחים,יח',פיצוחים,
7290003145959,7290003145959,"ליימן גת, פקאן טבעי (12)*",רגיל,2,14.40,21.90,21.90,פיצוחים,יח',פיצוחים,
7290003321155,7290003321155,דנונה בר פקאן,רגיל,0,3.44,6.90,6.90,מוצרי מקרר ,יח',מוצרי מקרר ,
7290003332007,7290003332007,קפה נחלה אדום הל 250ג,רגיל,17,16.03,27.90,25.90,פיצוחים,יח',פיצוחים,
7290003332021,7290003332021,קפה נחלה 1 ק""ג,רגיל,0,0.00,60.00,60.00,מוצרי מכולת ,יח',מוצרי מכולת ,
7290003332113,7290003332113,גרעיני אבטיח 100ג,רגיל,30,4.27,9.90,11.90,פיצוחים,יח',פיצוחים,
7290003332120,7290003332120,גרעיני אבטיח נח'לה 200 גרם,רגיל,0,8.54,13.90,13.90,פיצוחים,יח',פיצוחים,
7290003332144,7290003332144,מעורב בינוני  400 ג,רגיל,8,13.96,19.90,19.90,פיצוחים,יח',פיצוחים,
7290003332168,7290003332168,תערובת אקסטרא 400 גרם,רגיל,65,23.69,33.90,33.90,פיצוחים,יח',פיצוחים,
7290003332182,7290003332182,שחורים 200גרם,רגיל,192,4.81,8.90,11.90,פיצוחים,יח',פיצוחים,
7290003332199,7290003332199,גרעיני חמניה 400ד,רגיל,0,7.00,11.90,11.90,פיצוחים,יח',פיצוחים,
7290003332205,7290003332205,פיסטוק חלבי 100ג,רגיל,20,7.19,9.90,11.90,פיצוחים,יח',פיצוחים,
7290003332274,7290003332274,שקד קלוף 100ג,רגיל,13,7.19,9.90,11.90,פיצוחים,יח',פיצוחים,
7290003332304,7290003332304,קאשיו 100ג,רגיל,4,7.19,9.90,11.90,פיצוחים,יח',פיצוחים,
7290003332328,7290003332328,גרעיני דלעת - 100 גרם ,רגיל,8,3.82,9.90,9.90,פיצוחים,יח',פיצוחים,
7290003332373,7290003332373,מומתאזה 400 גרם,רגיל,56,18.63,25.90,26.90,פיצוחים,יח',פיצוחים,
7290003332427,7290003332427,מאנציזס נחלה,רגיל,0,0.00,12.00,12.00,מוצרי מכולת ,יח',מוצרי מכולת ,
7290003332540,7290003332540,מעורב עממי 400גרם,רגיל,2,8.96,12.90,12.90,פיצוחים,יח',פיצוחים,
7290003332571,7290003332571,בוטנים מקולפים 200ג,רגיל,0,8.96,14.90,14.90,פיצוחים,יח',פיצוחים,
7290003332755,7290003332755,קפה אבו סלמה 900 גרם,רגיל,8,55.56,89.90,89.90,מוצרי בית,יח',מוצרי בית,
7290003332779,7290003332779,קפה סלמה 500 גרם,רגיל,12,29.91,44.90,43.90,פיצוחים,יח',פיצוחים,
7290003387205,7290003387205,ספייד סטיק גברים,רגיל,0,22.80,29.90,30.90,מוצרי ניקיון ו טיפוח אישי,יח',מוצרי ניקיון ו טיפוח אישי,
7290003450602,7290003450602,ממרי חרדל היינץ,רגיל,7,6.79,11.00,11.00,מוצרי מכולת ,יח',מוצרי מכולת ,
7290003457861,7290003457861,סולרו טרופי ,רגיל,30,6.32,11.90,11.90,גלידות ,יח',גלידות ,
7290003561803,7290003561803,סירופ למאפים,רגיל,0,0.00,0.00,0.00,מוצרי מכולת ,יח',מוצרי מכולת ,
7290003578061,7290003578061,לבבות דקל שלמים 400ג,רגיל,-9,9.20,17.90,18.90,מוצרי בית,יח',מוצרי בית,
7290003608089,7290003608089,ספרינג תות בננה 1.5 ליטר,רגיל,0,0.00,10.00,10.00,מוצרי מכולת ,יח',מוצרי מכולת ,
7290003643387,7290003643387,סוכר לבן 1 ק"ג,רגיל,11,7.20,14.90,14.90,מוצרי בית,יח',מוצרי בית,
7290003643684,7290003643684,אפונה 500 גרם,רגיל,0,3.90,7.90,8.80,מוצרי בית,יח',מוצרי בית,
7290003658718,7290003658718,גלון אוריה 50 ל,רגיל,21,20.00,65.00,65.00,שמנים,יח',שמנים,
7290003667109,7290003667109,פאנטה אורנג' 1.5,רגיל,12,6.01,12.90,13.90,משקאות ,יח',משקאות ,
7290003667369,7290003667369,פריגת תות בננה,רגיל,0,0.00,10.00,10.00,מוצרי מכולת ,יח',מוצרי מכולת ,
7290003703418,7290003703418,גביניות 6 ק""ג,רגיל,1,128.39,168.33,168.33,מוצרי שימוש מטבח -חנות ,יח',מוצרי שימוש מטבח -חנות ,
7290003806577,7290003806577,דורדוראנט dove,רגיל,0,0.00,14.00,14.00,מוצרי מכולת ,יח',מוצרי מכולת ,
7290003896141,7290003896141,אלמונדוס קליית גת,רגיל,0,5.95,10.00,10.00,מוצרי מכולת ,יח',מוצרי מכולת ,
7290003911165,7290003911165,כנף עוף מתובל ארוז 10 ק״ג,רגיל,0.000,15.00,40.00,40.00,בשרים ,ק"ג,בשרים ,
7290003911264,7290003911264,שיפודי פרגית מתובל ארוז מגש9 ק״ג,רגיל,-1.835,65.00,99.90,99.90,בשרים ,ק"ג,בשרים ,
7290003911684,7290003911684,אנטריקוט אנגוס פיטום פרוס זוגות 250 גרם ,רגיל,5.035,80.00,124.90,124.90,בשרים ,יח',בשרים ,
7290004063016,7290004063016,מלח שולחן מעולה,רגיל,53,1.40,2.09,2.90,מוצרי בית,יח',מוצרי בית,
7290004119522,7290004119522,שק שוקו,רגיל,0,0.00,4.00,4.00,מוצרי מכולת ,יח',מוצרי מכולת ,
7290004121754,7290004121754,יופלה גבינה,רגיל,0,0.00,5.00,5.00,מוצרי מכולת ,יח',מוצרי מכולת ,
7290004122270,7290004122270,גבינה צהובה העמק 28%,רגיל,-1,13.44,18.90,18.90,מוצרי מקרר ,יח',מוצרי מקרר ,
7290004124205,7290004124205,"יוגורט ביו דיאט תות 0%, 150 גרם",רגיל,0,3.69,6.90,6.90,מוצרי מכולת ,יח',מוצרי מכולת ,
7290004124776,7290004124776,גבינה עמק 400 גרם 28% שומן,רגיל,0,21.54,0.00,0.00,מוצרי מכולת ,יח',מוצרי מכולת ,
7290004125400,7290004125400,אשל 4.5%,רגיל,9,1.41,1.99,1.99,מוצרי מקרר ,יח',מוצרי מקרר ,
7290004125417,7290004125417,גיל 3%,רגיל,0,1.28,1.78,1.78,מוצרי מקרר ,יח',מוצרי מקרר ,
7290004125455,4125455,שמנת אורגינל 15%,רגיל,0,2.08,2.80,2.80,מוצרי מכולת ,יח',מוצרי מכולת ,
7290004125578,7290004125578,משקה סויה,רגיל,7,7.32,12.90,12.90,מוצרי מכולת ,יח',מוצרי מכולת ,
7290004125721,7290004125721,השף לבן שמנת לבישול 250 מ"ל ,רגיל,0,6.77,8.90,8.90,מוצרי מקרר ,יח',מוצרי מקרר ,
7290004125776,7290004125776,ג.צהובה עמק 400 גרם,רגיל,1,24.55,37.90,37.90,מוצרי מכולת ,יח',מוצרי מכולת ,
7290004126872,7290004126872,שוקו תנובה בקבוק 250מ""ל,רגיל,17,4.45,6.50,6.50,מוצרי מקרר ,יח',מוצרי מקרר ,
7290004127077,7290004127077,קוטג 3% שומן,רגיל,0,4.60,6.00,6.00,מוצרי מכולת ,יח',מוצרי מכולת ,
7290004127800,7290004127800,גבינה לבנה 5%,רגיל,0,8.28,11.62,11.62,מוצרי מקרר ,יח',מוצרי מקרר ,
7290004129118,4129118,גבינה נפוליאון זיתים,רגיל,0,10.78,14.90,14.90,מוצרי מכולת ,יח',מוצרי מכולת ,
7290004131074,7290004131074,חלב 3% קרטון,רגיל,572,5.36,7.35,7.35,מוצרי מקרר ,יח',מוצרי מקרר ,
7290004131531,7290004131531,שוקו בקבוק 1 לייטר,רגיל,0,0.00,14.00,14.00,מוצרי מכולת ,יח',מוצרי מכולת ,
7290004135614,7290004135614,פיראוס 5%,רגיל,0,18.42,25.90,25.90,מוצרי מקרר ,יח',מוצרי מקרר ,
7290004199777,7290004199777,צימרוני פלסטיק צבעונית 300,רגיל,0,5.00,9.90,9.90,מוצרי חצר תחנה ,יח',מוצרי חצר תחנה ,
7290004200930,7290004200930,זיקוק 15סמ - 2יח,רגיל,7,4.59,7.90,7.90,מוצרי יום הולדת ו מתנות ,יח',מוצרי יום הולדת ו מתנות ,
7290004219079,7290004219079,לבבות דקל חתוך 400ג,רגיל,14,7.40,15.90,16.90,מוצרי בית,יח',מוצרי בית,
7290004423353,7290004423353,פריגת טעם תפוחים 1.5 ליטר,רגיל,0,0.00,12.00,12.00,מוצרי מכולת ,יח',מוצרי מכולת ,
7290004492762,7290004492762,נשנשים בטעם טבעי,רגיל,0,10.60,16.00,16.00,מוצרי מכולת ,יח',מוצרי מכולת ,
7290004554330,7290004554330,שטראוס קרטיב דובדובן,רגיל,1,1.98,3.90,3.90,גלידות ,יח',גלידות ,
7290004554781,7290004554781,קרטיב לימון ,רגיל,0,1.96,4.00,4.00,גלידות ,יח',גלידות ,
7290004554798,7290004554798,שלגון מטרה 19,רגיל,4,3.98,9.90,9.90,גלידות ,יח',גלידות ,
7290004584351,7290004584351,סימפוניה החמיש ,רגיל,1,7.91,11.90,11.90,מוצרי מקרר ,יח',מוצרי מקרר ,
7290004584528,7290004584528,דנונה ביו 1.7%,רגיל,-3,2.78,5.00,5.00,מוצרי מקרר ,יח',מוצרי מקרר ,
7290004634025,7290004634025,ערכת קפה תיק אמישראגז,רגיל,5,119.00,200.00,200.00,מוצרי מכולת ,יח',מוצרי מכולת ,
7290004634155,7290004634155,מיכל גז חד פעמי 230גרם - כוול שסתום ,רגיל,79,6.00,11.90,11.90,מוצרי חצר תחנה ,יח',מוצרי חצר תחנה ,
7290004634162,7290004634162,מיכל שסתום הברגה 460 גר',רגיל,23,19.00,34.90,34.90,מוצרי חצר תחנה ,יח',מוצרי חצר תחנה ,
7290004634179,7290004634179,מיכל שסתום 230 גר',רגיל,3,13.00,25.00,25.00,מוצרי חצר תחנה ,יח',מוצרי חצר תחנה ,
7290004634186,7290004634186,כירת גז ניידת משופרת 220 גרם,רגיל,2,62.00,99.90,99.90,מוצרי חצר תחנה ,יח',מוצרי חצר תחנה ,
7290004634223,7290004634223,מבער למערכת בישול +ברז,רגיל,3,45.00,69.90,69.90,מוצרי חצר תחנה ,יח',מוצרי חצר תחנה ,
7290004634230,7290004634230,כירת גז ניידת אמישראגז,רגיל,4,62.00,109.90,109.90,מוצרי חצר תחנה ,יח',מוצרי חצר תחנה ,
7290004634247,7290004634247,תיק ערכת קפה פלוס אמישראגז,רגיל,0,129.00,220.00,220.00,מוצרי מכולת ,יח',מוצרי מכולת ,
7290004634292,7290004634292,גריל נייד,רגיל,0,120.00,200.00,200.00,מוצרי מכולת ,יח',מוצרי מכולת ,
7290004731076,7290004731076,אל סבון קטיפתי ירוק,רגיל,0,0.00,14.00,14.00,מוצרי מכולת ,יח',מוצרי מכולת ,
7290004731083,7290004731083,אל סבון קטיפתי ורוד,רגיל,0,0.00,14.00,14.00,מוצרי מכולת ,יח',מוצרי מכולת ,
7290004860677,7290004860677,מזלג פלסטיק 50 יח,רגיל,0,3.50,9.90,9.90,חד פעמי,יח',חד פעמי,
7290004872021,,קרח רמזור,רגיל,80,1.90,4.00,4.00,מוצרי מכולת ,יח',מוצרי מכולת ,
7290004872069,7290004872069,קרח לימון,רגיל,48,1.90,4.00,4.00,גלידות ,יח',גלידות ,
7290004872243,7290004872243,שלגטו בננה,רגיל,25,3.46,7.00,7.00,מוצרי מכולת ,יח',מוצרי מכולת ,
7290004872250,7290004872250,שרבט אבטיח,רגיל,10,4.46,8.90,8.90,גלידות ,יח',גלידות ,
7290004872359,7290004872359,קרח דובדבן,רגיל,8,1.85,4.00,4.00,מוצרי מכולת ,יח',מוצרי מכולת ,
7290004872731,7290004872731,נסטלה שלגון בטעם וניל,רגיל,0,0.00,15.00,15.00,מוצרי מכולת ,יח',מוצרי מכולת ,
7290004872786,7290004872786,טילון פקרן סיני בתוספת ופל,רגיל,0,6.95,15.00,15.00,מוצרי מכולת ,יח',מוצרי מכולת ,
7290004873592,7290004873592,וניל מצופה פטל,רגיל,0,3.47,7.00,7.00,מוצרי מכולת ,יח',מוצרי מכולת ,
7290005011412,7290005011412,עמבה,רגיל,0,0.00,10.00,10.00,מוצרי מכולת ,יח',מוצרי מכולת ,
7290005079320,7290005079320,בולגרית 24% טרה,רגיל,0,183.00,183.00,183.00,מוצרי מכולת ,יח',מוצרי מכולת ,
7290005079412,7290005079412,אמנטל 3 קילו לפריסה,רגיל,0,132.97,132.97,132.97,מוצרי מכולת ,יח',מוצרי מכולת ,
7290005095061,7290005095061,נר נשמה 26 שעות פח שקד,רגיל,-16,0.95,1.90,2.80,מוצרי בית,יח',מוצרי בית,
7290005095375,7290005095375,כוס שתיה קרה 100 יח,רגיל,36,1.89,3.90,4.90,מוצרי בית,יח',מוצרי בית,
7290005095658,7290005095658,אשבול תירס,רגיל,0,0.00,9.00,9.00,מוצרי מכולת ,יח',מוצרי מכולת ,
7290005095719,7290005095719,אשבול חיטה מלאה,רגיל,0,0.00,9.00,9.00,מוצרי מכולת ,יח',מוצרי מכולת ,
7290005111761,7290005111761,בונזו בשר 3 ק״ג,רגיל,2,28.68,49.90,49.90,בעלי חיים ,יח',בעלי חיים ,
7290005113222,7290005113222,מיקס זיתים2 קוקטיל 560ג ק. י ·,רגיל,19,7.70,15.90,16.90,מוצרי בית,יח',מוצרי בית,
7290005174551,7290005174551,חומוס יום יום,רגיל,0,0.00,5.00,5.00,מוצרי מכולת ,יח',מוצרי מכולת ,
7290005174568,7290005174568,חציל מיונז,רגיל,0,3.85,8.00,8.00,מוצרי מכולת ,יח',מוצרי מכולת ,
7290005174575,7290005174575,טחינה אחלה,רגיל,0,0.00,5.00,5.00,מוצרי מכולת ,יח',מוצרי מכולת ,
7290005197758,7290005197758,חיוכים שוקו 150 גרם,רגיל,3,3.90,6.90,6.90,חטיפים מתוקים ,יח',חטיפים מתוקים ,
7290005199578,7290005199578,פלטינום נטול 200 גרם,רגיל,0,25.50,18.00,18.00,מוצרי מכולת ,יח',מוצרי מכולת ,
7290005199622,7290005199622,עד חצות מריר,רגיל,0,12.55,17.90,17.90,חטיפים מתוקים ,יח',חטיפים מתוקים ,
7290005200786,7290005200786,תפוצ'יפס שמנת בצל 50 גרם,רגיל,1,2.70,5.90,6.90,חטיפים מלוחים ,יח',חטיפים מלוחים ,
7290005200908,7290005200908,קראנץ אדום,רגיל,0,0.00,8.00,8.00,מוצרי מכולת ,יח',מוצרי מכולת ,
7290005201882,7290005201882,קפה טורקי 200ג,רגיל,0,17.19,22.00,22.00,מוצרי בית,יח',מוצרי בית,
7290005278012,7290005278012,סחוט תפוזים,רגיל,0,4.00,9.90,10.90,משקאות ,יח',משקאות ,
7290005278013,7290005278013,סחוט תפוזים 500 מ"ל,רגיל,1,7.50,11.90,12.50,משקאות ,יח',משקאות ,
7290005278020,7290005278020,סחוט למונדה 500 מ""ל,רגיל,0,0.00,10.00,10.00,מוצרי מכולת ,יח',מוצרי מכולת ,
7290005278037,7290005278037,נקטר תות שדה 500 מ''ל,רגיל,0,0.00,11.50,11.50,מוצרי מכולת ,יח',מוצרי מכולת ,
7290005278044,7290005278044,סחוט תות בננה 500 מ"ל,רגיל,7,7.50,11.50,12.50,משקאות ,יח',משקאות ,
7290005278068,7290005278068,סחוט תפוז בננה,רגיל,0,0.00,11.50,11.50,מוצרי מכולת ,יח',מוצרי מכולת ,
7290005278075,7290005278075,סחוט פירות יער,רגיל,0,6.82,11.50,11.50,מוצרי מכולת ,יח',מוצרי מכולת ,
7290005278082,7290005278082,סחוט משקה אננס,רגיל,0,0.00,11.50,11.50,מוצרי מכולת ,יח',מוצרי מכולת ,
7290005278099,7290005278099,סחוט נקטר מנגו,רגיל,0,6.82,11.50,12.50,משקאות ,יח',משקאות ,
7290005278105,7290005278105,אפרסק סחטו,רגיל,0,0.00,11.50,11.50,מוצרי מכולת ,יח',מוצרי מכולת ,
7290005278112,7290005278112,משקה תפוח קיווי אגס 500 מ''ל,רגיל,0,0.00,10.00,10.00,מוצרי מכולת ,יח',מוצרי מכולת ,
7290005278136,7290005278136,תפוח מלא סחוט טרי,רגיל,0,5.00,11.50,11.50,מוצרי מכולת ,יח',מוצרי מכולת ,
7290005278143,7290005278143,סחוט תמר בננה 500 מ"ל,רגיל,4,7.50,11.50,12.50,משקאות ,יח',משקאות ,
7290005278150,7290005278150,משקה גויאבה עם נגיעות אוכמניות500 מ''ל,רגיל,0,0.00,10.00,10.00,מוצרי מכולת ,יח',מוצרי מכולת ,
7290005278174,7290005278174,סחוט לימונענע 500 מ"ל,רגיל,-1,7.50,11.50,12.50,משקאות ,יח',משקאות ,
7290005278228,7290005278228,סחוט מנגו פספלורה 500 מ"ל,רגיל,1,7.50,12.90,12.90,מוצרי מכולת ,יח',מוצרי מכולת ,
7290005278242,7290005278242,סחוט אננס גינגיר,רגיל,0,0.00,10.00,10.00,מוצרי מכולת ,יח',מוצרי מכולת ,
7290005278259,7290005278259,גזר תפוח,רגיל,-1,5.00,10.00,10.00,מוצרי מכולת ,יח',מוצרי מכולת ,
7290005278419,7290005278419,משקה סחוט תפוז גזר 1 ליטר,רגיל,0,0.00,16.00,16.00,מוצרי מכולת ,יח',מוצרי מכולת ,
7290005278433,7290005278433,סחוט טמר בננה 1 לייטר,רגיל,0,0.00,16.00,16.00,מוצרי מכולת ,יח',מוצרי מכולת ,
7290005278440,7290005278440,סחוט תפוז גזר 500 מ"ל,רגיל,3,7.50,11.50,11.50,מוצרי מכולת ,יח',מוצרי מכולת ,
7290005278457,7290005278457,תפוח דובדבן 250 מ״ל Dovdevan tapuh,רגיל,17,7.00,11.90,14.90,משקאות ,יח',משקאות ,
7290005278464,7290005278464,סחוט פירות אקגוטים,רגיל,0,6.40,11.50,12.50,משקאות ,יח',משקאות ,
7290005278471,7290005278471,סחוט למון נענע 1ל""ר,רגיל,0,0.00,16.00,16.00,מוצרי מכולת ,יח',מוצרי מכולת ,
7290005278488,7290005278488,סחוט תות בננה 1ל""ר,רגיל,0,0.00,16.00,16.00,מוצרי מכולת ,יח',מוצרי מכולת ,
7290005278532,7290005278532,סחוט תפוזים 1 לייטר,רגיל,0,0.00,16.00,16.00,מוצרי מכולת ,יח',מוצרי מכולת ,
7290005278631,7290005278631,סחוט למונדה 1 לייטר,רגיל,0,0.00,16.00,16.00,מוצרי מכולת ,יח',מוצרי מכולת ,
7290005278693,7290005278693,סחוט חמוציות 1 ל""ר,רגיל,0,0.00,16.00,16.00,מוצרי מכולת ,יח',מוצרי מכולת ,
7290005287510,7290005287510,ס. ק טונה בשמן עם פלפל חריף 160 גרם ב״י,רגיל,7,5.94,7.90,7.90,מוצרי מכולת ,יח',מוצרי מכולת ,
7290005287527,7290005287527,ס.ק טונה בשמן עם לימון 160 גרם ב״י,רגיל,27,5.94,7.90,7.90,מוצרי מכולת ,יח',מוצרי מכולת ,
7290005427107,7290005427107,סושי 6 מגבות נייר סנו,רגיל,0,8.50,16.90,16.90,מוצרי בית,יח',מוצרי בית,
7290005431159,7290005431159,תותים בקצפת,רגיל,0,0.00,0.00,0.00,מוצרי מכולת ,יח',מוצרי מכולת ,
7290005431883,7290005431883,מלבי חלבי,רגיל,12,5.04,7.90,7.90,מוצרי מקרר ,יח',מוצרי מקרר ,
7290005431890,7290005431890,בוואריה,רגיל,1,5.04,7.90,7.90,מוצרי מקרר ,יח',מוצרי מקרר ,
7290005431906,5431906,קדאיף,רגיל,6,5.04,7.90,7.90,מוצרי מקרר ,יח',מוצרי מקרר ,
7290005431913,7290005431913,עוגת גבינה פירורים-שחור,רגיל,2,5.04,7.90,7.90,מוצרי מקרר ,יח',מוצרי מקרר ,
7290005431920,7290005431920,עוגת גבינה פירורים עדן,רגיל,0,5.04,7.90,7.90,מוצרי מקרר ,יח',מוצרי מקרר ,
7290005431951,7290005431951,מוס שוקלד,רגיל,0,5.04,7.90,7.90,מוצרי מקרר ,יח',מוצרי מקרר ,
7290005564253,7290005564253,ספריינג אגס תפוח,רגיל,0,0.00,10.00,10.00,מוצרי מכולת ,יח',מוצרי מכולת ,
7290005604133,7290005604133,פריגת מנגו 1.5 ליטר,רגיל,0,0.00,12.00,12.00,מוצרי מכולת ,יח',מוצרי מכולת ,
7290005604652,7290005604652,פאנטה בטעם ענבים 1.5 ליטר,רגיל,0,0.00,10.00,10.00,מוצרי מכולת ,יח',מוצרי מכולת ,
7290005605901,7290005605901,פאנטה Exotic 1.5 ליטר,רגיל,0,0.00,10.00,10.00,מוצרי מכולת ,יח',מוצרי מכולת ,
7290005605994,7290005605994,פאנטה קלאסי 350 מ"ל,רגיל,29,3.58,8.50,9.50,משקאות ,יח',משקאות ,
7290005638107,7290005638107,עוגיות מרוקאיות 350 גרם,רגיל,0,0.00,14.00,14.00,מוצרי מכולת ,יח',מוצרי מכולת ,
7290005651052,7290005651052,לה קט מיקס 1.5 ק״ג,רגיל,0,24.08,39.90,36.90,בעלי חיים ,יח',בעלי חיים ,
7290005651427,7290005651427,בונזו מולטיפאק 3*400 גרם,רגיל,0,11.56,20.90,20.90,בעלי חיים ,יח',בעלי חיים ,
7290005682087,7290005682087,אולטרה סינט 1 לייטר 10W40,רגיל,0,17.70,60.00,60.00,שמנים,יח',שמנים,
7290005803628,7290005803628,קרח מלון,רגיל,-4,1.68,4.00,4.00,גלידות ,יח',גלידות ,
7290005839108,7290005839108,סימפוניה שמנת,רגיל,-5,7.91,12.90,12.90,מוצרי מקרר ,יח',מוצרי מקרר ,
7290005839313,7290005839313,מילקי טופ מגולגלת,רגיל,40,3.34,5.90,5.90,מוצרי מקרר ,יח',מוצרי מקרר ,
7290005896637,7290005896637,בקבוק סן בדיטו 1.5 ליטר,רגיל,276,2.22,8.50,9.50,משקאות ,יח',משקאות ,
7290005996009,7290005996009,סלמי נקניק מעושן 400 גרם,רגיל,0,0.00,25.00,25.00,מוצרי מכולת ,יח',מוצרי מכולת ,
7290005996078,7290005996078,סרוולט בסגנון הונרי,רגיל,0,0.00,25.90,25.90,מוצרי מכולת ,יח',מוצרי מכולת ,
7290005996160,7290005996160,נקנקיות צ'וריסו 280 גרם,רגיל,0,12.70,22.90,22.90,מוצרי מכולת ,יח',מוצרי מכולת ,
7290005996221,7290005996221,פסטרמה של פעם דק דק,רגיל,0,0.00,10.90,10.90,מוצרי מכולת ,יח',מוצרי מכולת ,
7290005996238,7290005996238,פסטרמה עם דבש דק דק,רגיל,0,0.00,10.90,10.90,מוצרי מכולת ,יח',מוצרי מכולת ,
7290005996276,7290005996276,פסטרמה ברביקיו,רגיל,0,7.50,15.00,15.00,מוצרי מכולת ,יח',מוצרי מכולת ,
7290005996979,7290005996979,סלמי פרח 200גר',רגיל,0,12.80,20.00,20.00,מוצרי מכולת ,יח',מוצרי מכולת ,
7290006210197,7290006210197,רוגאלך 6 ק""ג,רגיל,1,103.36,135.52,135.52,מוצרי שימוש מטבח -חנות ,יח',מוצרי שימוש מטבח -חנות ,
7290006210203,7290006210203,בונזור בורקס תפו""ח 6 קג קרטון,רגיל,1,92.64,109.32,109.32,מוצרי מכולת ,יח',מוצרי מכולת ,
7290006210258,7290006210258,בונזור תפוחית שמרים קרטון 6קג,רגיל,0,0.00,0.00,0.00,מוצרי מכולת ,יח',מוצרי מכולת ,
7290006210289,7290006210289,בונז'ור שנק קינמון 6 ק""ג,רגיל,0,0.00,1.00,1.00,מוצרי מכולת ,יח',מוצרי מכולת ,
7290006210340,7290006210340,בונזור ביס בטעם שוקולד קרטון,רגיל,2,109.64,219.28,219.28,מוצרי שימוש מטבח -חנות ,יח',מוצרי שימוש מטבח -חנות ,
7290006210357,7290006210357,שנק פיצה 6 ק""ג,רגיל,0,161.46,0.00,0.00,מוצרי מכולת ,יח',מוצרי מכולת ,
7290006210456,7290006210456,בונזור פילס פטריות 6קג,רגיל,1,135.31,177.41,177.41,מוצרי שימוש מטבח -חנות ,יח',מוצרי שימוש מטבח -חנות ,
7290006210685,7290006210685,ובונזור פטיט פאן לבן 180*60 גרם,רגיל,0,0.80,1.00,1.00,מוצרי שימוש מטבח -חנות ,יח',מוצרי שימוש מטבח -חנות ,
7290006241153,7290006241153,ליימן גת-פקאן סיני מתוק־150,רגיל,0,14.10,21.90,21.90,פיצוחים,יח',פיצוחים,
7290006241214,7290006241214,ליימן נת-שקד טבעי* 200 גרם (,רגיל,3,13.70,19.90,19.90,פיצוחים,יח',פיצוחים,
7290006364500,7290006364500,פרגית סיידר תפוחים 330 מ"ל ,רגיל,130,3.40,7.90,7.90,משקאות ,יח',משקאות ,
7290006376626,7290006376626,ר.ס אבקת סוכר  100 גרם ,רגיל,0,1.40,3.90,4.90,מוצרי בית,יח',מוצרי בית,
7290006376695,7290006376695,אבקת אפיה עשריות ר.ס,רגיל,34,1.40,3.90,4.90,מוצרי בית,יח',מוצרי בית,
7290006459770,7290006459770,כוס יהלום 250מל שקד 40יח,רגיל,7,3.10,5.90,6.90,מוצרי בית,יח',מוצרי בית,
7290006459961,7290006459961,אובלט כחול,רגיל,0,0.00,10.00,10.00,מוצרי מכולת ,יח',מוצרי מכולת ,
7290006459978,7290006459978,אובלט ירוק,רגיל,0,0.00,10.00,10.00,מוצרי מכולת ,יח',מוצרי מכולת ,
7290006511157,7290006511157,פטריות שלם 400גויליפוד,רגיל,12,5.80,9.90,10.90,מוצרי בית,יח',מוצרי בית,
7290006644480,7290006644480,תפוזינה תפוז 0.5 פט פק. LS,רגיל,0,3.49,6.90,7.90,משקאות ,יח',משקאות ,
7290006644510,7290006644510,תפוזינה ענב 0.5 פט פק. LS,רגיל,0,3.49,6.90,7.90,משקאות ,יח',משקאות ,
7290006644527,7290006644527,תפוזינה תותבננה5. ספט פקLS,רגיל,0,3.49,6.90,7.90,משקאות ,יח',משקאות ,
7290006644626,7290006644626,ספריינג פירות טרופים,רגיל,0,0.00,8.00,8.00,מוצרי מכולת ,יח',מוצרי מכולת ,
7290006681065,7290006681065,טעמקור XL,רגיל,3,5.93,11.90,11.90,גלידות ,יח',גלידות ,
7290006681553,7290006681553,קרמבו וניל מארז,רגיל,0,15.55,19.90,19.90,גלידות ,יח',גלידות ,
7290006681560,7290006681560,קרמבו מוקה,רגיל,0,15.55,19.90,19.90,גלידות ,יח',גלידות ,
7290006775030,7290006775030,נאפה אחוה עוגת שוקו צ׳יפס,רגיל,0,8.00,11.90,11.90,חטיפים מתוקים ,יח',חטיפים מתוקים ,
7290006775054,7290006775054,נאפה אחוה עוגת שיש 450 גר׳ (,רגיל,0,8.00,11.90,11.90,חטיפים מתוקים ,יח',חטיפים מתוקים ,
7290006775405,7290006775405,מאפין שוקו ציפס 45ג אחוה,רגיל,64,0.82,2.90,2.90,חטיפים מתוקים ,יח',חטיפים מתוקים ,
7290006784360,7290006784360,תרסיס חלונית סנט מוריץ,רגיל,0,0.00,7.00,7.00,מוצרי מכולת ,יח',מוצרי מכולת ,
7290006822840,7290006822840,מאלטי בירה,רגיל,0,3.86,8.90,8.90,משקאות ,יח',משקאות ,
7290006855008,7290006855008,חטיף תמרים אגוזי מלך,רגיל,0,0.00,5.00,5.00,מוצרי מכולת ,יח',מוצרי מכולת ,
7290006855015,7290006855015,BAR BARY - אנרגיה 30 גרם,רגיל,0,0.00,31.90,31.90,מוצרי מכולת ,יח',מוצרי מכולת ,
7290006855022,7290006855022,חטיף תמרים קוקוס ואגוזי לוז,רגיל,0,0.00,5.00,5.00,מוצרי מכולת ,יח',מוצרי מכולת ,
7290006855046,7290006855046,חטיף BARBARY אגוזי מלך חמוציות,רגיל,0,0.00,5.00,5.00,מוצרי מכולת ,יח',מוצרי מכולת ,
7290006866363,7290006866363, מיץ אשליות %100,רגיל,0,11.53,21.90,21.90,מוצרי מקרר ,יח',מוצרי מקרר ,
7290006908384,7290006908384,פיסטוק חלבי חממה,רגיל,0,0.00,13.90,13.90,מוצרי מכולת ,יח',מוצרי מכולת ,
7290006908391,7290006908391,קשיו חממה,רגיל,0,0.00,13.90,13.90,מוצרי מכולת ,יח',מוצרי מכולת ,
7290006908667,7290006908667,שזיף מגולען חממה,רגיל,0,0.00,13.90,13.90,מוצרי מכולת ,יח',מוצרי מכולת ,
7290006983176,7290006983176,לחמית שיפון,רגיל,3,6.45,12.90,15.90,חטיפים מלוחים ,יח',חטיפים מלוחים ,
7290006983763,7290006983763,עוגת הבית שוקולד 400 גרם,רגיל,7,10.62,16.90,15.90,חטיפים מתוקים ,יח',חטיפים מתוקים ,
7290006983770,7290006983770,עוגת הבית שיש 400 גרם,רגיל,-2,12.43,16.90,15.90,חטיפים מתוקים ,יח',חטיפים מתוקים ,
7290006983787,7290006983787,עוגת שוקולד צ׳יפס  400גרם,רגיל,2,10.62,14.90,15.90,חטיפים מתוקים ,יח',חטיפים מתוקים ,
7290006983794,7290006983794,עוגת בית תפוז,רגיל,6,10.63,16.90,15.90,חטיפים מתוקים ,יח',חטיפים מתוקים ,
7290006984647,7290006984647,פריכונים מלוח,רגיל,0,0.00,9.90,9.90,מוצרי מכולת ,יח',מוצרי מכולת ,
7290008175814,7290008175814,פטריות חתוך 400ג בד״צ ויליפוד,רגיל,4,4.15,8.90,9.90,מוצרי בית,יח',מוצרי בית,
7290008464000,7290008464000,סבן אפ 1.5,רגיל,0,4.77,7.90,8.90,משקאות ,יח',משקאות ,
7290008464369,7290008464369,פפסי 330 מ""ל פחית כחול,רגיל,0,2.67,5.90,5.90,חטיפים מתוקים ,יח',חטיפים מתוקים ,
7290008464376,7290008464376,מירנדה   330 מ""ל פחית,רגיל,1,2.67,5.90,6.90,משקאות ,יח',משקאות ,
7290008464383,7290008464383,סבן אב  330 מ""ל פחית,רגיל,1,2.67,5.90,6.90,משקאות ,יח',משקאות ,
7290008464505,7290008464505,סן בונדיטו 500 מ"ל ,רגיל,-732,1.52,5.90,6.90,משקאות ,יח',משקאות ,
7290008464628,7290008464628,טמפו ביטר לימון,רגיל,0,0.00,9.00,9.00,מוצרי מכולת ,יח',מוצרי מכולת ,
7290008464642,7290008464642,ג'ינגיר אייל,רגיל,0,3.58,8.00,8.00,מוצרי מכולת ,יח',מוצרי מכולת ,
7290008464963,7290008464963,גאמפ טעם ענבים 330מ'ל,רגיל,0,0.00,7.00,7.00,מוצרי מכולת ,יח',מוצרי מכולת ,
7290008466707,7290008466707,עוגיות פרימיום,רגיל,0,0.00,22.90,22.90,מוצרי מכולת ,יח',מוצרי מכולת ,
7290008593007,7290008593007,לבנה 500 9,רגיל,0,12.65,17.90,17.90,מוצרי מקרר ,יח',מוצרי מקרר ,
7290008593021,7290008593021,לבנה עם זעתר 200 גר,רגיל,0,8.50,12.90,12.90,מוצרי מקרר ,יח',מוצרי מקרר ,
7290008593205,7290008593205,יוגורט כבשים 1.5 ליטר,רגיל,0,16.30,24.90,24.90,מוצרי מקרר ,יח',מוצרי מקרר ,
7290008593328,7290008593328,גבינת חלומי וואקום 250 גרם,רגיל,0,14.52,25.90,25.90,מוצרי מקרר ,יח',מוצרי מקרר ,
7290008593519,7290008593519,לבנה 750 גר 9 שומן,רגיל,0,14.80,20.90,20.90,מוצרי מקרר ,יח',מוצרי מקרר ,
7290008593695,7290008593695,גבינה מלוחה 004גרמ כחול,רגיל,0,18.39,24.90,24.90,מוצרי מקרר ,יח',מוצרי מקרר ,
7290008644112,7290008644112,מטבוחה,רגיל,0,0.00,5.00,5.00,מוצרי מכולת ,יח',מוצרי מכולת ,
7290008644235,7290008644235,עלי בייבי,רגיל,0,10.90,10.90,10.90,מוצרי מכולת ,יח',מוצרי מכולת ,
7290008645935,7290008645935,חומוס אחלה 750 גרם,רגיל,-11,8.87,12.00,12.00,מוצרי מקרר ,יח',מוצרי מקרר ,
7290008693134,7290008693134,דניאלה תות,רגיל,0,2.89,4.90,4.90,מוצרי מקרר ,יח',מוצרי מקרר ,
7290008745239,7290008745239,תפוציפס קראנץ טבעי 50 גרם,רגיל,44,2.80,5.90,6.90,חטיפים מלוחים ,יח',חטיפים מלוחים ,
7290008747421,7290008747421,ממולדה שוקולד חלב רב,רגיל,0,0.00,7.00,7.00,מוצרי מכולת ,יח',מוצרי מכולת ,
7290008747424,7290008747424,שוקולד תות,רגיל,0,4.47,8.00,8.00,מוצרי מכולת ,יח',מוצרי מכולת ,
7290008747431,7290008747431,שוקולד תות,רגיל,-2,3.40,6.90,6.90,חטיפים מתוקים ,יח',חטיפים מתוקים ,
7290008747547,7290008747547,תפוציפס קראנץ טבעי 200 גרם,רגיל,0,7.90,13.90,13.90,חטיפים מלוחים ,יח',חטיפים מלוחים ,
7290008748384,7290008748384,ספילדה מריר 70% בדצ,רגיל,2,10.50,13.90,25.90,חטיפים מתוקים ,יח',חטיפים מתוקים ,
7290008749343,7290008749343,וופלים שחור לבן,רגיל,0,0.00,15.00,15.00,מוצרי מכולת ,יח',מוצרי מכולת ,
7290008750400,7290008750400,שוקולד לבן עוגיות,רגיל,0,6.37,9.90,10.90,חטיפים מתוקים ,יח',חטיפים מתוקים ,
7290008750677,7290008750677,ממולדה שוקולד חלב תות,רגיל,4,6.70,9.90,12.90,חטיפים מתוקים ,יח',חטיפים מתוקים ,
7290008752244,7290008752244,תפוצ'יפס קראנץ גריל 50 גרם,רגיל,83,2.60,5.90,6.90,חטיפים מלוחים ,יח',חטיפים מלוחים ,
7290008753111,7290008753111,תפוצ'יפס קראנצ מקסיקני 50 גרם,רגיל,55,2.60,5.90,6.90,חטיפים מלוחים ,יח',חטיפים מלוחים ,
7290008753364,7290008753364,דוריטוס גריל 55 גרם,רגיל,0,2.38,5.90,6.90,חטיפים מלוחים ,יח',חטיפים מלוחים ,
7290008753388,7290008753388,דוריטוס טבעי 55 גרם,רגיל,0,2.38,5.90,6.90,חטיפים מלוחים ,יח',חטיפים מלוחים ,
7290008753876,7290008753876,וופלים עוגת גבינה,רגיל,0,0.00,18.00,18.00,מוצרי מכולת ,יח',מוצרי מכולת ,
7290008753883,7290008753883,וופלים טראפלס,רגיל,0,0.00,15.00,15.00,מוצרי מכולת ,יח',מוצרי מכולת ,
7290008753982,7290008753982,אוורירי חלב -טבלה,רגיל,0,0.00,8.00,8.00,מוצרי מכולת ,יח',מוצרי מכולת ,
7290008754033,7290008754033,ממרח פרה,רגיל,0,13.61,20.00,20.00,מוצרי מכולת ,יח',מוצרי מכולת ,
7290008754422,7290008754422,מאסט מנטה,רגיל,0,2.73,5.00,5.00,מוצרי מכולת ,יח',מוצרי מכולת ,
7290008754613,7290008754613,עוגת רולדה שוקולד,רגיל,0,0.00,19.00,19.00,מוצרי מכולת ,יח',מוצרי מכולת ,
7290008757010,7290008757010,שוופס ביטר לימון 250 מ"ל ,רגיל,0,4.14,7.90,8.90,משקאות ,יח',משקאות ,
7290008757034,7290008757034,שוויפס סודה זכוכית 250 מ"ל,רגיל,11,2.33,4.90,5.90,משקאות ,יח',משקאות ,
7290008757157,7290008757157,תפז .תפוזינה 330מיל זכ,רגיל,-1,2.93,8.90,9.90,משקאות ,יח',משקאות ,
7290008757164,7290008757164,תפז.אשכוליות 330מיל זכ,רגיל,0,2.93,8.90,9.90,משקאות ,יח',משקאות ,
7290008757171,7290008757171,תפוזינה ענבים 330מיל זכ,רגיל,0,2.93,8.90,8.90,מוצרי מכולת ,יח',מוצרי מכולת ,
7290008757201,7290008757201,תפוזינה תות בננה 330 זכוכית,רגיל,0,2.93,8.90,9.90,משקאות ,יח',משקאות ,
7290008757980,7290008757980,ספרינג קרטון - רימונים,רגיל,8,4.87,9.90,10.90,משקאות ,יח',משקאות ,
7290008775816,7290008775816,ערגליות שוקולד,רגיל,1,6.90,13.90,14.90,חטיפים מתוקים ,יח',חטיפים מתוקים ,
7290008775823,7290008775823,ערגליות תות שדה,רגיל,4,6.90,13.90,14.90,חטיפים מתוקים ,יח',חטיפים מתוקים ,
7290008806305,7290008806305,שטראוס פצפצים,רגיל,-19,5.21,9.90,9.90,גלידות ,יח',גלידות ,
7290008806306,7290008806306,שטראוס פצפצים,רגיל,18,5.21,9.90,,גלידות ,יח',גלידות ,
7290008806985,7290008806985,קרמיסימו נשנו,רגיל,2,41.05,59.90,59.90,גלידות ,יח',גלידות ,
7290008819749,7290008819749,מזרן ספוג קמפינג 180/60/4 ס״מCAMPTOWN,רגיל,0,50.00,109.90,109.90,מוצרי חצר תחנה ,יח',מוצרי חצר תחנה ,
7290008909167,7290008909167,פריגת ענבים מרלו,רגיל,0,0.00,12.00,12.00,מוצרי מכולת ,יח',מוצרי מכולת ,
7290008909440,7290008909440,פאנטה אורנג' מנגו 1.5,רגיל,0,6.69,10.00,10.00,מוצרי מכולת ,יח',מוצרי מכולת ,
7290008909853,7290008909853,קוקה קולה ZERO 500 מ"ל,רגיל,48,3.58,8.90,9.90,משקאות ,יח',משקאות ,
7290008909860,7290008909860,קוקה קולה זירו,רגיל,0,0.00,10.00,10.00,מוצרי מכולת ,יח',מוצרי מכולת ,
7290008909884,7290008909884,קוקלה קולה ZERO קלאסי 350 מ"ל,רגיל,61,3.58,8.50,9.50,משקאות ,יח',משקאות ,
7290010066513,7290010066513,טונה בשמן צמחי פילטונה 4 ,רגיל,3,18.90,27.90,28.90,מוצרי בית,יח',מוצרי בית,
7290010066582,7290010066582,טונה בשמן קנולה פילטונה 4 ,רגיל,3,18.90,27.90,28.90,מוצרי בית,יח',מוצרי בית,
7290010116386,7290010116386,מיני מקופלת מגדים בד,רגיל,0,23.84,34.90,34.90,חטיפים מתוקים ,יח',חטיפים מתוקים ,
7290010117857,7290010117857,דוריטוס חריף 55 גרם,רגיל,0,2.38,5.90,5.90,חטיפים מלוחים ,יח',חטיפים מלוחים ,
7290010117864,7290010117864,דוריטוס בטעם חריף אש 70 גרם,רגיל,61,2.30,5.90,6.90,חטיפים מתוקים ,יח',חטיפים מתוקים ,
7290010117970,7290010117970,בוטנים ללא תקשור -ירוק,רגיל,422,1.55,3.90,4.90,חטיפים מלוחים ,יח',חטיפים מלוחים ,
7290010119950,7290010119950,דוריטוס חמוץ חריף 55 גרם,רגיל,0,2.38,5.90,5.90,חטיפים מלוחים ,יח',חטיפים מלוחים ,
7290010129942,7290010129942,עוגת קראנץ שוקולד,רגיל,0,0.00,17.00,17.00,מוצרי מכולת ,יח',מוצרי מכולת ,
7290010156825,7290010156825,שילוט נהג חדש,רגיל,11,5.00,9.90,9.90,מוצרי חצר תחנה ,יח',מוצרי חצר תחנה ,
7290010228201,7290010228201,עוגיות מרנג בטעם וניל,רגיל,0,0.00,22.90,22.90,מוצרי מכולת ,יח',מוצרי מכולת ,
7290010237531,7290010237531,פפסי 500 מ""ל,רגיל,0,3.42,7.00,7.00,מוצרי מכולת ,יח',מוצרי מכולת ,
7290010237548,7290010237548,פפסי מקס 500 מ""ל,רגיל,0,2.80,7.00,7.00,מוצרי מכולת ,יח',מוצרי מכולת ,
7290010237562,7290010237562,מירנדה 500,רגיל,0,3.42,7.00,7.00,מוצרי מכולת ,יח',מוצרי מכולת ,
7290010237579,7290010237579,7UP 500 מ""ל,רגיל,0,3.42,7.00,7.00,מוצרי מכולת ,יח',מוצרי מכולת ,
7290010259366,7290010259366,נודלס ביצים מסולסל 200גרם,רגיל,20,3.50,7.00,7.00,מוצרי מכולת ,יח',מוצרי מכולת ,
7290010279227,7290010279227,זיקוק 15 ס""מ 6 יח',רגיל,0,13.90,19.90,20.90,משקאות ,יח',משקאות ,
7290010328246,7290010328246,טחינה שומשום מלא 500ג אחוה,רגיל,10,8.80,15.90,16.90,מוצרי בית,יח',מוצרי בית,
7290010328253,7290010328253,טחינה גולמית 500ג פלסטיק אחוה,רגיל,0,8.80,15.90,16.90,מוצרי בית,יח',מוצרי בית,
7290010328345,7290010328345,חלווה אחוהה 50 גרם,רגיל,44,1.06,2.90,3.90,חטיפים מתוקים ,יח',חטיפים מתוקים ,
7290010328895,7290010328895,מאפין שוקולד 45ג אחוה,רגיל,-9,1.04,1.90,1.90,חטיפים מתוקים ,יח',חטיפים מתוקים ,
7290010328901,7290010328901,מאפין וניל 45ג אחוה,רגיל,2,0.82,1.90,1.90,חטיפים מתוקים ,יח',חטיפים מתוקים ,
7290010351404,7290010351404,מגבונים ,רגיל,0,2.10,5.00,5.00,מוצרי מכולת ,יח',מוצרי מכולת ,
7290010426034,7290010426034,גבינה 350 גרם מתוק,רגיל,0,17.37,24.90,24.90,מוצרי מקרר ,יח',מוצרי מקרר ,
7290010426041,7290010426041,יוגרט 1 ליטר,רגיל,5,9.58,14.90,14.90,מוצרי מקרר ,יח',מוצרי מקרר ,
7290010426058,7290010426058,יוגרט 1.5 ליטר,רגיל,6,12.29,17.90,17.90,מוצרי מקרר ,יח',מוצרי מקרר ,
7290010426072,7290010426072,גבינה 350 גרם מלוח ,רגיל,6,17.37,24.90,24.90,מוצרי מקרר ,יח',מוצרי מקרר ,
7290010426102,7290010426102,לבנה 500 גרם,רגיל,6,11.44,17.90,17.90,מוצרי מקרר ,יח',מוצרי מקרר ,
7290010426171,7290010426171,לבנה 800 גרם,רגיל,12,16.95,23.90,23.90,מוצרי מקרר ,יח',מוצרי מקרר ,
7290010426355,7290010426355,כוס איירן 170,רגיל,58,1.86,2.90,2.90,מוצרי מקרר ,יח',מוצרי מקרר ,
7290010426423,7290010426423,גבינה פירורים,רגיל,0,29.66,39.90,39.90,מוצרי שימוש מטבח -חנות ,יח',מוצרי שימוש מטבח -חנות ,
7290010471669,7290010471669,יוגורט דנונה תות,רגיל,-8,3.44,6.90,6.90,מוצרי מקרר ,יח',מוצרי מקרר ,
7290010475048,7290010475048,רמקולים ARTOS,רגיל,0,0.00,99.00,99.00,מוצרי מכולת ,יח',מוצרי מכולת ,
7290010569120,7290010569120,שטראוס חטיף פ,רגיל,0,6.85,11.90,11.90,גלידות ,יח',גלידות ,
7290010609079,7290010609079,טרופיקש משקה ענבים 10*200,רגיל,10,8.70,13.90,13.90,חטיפים מתוקים ,יח',חטיפים מתוקים ,
7290010609550,7290010609550,טרופיק פקק 20 יח דודו,רגיל,0,15.30,22.90,22.90,חטיפים מתוקים ,יח',חטיפים מתוקים ,
7290010609727,7290010609727,פופס קידס,רגיל,0,8.56,15.00,15.00,מוצרי מכולת ,יח',מוצרי מכולת ,
7290010672851,7290010672851,חמישיית מאפין שוקולד,רגיל,0,0.00,15.00,15.00,מוצרי מכולת ,יח',מוצרי מכולת ,
7290010672868,7290010672868,חמישיית מאפין שבבי שוקלד,רגיל,0,0.00,15.00,15.00,מוצרי מכולת ,יח',מוצרי מכולת ,
7290010748860,7290010748860,קרם ידיים אפקטיב קר יבש150,רגיל,4,8.90,15.90,16.90,מוצרי ניקיון ו טיפוח אישי,יח',מוצרי ניקיון ו טיפוח אישי,
7290010748891,7290010748891,ק. גוף אפקטיב קר רגיל700מ,רגיל,4,17.90,25.90,26.90,מוצרי ניקיון ו טיפוח אישי,יח',מוצרי ניקיון ו טיפוח אישי,
7290010774081,7290010774081,מים מינרלים תמרין,רגיל,0,1.20,4.90,5.90,משקאות ,יח',משקאות ,
7290010791545,7290010791545,לה קט פטה כבד עוף 85 גרם,רגיל,0,3.05,4.90,7.90,בעלי חיים ,יח',בעלי חיים ,
7290010791552,7290010791552,לה קט נתחוני טונה 85 גרם,רגיל,0,3.05,4.90,7.90,בעלי חיים ,יח',בעלי חיים ,
7290010822096,7290010822096,סיידר תפוח מוגז,רגיל,0,3.27,8.00,8.00,מוצרי מכולת ,יח',מוצרי מכולת ,
7290010828692,7290010828692,פיתה עבודת יד (עשיריות ),רגיל,-280,9.00,13.90,13.90,לחם ,יח',לחם ,
7290010839865,7290010839865,רוטב רימונים 320 גרם ,רגיל,19,7.90,13.90,14.90,מוצרי בית,יח',מוצרי בית,
7290010857241,7290010857241,בסקוויטה איטלי ,רגיל,0,5.44,9.90,9.90,גלידות ,יח',גלידות ,
7290010931538,7290010931538,חומוס 4 ק""ג -שימוש חנות,רגיל,0,7.35,7.35,7.35,מוצרי מכולת ,יח',מוצרי מכולת ,
7290010945306,7290010945306,חלב 2 ליטר טרה,רגיל,0,10.22,10.22,10.22,מוצרי מכולת ,יח',מוצרי מכולת ,
7290010945450,7290010945450,ג.לבנה 3% 250גר' טרה,רגיל,0,3.99,6.00,6.00,מוצרי מכולת ,יח',מוצרי מכולת ,
7290010945481,7290010945481,גבינה לבנה 5% 500 גר',רגיל,0,3.51,12.00,12.00,מוצרי מכולת ,יח',מוצרי מכולת ,
7290010970223,7290010970223,חומץ יין אדום 500 מ״ל ,רגיל,12,10.50,17.90,18.90,מוצרי בית,יח',מוצרי בית,
7290010970261,7290010970261,חומץ תפוחי עץ 500 מ״ל ,רגיל,9,10.50,17.90,18.90,מוצרי בית,יח',מוצרי בית,
7290010970759,7290010970759,סירופ מלבי 250 מ״ל ,רגיל,8,7.50,13.90,14.90,מוצרי בית,יח',מוצרי בית,
7290010970766,7290010970766,מי ורדים 250 מ״ל ::,רגיל,7,7.50,13.90,14.90,מוצרי בית,יח',מוצרי בית,
7290011015374,7290011015374,סחוט תפוח,רגיל,0,6.94,12.00,12.00,מוצרי מכולת ,יח',מוצרי מכולת ,
7290011017866,7290011017866,סליק קוקה קולה 330 מ"ל ,רגיל,534,2.55,6.90,7.90,משקאות ,יח',משקאות ,
7290011017873,7290011017873,סליק קוקה קולה ZERO 330 מ"ל,רגיל,516,2.55,6.90,7.90,משקאות ,יח',משקאות ,
7290011018184,7290011018184,פיוזטי בטעם אפרסק 0.5 ליטר ,רגיל,178,4.02,7.90,8.90,משקאות ,יח',משקאות ,
7290011018191,7290011018191,פיוזטי דיאט אפרסק 500,רגיל,24,3.77,8.00,8.00,משקאות ,יח',משקאות ,
7290011018214,7290011018214,פיוזטי בטעם מנגו אננס  0.5 ליטר ,רגיל,63,4.02,7.90,8.90,משקאות ,יח',משקאות ,
7290011018252,7290011018252,פיוזטי מנגו אננס 1.5,רגיל,48,5.98,11.90,11.90,משקאות ,יח',משקאות ,
7290011018283,7290011018283,פיוזטי אפרסק 1.5,רגיל,72,6.11,11.90,11.90,משקאות ,יח',משקאות ,
7290011018306,7290011018306,fuze tea טעם אפרסק דאייט,רגיל,0,0.00,10.00,10.00,מוצרי מכולת ,יח',מוצרי מכולת ,
7290011018443,7290011018443,סליק פאנטה אורנג 330 מ"ל,רגיל,81,2.55,6.90,7.90,משקאות ,יח',משקאות ,
7290011018467,7290011018467,סליק פאנטה אקזוטיק 330 מ"ל,רגיל,97,2.62,6.90,7.90,משקאות ,יח',משקאות ,
7290011018832,7290011018832,ק""ק שישיות,רגיל,0,15.60,26.00,26.00,מוצרי מכולת ,יח',מוצרי מכולת ,
7290011018924,7290011018924,דיאט קוקה שישיות,רגיל,0,15.12,25.00,25.00,מוצרי מכולת ,יח',מוצרי מכולת ,
7290011051136,7290011051136,רביעיית סודה,רגיל,0,9.12,12.00,12.00,מוצרי מכולת ,יח',מוצרי מכולת ,
7290011051358,7290011051358,שפס סודה לימון 250מיל זכ,רגיל,9,2.33,4.90,5.90,משקאות ,יח',משקאות ,
7290011051396,7290011051396,גזוז בטעם אפרסק,רגיל,0,0.00,10.00,10.00,מוצרי מכולת ,יח',מוצרי מכולת ,
7290011051440,7290011051440,שוויפס בטעם פירות יער 500מיל,רגיל,24,3.31,7.90,7.90,מוצרי מכולת ,יח',מוצרי מכולת ,
7290011051655,7290011051655,שוופס עדיין ענבים 1.5,רגיל,0,5.14,9.90,10.90,משקאות ,יח',משקאות ,
7290011081690,7290011081690,קרמיסימו וניל ציפ ,רגיל,0,21.46,31.90,31.90,גלידות ,יח',גלידות ,
7290011115203,7290011115203,סבון נקה 7,רגיל,0,0.00,17.00,17.00,מוצרי מכולת ,יח',מוצרי מכולת ,
7290011132507,7290011132507,סן בנאדטו 500 מוגז,רגיל,0,2.50,4.90,5.90,משקאות ,יח',משקאות ,
7290011132583,7290011132583,פפסי 500 כשל""פ,רגיל,0,4.20,8.00,8.00,מוצרי מכולת ,יח',מוצרי מכולת ,
7290011133900,7290011133900,משטח סחורה טמפו,רגיל,17,33.50,0.00,0.00,מוצרי בית,יח',מוצרי בית,
7290011194246,7290011194246,קוטג 5% 250 גרם,רגיל,1,5.04,6.90,6.90,מוצרי מקרר ,יח',מוצרי מקרר ,
7290011223038,7290011223038,עלים לקרמשניט בונומי 300ג,רגיל,7,11.90,22.00,22.00,מוצרי מכולת ,יח',מוצרי מכולת ,
7290011223243,7290011223243,דאק ג׳ל אסלה לבנדר 55מ״ל,רגיל,13,8.30,13.90,14.90,מוצרי ניקיון ו טיפוח אישי,יח',מוצרי ניקיון ו טיפוח אישי,
7290011239206,7290011239206,בקלואה 4 יחידה אשי,רגיל,0,7.00,12.90,13.90,ממתקים ,יח',ממתקים ,
7290011249250,7290011249250,גביע גלידה אמריקה 24 יח עלמה,רגיל,7,7.50,14.90,15.90,חטיפים מתוקים ,יח',חטיפים מתוקים ,
7290011249748,7290011249748,עלמה גלילות שוקלד מן ,רגיל,0,3.30,6.90,6.90,חטיפים מתוקים ,יח',חטיפים מתוקים ,
7290011249755,7290011249755,עלמהגליליות אגוז 100ג,רגיל,0,2.35,5.90,5.90,חטיפים מתוקים ,יח',חטיפים מתוקים ,
7290011256845,7290011256845,סט צידניות קשיחות 10L+26L,רגיל,0,0.00,0.00,0.00,מוצרי מכולת ,יח',מוצרי מכולת ,
7290011308858,7290011308858,נשנושים שמנת בצל,רגיל,0,2.73,5.90,5.90,מוצרי מכולת ,יח',מוצרי מכולת ,
7290011378301,7290011378301,קלאסית 350 ללא סוכר וניל,רגיל,0,10.85,20.00,20.00,מוצרי מכולת ,יח',מוצרי מכולת ,
7290011378349,7290011378349,קלאסית 350 וניל,רגיל,15,9.59,20.00,20.00,מוצרי מכולת ,יח',מוצרי מכולת ,
7290011378776,7290011378776,חטיפי חלבה פיסטוק 7*18 ג,רגיל,0,6.50,12.00,12.00,מוצרי מכולת ,יח',מוצרי מכולת ,
7290011378844,7290011378844,פרוסות חלבה פיסטוק,רגיל,0,10.85,22.00,22.00,מוצרי מכולת ,יח',מוצרי מכולת ,
7290011438142,7290011438142,אייס קפה 350 מ,רגיל,-24,4.45,9.90,9.90,מוצרי מקרר ,יח',מוצרי מקרר ,
7290011459178,7290011459178,יעה,רגיל,0,5.00,9.90,10.90,מוצרי ניקיון ו טיפוח אישי,יח',מוצרי ניקיון ו טיפוח אישי,
7290011490614,7290011490614,לקקן כדורסל צעצוע,רגיל,0,5.23,8.50,8.50,מוצרי מכולת ,יח',מוצרי מכולת ,
7290011505493,7290011505493,כף קשוחים,רגיל,1,3.90,9.90,10.90,מוצרי ניקיון ו טיפוח אישי,יח',מוצרי ניקיון ו טיפוח אישי,
7290011505509,7290011505509,מזלג מהודר עבה במיוחד 50,רגיל,5,3.60,9.90,10.90,מוצרי בית,יח',מוצרי בית,
7290011505516,7290011505516,סכין מהודר עבה במיוחד 50,רגיל,8,3.60,9.90,10.90,מוצרי בית,יח',מוצרי בית,
7290011593087,7290011593087,שמן זית סבא חביב 750מל כ. מעול,רגיל,9,22.90,39.90,40.90,מוצרי בית,יח',מוצרי בית,
7290011598211,7290011598211,סנו אנטי קאלק נ. כללי 700מ,רגיל,8,12.50,23.90,24.90,מוצרי בית,יח',מוצרי בית,
7290011668594,7290011668594,תוספת בריאה לסלט 550 גרם,רגיל,0,24.90,39.90,39.90,מוצרי מכולת ,יח',מוצרי מכולת ,
7290011723101,7290011723101,טחינה הר ברכה,רגיל,0,0.00,33.00,33.00,מוצרי מכולת ,יח',מוצרי מכולת ,
7290011723200,7290011723200,טחינה 500ג הר ברכה,רגיל,23,12.80,17.90,26.90,מוצרי בית,יח',מוצרי בית,
7290011778118,7290011778118,12 ביצים טריות L,רגיל,-204,10.63,14.24,14.24,מוצרי פיקוח ,יח',מוצרי פיקוח ,
7290011778125,7290011778125,12 ביצים טריות M,רגיל,-23,9.81,13.13,13.13,מוצרי פיקוח ,יח',מוצרי פיקוח ,
7290011778422,7290011778422,18 ביצים טריות L,רגיל,0,10.61,14.09,14.09,מוצרי פיקוח ,יח',מוצרי פיקוח ,
7290011785260,7290011785260,שמן מנוע 5W/30 4 Litters,רגיל,12,68.01,149.90,149.90,שמנים,יח',שמנים,
7290011785307,7290011785307,שמן מנוע  1 ליטר -  5W30,רגיל,11,24.00,69.90,69.90,שמנים,יח',שמנים,
7290011785321,7290011785321,שמן מנוע C4 5w30 בגלון 4 ליטר,רגיל,0,68.00,149.00,149.00,שמנים,יח',שמנים,
7290011785383,7290001497500,נוזל קירור לרדיאטור ירוק - 4ליטר,רגיל,14,26.50,49.90,49.90,שמנים,יח',שמנים,
7290011785444,7290001497210,נוזל ניקוי שמשות 4 ליטר,רגיל,22,8.50,14.90,14.90,שמנים,יח',שמנים,
7290011785505,7290011785505,נוזל קירור לרדיאטור אדום- 4 ליטר,רגיל,0,26.50,50.00,50.00,שמנים,יח',שמנים,
7290011785758,7290011785758,שמן מנוע 4 ליטר 5W40,רגיל,17,63.01,149.90,149.90,שמנים,יח',שמנים,
7290011785819,7290011785819,שמן מנוע 10 W40 בגלון 4 ליטר,רגיל,4,55.01,149.90,149.90,שמנים,יח',שמנים,
7290011785833,7290011785833,שמן מנוע 4 ליטר 15W40,רגיל,6,50.01,149.90,149.90,שמנים,יח',שמנים,
7290011785888,7290011785888,שמן מנוע  1 ליטר -  5W40,רגיל,14,27.00,70.00,70.00,שמנים,יח',שמנים,
7290011785895,7290011785895,שמן 5 ליטר 0W20,רגיל,5,95.00,150.00,150.00,שמנים,יח',שמנים,
7290011785932,7290011785932,שמן מנוע  1 ליטר -  10W40,רגיל,31,20.00,69.90,69.90,שמנים,יח',שמנים,
7290011785949,7290011785949,מגב לאותו,רגיל,24,5.00,14.90,14.90,מוצרי חצר תחנה ,יח',מוצרי חצר תחנה ,
7290011889524,7290011889524,מצופים שוקו,רגיל,0,4.06,7.90,7.90,גלידות ,יח',גלידות ,
7290011947316,7290011947316,זיתים קלמטה 215 גרם,רגיל,4,10.90,18.00,18.00,מוצרי מכולת ,יח',מוצרי מכולת ,
7290011959692,7290011959692,ביסקולידה ביג,רגיל,0,4.98,9.00,9.00,מוצרי מכולת ,יח',מוצרי מכולת ,
7290011964344,7290011964344,שום גבישי 120 גרם,רגיל,8,5.50,12.90,12.90,מוצרי מכולת ,יח',מוצרי מכולת ,
7290011964658,7290011964658,מלח לימון 170 גרם,רגיל,0,6.50,12.90,12.90,מוצרי מכולת ,יח',מוצרי מכולת ,
7290011964689,7290011964689,תיבול על האש 100 גרם,רגיל,10,5.50,12.90,12.90,מוצרי מכולת ,יח',מוצרי מכולת ,
7290012001994,7290012001994,חרדל דיז׳ון ריין 350 גרם,רגיל,6,7.90,13.90,14.90,מוצרי בית,יח',מוצרי בית,
7290012019258,7290012019258,רסק תפו״ע 4 * 113 גרם ,רגיל,1,8.90,15.90,16.90,מוצרי בית,יח',מוצרי בית,
7290012031151,7290012031151,ל .מ בירי מושן,רגיל,0,0.00,29.00,29.00,מוצרי מכולת ,יח',מוצרי מכולת ,
7290012044410,7290012044410,דילקוס מגבונים לתינוק,רגיל,0,2.40,4.90,5.90,מוצרי ניקיון ו טיפוח אישי,יח',מוצרי ניקיון ו טיפוח אישי,
7290012191145,7290012191145,מדליק פחם ראש גפרור 10 המנגלי,רגיל,34,2.10,4.90,5.90,מוצרי בית,יח',מוצרי בית,
7290012212055,7290012212055,זית קוקטייל ישראלי מוטולה,רגיל,0,0.00,10.00,10.00,מוצרי מכולת ,יח',מוצרי מכולת ,
7290012313264,7290012313264,כרוב כבוש 2-x560 A ק. יבנה,רגיל,5,5.50,9.90,10.90,מוצרי בית,יח',מוצרי בית,
7290012404146,7290012404146,שוופס תפוחים,רגיל,0,0.00,9.90,9.90,משקאות ,יח',משקאות ,
7290012404177,7290012404177,שוויפס תפוחים זכוכית 330 מ"ל,רגיל,32,3.23,7.90,8.90,משקאות ,יח',משקאות ,
7290012404184,7290012404184,שוופס לימונייד זכוכית 330 מ"ל,רגיל,34,3.23,7.90,8.90,משקאות ,יח',משקאות ,
7290012404191,7290012404191,שוויפס אשכולית אדומה,רגיל,0,0.00,7.00,7.00,מוצרי מכולת ,יח',מוצרי מכולת ,
7290012413643,7290012413643,תה ירוק קמומיל,רגיל,1,16.90,25.00,25.00,מוצרי מכולת ,יח',מוצרי מכולת ,
7290012464191,7290012464191,שוופס אשכוליות,רגיל,0,0.00,6.90,6.90,משקאות ,יח',משקאות ,
7290012525452,7290012525452,אקסטרים שוקו וניל,רגיל,0,7.89,14.90,14.90,גלידות ,יח',גלידות ,
7290012759215,7290012759215,ממה קינואה חטיף,רגיל,0,4.68,9.00,9.00,מוצרי מכולת ,יח',מוצרי מכולת ,
7290012803352,7290012803352,רייד אירוסול קוטל מעופפים 300מ״ל,רגיל,5,11.02,21.90,22.90,מוצרי ניקיון ו טיפוח אישי,יח',מוצרי ניקיון ו טיפוח אישי,
7290012869006,7290012869006,מנגל פח מגולוון + רשת 24/39,רגיל,7,15.90,29.90,29.90,מוצרי חצר תחנה ,יח',מוצרי חצר תחנה ,
7290012901959,7290012901959,ארוחת פסטה מסולסלים (24),רגיל,-1,8.35,13.90,13.90,מוצרי מכולת ,יח',מוצרי מכולת ,
7290012962974,7290012962974,כפית מהודרת עבה במיוחד 5,רגיל,5,2.80,5.90,6.90,מוצרי בית,יח',מוצרי בית,
7290013144393,7290013144393,תמצית בטעם וניל 50 מ״ל,רגיל,8,3.50,6.90,7.90,חטיפים מתוקים ,יח',חטיפים מתוקים ,
7290013144409,7290013144409,תמצית בטעם רום 50 מ״ל,רגיל,22,3.50,6.90,7.90,חטיפים מתוקים ,יח',חטיפים מתוקים ,
7290013145901,7290013145901,סודה לשתיה 100 גרם,רגיל,0,1.40,5.90,6.90,משקאות ,יח',משקאות ,
7290013153395,7290013153395,סחוט רימון 1 ליטר טרה,רגיל,0,20.00,28.00,28.00,מוצרי מכולת ,יח',מוצרי מכולת ,
7290013153418,7290013153418,סחוט למונענע 1 ליטר,רגיל,0,11.30,16.00,16.00,מוצרי מכולת ,יח',מוצרי מכולת ,
7290013153432,7290013153432,סחוט לימונענע,רגיל,0,6.94,12.00,12.00,מוצרי מכולת ,יח',מוצרי מכולת ,
7290013153593,7290013153593,תפוז מתוק 1 ליטר טרה,רגיל,0,10.00,15.00,15.00,מוצרי מכולת ,יח',מוצרי מכולת ,
7290013153616,7290013153616,סחוט סלק,רגיל,0,7.20,12.00,12.00,מוצרי מכולת ,יח',מוצרי מכולת ,
7290013153623,7290013153623,סחוט טרה 400 גזר,רגיל,0,8.00,12.00,12.00,מוצרי מכולת ,יח',מוצרי מכולת ,
7290013268020,7290013268020,מקסימה סופר מרוכז פרש 1ל,רגיל,0,12.20,23.90,23.90,מוצרי בית,יח',מוצרי בית,
7290013268242,7290013268242,נוזל רצפות מלון מפנק 2 ליטר,רגיל,8,12.90,24.90,24.90,מוצרי חצר תחנה ,יח',מוצרי חצר תחנה ,
7290013269003,7290013269003,מקסימה מרכך בייבי 1 ליטר,רגיל,0,12.20,23.90,24.90,מוצרי ניקיון ו טיפוח אישי,יח',מוצרי ניקיון ו טיפוח אישי,
7290013269287,7290013269287,מקסימה ג'ל כביסה מאסק3ל,רגיל,0,19.90,29.90,30.90,מוצרי ניקיון ו טיפוח אישי,יח',מוצרי ניקיון ו טיפוח אישי,
7290013520067,7290013520067,10 לחמניות אצבע ארוז ,רגיל,-181,12.55,19.90,19.90,לחם ,יח',לחם ,
7290013520111,7290013520111,בורגר מארז 6 אגמי ,רגיל,-2,12.50,19.90,19.90,לחם ,יח',לחם ,
7290013520463,7290013520463,לחם כוסמין מלא ,רגיל,-61,12.50,19.90,19.90,לחם ,יח',לחם ,
7290013575653,7290013575653,פריגת אקסטרא אננס,רגיל,0,5.26,9.00,9.00,מוצרי מכולת ,יח',מוצרי מכולת ,
7290013584823,7290013584823,פריגת לימונענע 330 מ"ל ,רגיל,92,2.68,7.90,8.90,משקאות ,יח',משקאות ,
7290013585233,7290013585233,סליק ספרייט זירו 330 מ״ל,רגיל,98,2.55,6.90,7.90,משקאות ,יח',משקאות ,
7290013585240,7290013585240,ספרייט זירו לימון,רגיל,0,0.00,10.00,10.00,מוצרי מכולת ,יח',מוצרי מכולת ,
7290013585257,7290013585257,ספרייט זירו 500 מ"ל,רגיל,25,3.58,8.90,8.90,מוצרי מכולת ,יח',מוצרי מכולת ,
7290013585264,7290013585264,ספרייט ZERO  קלאסי 350 מ"ל ,רגיל,25,3.58,8.50,9.50,משקאות ,יח',משקאות ,
7290013585387,7290013585387,קוקה קולה זירו 1 ליטר,רגיל,91,4.98,9.90,10.90,משקאות ,יח',משקאות ,
7290013585394,7290013585394,קוקה קולה 1 ליטר,רגיל,75,4.98,9.90,10.90,משקאות ,יח',משקאות ,
7290013585462,7290013585462,שישייה 2 ליטר,רגיל,0,0.00,59.90,59.90,מוצרי מכולת ,יח',מוצרי מכולת ,
7290013585509,7290013585509,פריגת טעם אפרסק 1.5ליטר,רגיל,0,0.00,12.00,12.00,מוצרי מכולת ,יח',מוצרי מכולת ,
7290013585639,7290013585639,פריגת תות בננה 330 מ"ל ,רגיל,104,2.68,7.90,8.90,משקאות ,יח',משקאות ,
7290013585653,7290013585653,משקה אננס תפוח 4250 מ'ל,רגיל,0,0.00,12.00,12.00,מוצרי מכולת ,יח',מוצרי מכולת ,
7290013585677,7290013585677,מנגו-פריגת,רגיל,0,0.00,12.00,12.00,מוצרי מכולת ,יח',מוצרי מכולת ,
7290013586285,7290013586285,ויסוצקי תה ירוק נענע,רגיל,0,0.00,8.00,8.00,מוצרי מכולת ,יח',מוצרי מכולת ,
7290013586605,7290013586605,ויסוצקי תה ירוק-נענע,רגיל,0,0.00,8.00,8.00,מוצרי מכולת ,יח',מוצרי מכולת ,
7290013586735,7290013586735,ויסוצקי ארל גר ברגמוט,רגיל,0,0.00,8.00,8.00,מוצרי מכולת ,יח',מוצרי מכולת ,
7290013608260,7290013608260,פרימור רימונים 1 ליטר,רגיל,12,14.61,25.90,25.90,מוצרי מקרר ,יח',מוצרי מקרר ,
7290013702036,7290013702036, מים בטעם אפרסק  0.5 ליטרFW,רגיל,0,3.42,7.90,8.90,משקאות ,יח',משקאות ,
7290013702050,7290013702050,SCH WATER בעם ענבים 0.5,רגיל,-1,3.75,7.90,8.90,משקאות ,יח',משקאות ,
7290013702388,7290013702388,SCH WATER בעם תפוח 0.5 ליטר,רגיל,0,3.42,7.90,8.90,משקאות ,יח',משקאות ,
7290013702418,7290013702418,שוויפס עדין אפרסק זכוכית 330 מ"ל,רגיל,5,3.57,8.90,8.90,מוצרי מכולת ,יח',מוצרי מכולת ,
7290013702425,7290013702425,שפס עדיין  פ. יער 330מ'ל זכ פק,רגיל,-24,3.57,6.90,7.90,משקאות ,יח',משקאות ,
7290013702463,7290013702463,שוופס לימונייד 1.5 ליטר,רגיל,0,0.00,9.90,9.90,משקאות ,יח',משקאות ,
7290013702470,7290013702470,שוופס לימונדה ורודה,רגיל,0,5.14,9.90,10.90,משקאות ,יח',משקאות ,
7290013702708,7290013702708,שוופס זכוכית אננס,רגיל,0,3.19,8.90,9.90,משקאות ,יח',משקאות ,
7290013724960,7290013724960,משוקלדים חלב קופסא,רגיל,0,9.70,14.00,14.00,מוצרי מכולת ,יח',מוצרי מכולת ,
7290013804082,7290013804082,דבש צנצנת 1 ק״ג פרחי בר,רגיל,6,31.00,49.90,50.90,מוצרי בית,יח',מוצרי בית,
7290013804990,7290013804990,דבש לחיץ 500 גרם,רגיל,0,22.00,39.90,40.90,מוצרי בית,יח',מוצרי בית,
7290013847812,7290013847812,נתחי טונה בשמן זית,רגיל,24,7.05,15.00,15.00,מוצרי מכולת ,יח',מוצרי מכולת ,
7290013849007,7290013849007,שקיות אשפה,רגיל,0,0.00,14.00,14.00,מוצרי מכולת ,יח',מוצרי מכולת ,
7290013906205,7290013906205,פסטרמה שום וצ'ילי 400 גר,רגיל,0,22.90,31.90,31.90,נקיניקיות ,יח',נקיניקיות ,
7290013919359,7290013919359,עוגיות כתר ריבה בטעם תות 400 גרם,רגיל,0,40.97,14.00,14.00,מוצרי מכולת ,יח',מוצרי מכולת ,
7290013927637,7290013927637,חלבה ללתס 400ג אחוה,רגיל,0,9.50,13.90,14.90,מוצרי בית,יח',מוצרי בית,
7290013927996,7290013927996,עוגצ שוקולד אחוה,רגיל,0,9.36,15.00,15.00,מוצרי מכולת ,יח',מוצרי מכולת ,
7290014002203,7290014002203,ויסוצקי-חליטת לימונית לואיזה  ""הגן,רגיל,0,14.85,27.90,26.90,מוצרי בית,יח',מוצרי בית,
7290014046047,7290014046047,נקניק מעודנת עם פפריקה,רגיל,0,0.00,25.90,25.90,מוצרי מכולת ,יח',מוצרי מכולת ,
7290014046580,7290014046580,מעודנת על האש 300 גרם,רגיל,0,0.00,19.90,19.90,מוצרי מכולת ,יח',מוצרי מכולת ,
7290014046764,7290014046764,סלמי פפרוני 200גרם,רגיל,0,8.00,13.90,13.90,מוצרי מכולת ,יח',מוצרי מכולת ,
7290014174177,7290014174177,קאפקיס אוריאו שישיה,רגיל,0,0.00,38.00,38.00,מוצרי מכולת ,יח',מוצרי מכולת ,
7290014174191,7290014174191,קאפקיס לוטוס,רגיל,0,6.00,11.90,11.90,חטיפים מתוקים ,יח',חטיפים מתוקים ,
7290014174443,7290014174443,קאפקיקס שוקולד,רגיל,0,14.00,37.90,37.90,חטיפים מתוקים ,יח',חטיפים מתוקים ,
7290014217003,7290014217003,פפריקה מעושנת במיכל 90ג,רגיל,0,6.50,12.90,12.90,מוצרי מכולת ,יח',מוצרי מכולת ,
7290014217225,7290014217225,גריל עוף במיכל 120 גרם,רגיל,11,5.50,12.90,12.90,מוצרי מכולת ,יח',מוצרי מכולת ,
7290014217263,7290014217263,תערובת תיבול לפרגיות 100ג,רגיל,10,5.50,12.90,12.90,מוצרי מכולת ,יח',מוצרי מכולת ,
7290014218932,7290014218932,חטיפי פיצה בתוספת זיתים ,רגיל,-2,21.90,38.90,39.90,קפואים מצוננים ,יח',קפואים מצוננים ,
7290014274303,7290014274303,חד'פ מזלג שקוף,רגיל,0,4.00,5.90,5.90,חטיפים מתוקים ,יח',חטיפים מתוקים ,
7290014274327,7290014274327,חד'פ כפית קשיחה שקוף,רגיל,0,0.00,6.00,6.00,מוצרי מכולת ,יח',מוצרי מכולת ,
7290014421875,7290014421875,כבל HDMI 2M,רגיל,0,11.90,34.90,38.90,אבזרי סלולר ו חשמל ,יח',אבזרי סלולר ו חשמל ,
7290014452725,7290014452725,מפזר חום עומד 501-ALT,רגיל,2,35.00,60.00,60.00,מוצרי  אלקטרונים ,יח',מוצרי  אלקטרונים ,
7290014581036,7290014581036,פחם הלהבה ,רגיל,24,9.50,17.90,17.90,מוצרי חצר תחנה ,יח',מוצרי חצר תחנה ,
7290014603028,7290014603028,סולרו וניל תות שדה,רגיל,22,6.32,12.00,12.00,גלידות ,יח',גלידות ,
7290014749764,7290014749764,שניצל עוף ביתי עדין 700 גרם,רגיל,26,31.90,44.90,45.90,קפואים מצוננים ,יח',קפואים מצוננים ,
7290014749849,7290014749849,שנ. עוף דק ענק שומשום 720ג ,רגיל,0,25.90,42.90,43.90,קפואים מצוננים ,יח',קפואים מצוננים ,
7290014749887,7290014749887,שניצל עוף דק ענק קריספי 720 גרם,רגיל,22,24.90,44.90,43.90,קפואים מצוננים ,יח',קפואים מצוננים ,
7290014761076,7290014761076,מעדן יולו לבן,רגיל,0,0.00,6.00,6.00,מוצרי מכולת ,יח',מוצרי מכולת ,
7290014763272,7290014763272,יוגורט סויה bio תות ובננה,רגיל,0,0.00,8.00,8.00,מוצרי מכולת ,יח',מוצרי מכולת ,
7290014763289,7290014763289,יוגורט סויה BIO לשתיה פטל תפוח,רגיל,0,0.00,8.00,8.00,מוצרי מכולת ,יח',מוצרי מכולת ,
7290014763678,7290014763678,גו משקה חלב וניל,רגיל,0,4.87,6.50,6.50,מוצרי מכולת ,יח',מוצרי מכולת ,
7290014780644,7290014780644,מגב בודד FLAT מידה 12 עם 10 מתאמים,רגיל,33,11.00,30.00,30.00,מגבים ,יח',מגבים ,
7290014780668,7290014780668,מגב בודד FLAT מידה 14 עם 10 מתאמים,רגיל,19,10.00,30.00,30.00,מגבים ,יח',מגבים ,
7290014780682,7290014780682,מגב בודד FLAT מידה 16עם 10 מתאמים,רגיל,18,10.00,30.00,30.00,מגבים ,יח',מגבים ,
7290014780705,7290014780705,מגב בודד FLAT מידה 18 עם 10 מתאמים,רגיל,19,10.00,30.00,30.00,מגבים ,יח',מגבים ,
7290014780712,7290014780712,מגב בודד FLAT מידה 19עם 10 מתאמים,רגיל,31,10.00,30.00,30.00,מגבים ,יח',מגבים ,
7290014780729,7290014780729,מגב בודד FLAT מידה 20 עם 10 מתאמים,רגיל,35,10.00,30.00,30.00,מגבים ,יח',מגבים ,
7290014780736,7290014780736,מגב בודד מידה 21 עם 10 מתאים,רגיל,-3,10.00,30.00,30.00,מגבים ,יח',מגבים ,
7290014780743,7290014780743,מגב בודד FLAT מידה 22 עם 10 מתאמים,רגיל,20,10.00,30.00,30.00,מגבים ,יח',מגבים ,
7290014780750,7290014780750,מגב FLAT מידה 24 עם 10 מתאים,רגיל,20,10.00,30.00,30.00,מגבים ,יח',מגבים ,
7290014780767,7290014780767,מגב בודד FLAT מידה 26 עם 10 מתאמים,רגיל,-1,10.00,30.00,30.00,מגבים ,יח',מגבים ,
7290014780774,7290014780774,מגב בודד FLAT מידה 28 עם 10 מתאמים,רגיל,1,10.00,30.00,30.00,מגבים ,יח',מגבים ,
7290014791565,7290014791565,שוופס ענבים,רגיל,0,0.00,11.50,11.50,משקאות ,יח',משקאות ,
7290014791572,7290014791572,שוויפס ענבים זכוכית 330 מ"ל,רגיל,60,3.23,7.90,8.90,משקאות ,יח',משקאות ,
7290014791626,7290014791626,שוויפס סודה נענע ליים זכוכית 250 מ"ל,רגיל,2,2.34,4.90,5.90,משקאות ,יח',משקאות ,
7290014791770,7290014791770,משקה בטעם ענבים FRUT WATER,רגיל,0,0.00,0.00,0.00,מוצרי מכולת ,יח',מוצרי מכולת ,
7290014791787,7290014791787,משקה בטעם אננס,רגיל,0,0.00,10.00,10.00,מוצרי מכולת ,יח',מוצרי מכולת ,
7290014791800,7290014791800,אפרסק,רגיל,5.900,35.00,10.00,10.00,מוצרי מכולת ,ק"ג,מוצרי מכולת ,
7290014791817,7290014791817,משקה בטעם אבטיח FRUT WATER,רגיל,0,0.00,10.00,10.00,מוצרי מכולת ,יח',מוצרי מכולת ,
7290014791824,7290014791824,משקה בטעם תות FRUT WATER,רגיל,0,0.00,10.00,10.00,מוצרי מכולת ,יח',מוצרי מכולת ,
7290014791848,7290014791848,פרוט ווטר אננס 0.5,רגיל,0,3.75,7.90,8.90,משקאות ,יח',משקאות ,
7290014791862,7290014791862,פרוט ווטר אפרסק 0.5,רגיל,0,3.42,7.90,8.90,משקאות ,יח',משקאות ,
7290014791879,7290014791879,פרוט ווטר אבטיח 0.5,רגיל,0,3.42,7.90,8.90,משקאות ,יח',משקאות ,
7290014821057,7290014821057,כבל אלומיניום AUX,רגיל,0,0.00,19.90,19.90,מוצרי מכולת ,יח',מוצרי מכולת ,
7290014821064,7290014821064,Metal Charger GALAXY 2000mm,רגיל,0,0.00,29.90,29.90,מוצרי מכולת ,יח',מוצרי מכולת ,
7290014821095,7290014821095,מטען רכב איייפון מקורי,רגיל,0,0.00,69.90,69.90,מוצרי מכולת ,יח',מוצרי מכולת ,
7290014821101,7290014821101,זרוע אופנתית לרכב,רגיל,0,0.00,0.00,0.00,מוצרי מכולת ,יח',מוצרי מכולת ,
7290014821118,7290014821118,מעמד אופנתי,רגיל,0,0.00,99.90,99.90,מוצרי מכולת ,יח',מוצרי מכולת ,
7290014821347,7290014821347,אוזניות PURE-METAL,רגיל,0,0.00,49.90,49.90,מוצרי מכולת ,יח',מוצרי מכולת ,
7290014821507,7290014821507,מטען קיר אייפון מקורי,רגיל,0,0.00,79.90,79.90,מוצרי מכולת ,יח',מוצרי מכולת ,
7290014821569,7290014821569,כבל 2 מטר אייפון,רגיל,0,0.00,29.90,29.90,מוצרי מכולת ,יח',מוצרי מכולת ,
7290014821682,7290014821682,זרוע אוניברסלית,רגיל,0,0.00,27.50,27.50,מוצרי מכולת ,יח',מוצרי מכולת ,
7290014821699,7290014821699,זרוע לרכב TOUCH,רגיל,0,0.00,0.00,0.00,מוצרי מכולת ,יח',מוצרי מכולת ,
7290014831544,7290014831544,בקלואה 900 גרם ,רגיל,0,37.00,64.90,66.00,ממתקים ,יח',ממתקים ,
7290015018456,7290015018456,ספרי נקוי רכב תות,רגיל,3,10.00,19.90,19.90,מוצרי חצר תחנה ,יח',מוצרי חצר תחנה ,
7290015018463,7290015018463,ספרי נקוי רכב לימון,רגיל,0,10.00,20.00,20.00,מוצרי מכולת ,יח',מוצרי מכולת ,
7290015018470,7290015018470,CAR CLEANING,רגיל,3,10.00,19.90,19.90,מוצרי חצר תחנה ,יח',מוצרי חצר תחנה ,
7290015018487,7290015018487,ספרי נקוי רכב NEW CAR,רגיל,2,10.00,20.00,20.00,מוצרי ריח - לרכב,יח',מוצרי ריח - לרכב,
7290015018494,7290015018494,ספרי נקוי רכב לונדיר,רגיל,1,10.00,19.90,19.90,מוצרי חצר תחנה ,יח',מוצרי חצר תחנה ,
7290015018982,7290015018982,סט פיוזים תקע,רגיל,0,5.00,10.00,10.00,מוצרי מכולת ,יח',מוצרי מכולת ,
7290015114905,7290015114905,כבל HDMI 5 M,רגיל,3,19.90,44.90,44.90,אבזרי סלולר ו חשמל ,יח',אבזרי סלולר ו חשמל ,
7290015320047,7290015320047,עוגיות בטעם חמאה,רגיל,0,0.00,6.90,6.90,מוצרי מכולת ,יח',מוצרי מכולת ,
7290015324557,7290015324557,בהרט לבישול מיכל גדול 80ג,רגיל,4,5.90,12.90,12.90,מוצרי מכולת ,יח',מוצרי מכולת ,
7290015324663,7290015324663,תבלין צ׳ילי גרוס 70 גרם,רגיל,2,6.50,12.90,12.90,מוצרי מכולת ,יח',מוצרי מכולת ,
7290015341509,7290015341509,רוגלך בטעם שוקולד,רגיל,0,0.00,17.00,17.00,מוצרי מכולת ,יח',מוצרי מכולת ,
7290015341523,7290015341523,עוגיות סנדוויץ בתוספת מילוי ריבה,רגיל,0,0.00,13.88,13.88,מוצרי מכולת ,יח',מוצרי מכולת ,
7290015388702,7290015388702,גרעיני אבטיח 100 גרם,רגיל,5,4.27,9.90,11.90,פיצוחים,יח',פיצוחים,
7290015446242,7290015446242,ALLIN בטעם קרם עוגיות,רגיל,0,10.23,15.00,15.00,מוצרי מכולת ,יח',מוצרי מכולת ,
7290015446341,7290015446341,ALLIN בננה טופי,רגיל,0,10.23,15.00,15.00,מוצרי מכולת ,יח',מוצרי מכולת ,
7290015446495,7290015446495,חטיף חלבון אול אין בטעם שוקולד פאדג' 100 גרם,רגיל,0,10.80,16.90,16.90,חטיפים מתוקים ,יח',חטיפים מתוקים ,
7290015446914,7290015446914,אול אין חטיף חלבון שוקולד צ׳יפ 100ג,רגיל,0,10.80,18.90,18.90,חטיפים מתוקים ,יח',חטיפים מתוקים ,
7290015493154,7290015493154,נביעות אבטיח,רגיל,0,0.00,10.00,10.00,מוצרי מכולת ,יח',מוצרי מכולת ,
7290015493161,7290015493161,נביעות בטעם אננס,רגיל,0,0.00,0.00,0.00,מוצרי מכולת ,יח',מוצרי מכולת ,
7290015493178,7290015493178,נביעות מנגו,רגיל,0,0.00,8.00,8.00,מוצרי מכולת ,יח',מוצרי מכולת ,
7290015493208,7290015493208,מים מינרליים טבעיים בטעם אננס0.5 ליטר,רגיל,0,0.00,8.00,8.00,מוצרי מכולת ,יח',מוצרי מכולת ,
7290015519052,7290015519052,בידורית EXPERT,רגיל,0,0.00,0.00,0.00,מוצרי מכולת ,יח',מוצרי מכולת ,
7290015519144,7290015519144,מטען קיר פרימיום גלקסי 2.1A,רגיל,0,0.00,49.90,49.90,מוצרי מכולת ,יח',מוצרי מכולת ,
7290015519205,7290015519205,מעמד מגנטי,רגיל,0,0.00,29.90,29.90,מוצרי מכולת ,יח',מוצרי מכולת ,
7290015519298,7290015519298,אוהל זוגי,רגיל,0,0.00,120.00,120.00,מוצרי מכולת ,יח',מוצרי מכולת ,
7290015519304,7290015519304,אוהל רביעייה,רגיל,0,0.00,140.00,140.00,מוצרי מכולת ,יח',מוצרי מכולת ,
7290015519335,7290015519335,שק שינה,רגיל,0,0.00,100.00,100.00,מוצרי מכולת ,יח',מוצרי מכולת ,
7290015519359,7290015519359,מיטה יחיד,רגיל,0,40.97,69.00,69.00,מוצרי מכולת ,יח',מוצרי מכולת ,
7290015519366,7290015519366,מיטה זוגית,רגיל,0,55.00,99.00,99.00,מוצרי מכולת ,יח',מוצרי מכולת ,
7290015519397,7290015519397,בריכה משפחתית,רגיל,0,75.00,150.00,150.00,מוצרי מכולת ,יח',מוצרי מכולת ,
7290015519410,7290015519410,משאבה לרכב,רגיל,0,25.59,65.00,65.00,מוצרי מכולת ,יח',מוצרי מכולת ,
7290015519434,7290015519434,מזרן שטח 0.7,רגיל,0,21.00,50.00,50.00,מוצרי מכולת ,יח',מוצרי מכולת ,
7290015519458,7290015519458,ערסל יחיד צבע אדום,רגיל,0,0.00,69.00,69.00,מוצרי מכולת ,יח',מוצרי מכולת ,
7290015519465,7290015519465,ערסל יחיד צבע כחול,רגיל,0,0.00,69.00,69.00,מוצרי מכולת ,יח',מוצרי מכולת ,
7290015519472,7290015519472,ערסל יחיד ירוק,רגיל,0,0.00,0.00,0.00,מוצרי מכולת ,יח',מוצרי מכולת ,
7290015519656,7290015519656,צידנית רכה 24 ליטר,רגיל,0,25.59,60.00,60.00,מוצרי מכולת ,יח',מוצרי מכולת ,
7290015519670,7290015519670,צידנית רכה 12 ליטר,רגיל,0,20.46,45.00,45.00,מוצרי מכולת ,יח',מוצרי מכולת ,
7290015519694,7290015519694,חצובה+2פנסים נטענים 10,רגיל,1,179.43,300.00,300.00,מוצרי מכולת ,יח',מוצרי מכולת ,
7290015519717,7290015519717,ARTOS פרוג'יקטור,רגיל,0,0.00,99.00,99.00,מוצרי מכולת ,יח',מוצרי מכולת ,
7290015519793,7290015519793,מחצלת 2*3,רגיל,0,30.72,80.00,80.00,מוצרי מכולת ,יח',מוצרי מכולת ,
7290015597937,7290015597937,מגון קורנטו,רגיל,4,5.49,11.90,11.90,גלידות ,יח',גלידות ,
7290015821032,,נייר טושי,רגיל,0,2.00,5.00,5.00,מוצרי מכולת ,יח',מוצרי מכולת ,
7290015858106,7290015858106,פסטו בית 1,רגיל,12,12.76,18.90,18.90,מוצרי מקרר ,יח',מוצרי מקרר ,
7290016006292,7290016006292,ספרינג קרטון- מנגו בננה מלון,רגיל,0,4.95,10.00,10.00,מוצרי מכולת ,יח',מוצרי מכולת ,
7290016006360,7290016006360,שוופס תות ליים זכוכית 330 מ"ל,רגיל,24,3.31,9.90,9.90,משקאות ,יח',משקאות ,
7290016006377,7290016006377,שוויפס תות ליים זכוכית 330 מ"ל,רגיל,-19,3.57,7.90,8.90,משקאות ,יח',משקאות ,
7290016008012,7290016008012,מעמד טלפון לרכב מגנט,רגיל,0,0.00,89.00,89.00,מוצרי מכולת ,יח',מוצרי מכולת ,
7290016008029,7290016008029,תושבת לרכב ארוכה לדשבורד,רגיל,0,0.00,99.00,99.00,מוצרי מכולת ,יח',מוצרי מכולת ,
7290016008890,7290016008890,תושבת לרכב מדבקה,רגיל,0,0.00,0.00,0.00,מוצרי מכולת ,יח',מוצרי מכולת ,
7290016008975,7290016008975,תושבת לרכב מדבקה לדשבורד,רגיל,0,0.00,79.00,79.00,מוצרי מכולת ,יח',מוצרי מכולת ,
7290016041064,7290016041064,ערכת התנעה 12000MAH,רגיל,0,0.00,260.00,260.00,מוצרי מכולת ,יח',מוצרי מכולת ,
7290016041507,7290016041507,אוזניות. MBTOE70 ONEAR BT שחור,רגיל,2,49.00,109.90,109.90,אבזרי סלולר ו חשמל ,יח',אבזרי סלולר ו חשמל ,
7290016042641,7290016042641,פלטות מתכת mir m2p,רגיל,0,4.90,15.00,15.00,מוצרי מכולת ,יח',מוצרי מכולת ,
7290016081213,7290016081213,ערסל ישיבה,רגיל,0,0.00,0.00,0.00,מוצרי מכולת ,יח',מוצרי מכולת ,
7290016081237,7290016081237,גזיבו 3*3,רגיל,0,0.00,350.00,350.00,מוצרי מכולת ,יח',מוצרי מכולת ,
7290016081268,7290016081268,מערכת ישיבה במאים,רגיל,0,0.00,0.00,0.00,מוצרי מכולת ,יח',מוצרי מכולת ,
7290016081312,7290016081312,אוהל משפחתי,רגיל,0,0.00,249.00,249.00,מוצרי מכולת ,יח',מוצרי מכולת ,
7290016081329,7290016081329,רמקול ספורט אלחוטי חסין מים,רגיל,0,0.00,120.00,120.00,מוצרי מכולת ,יח',מוצרי מכולת ,
7290016081619,7290016081619,אוזניה קפיצית עם שלט בלוטוס ARTOS,רגיל,0,0.00,99.00,99.00,מוצרי מכולת ,יח',מוצרי מכולת ,
7290016081626,7290016081626,שלט BTעם אוזניה,רגיל,0,0.00,100.00,100.00,מוצרי מכולת ,יח',מוצרי מכולת ,
7290016087222,7290016087222,פריניר רוטב לשקשוקה 230 גרם,רגיל,8,3.40,7.90,8.90,מוצרי בית,יח',מוצרי בית,
7290016173611,7290016173611,ערכת התנעה APEX מקצועית,רגיל,0,0.00,290.00,290.00,מוצרי מכולת ,יח',מוצרי מכולת ,
7290016197839,7290016197839,שקיות אשפה חזקות XL,רגיל,0,18.90,28.90,29.90,מוצרי ניקיון ו טיפוח אישי,יח',מוצרי ניקיון ו טיפוח אישי,
7290016246018,7290016246018,חלבה מיקס 10 יח,רגיל,0,0.00,16.90,16.90,מוצרי מכולת ,יח',מוצרי מכולת ,
7290016246025,7290016246025,פינוקיות חלבה ללת״ס10*20,רגיל,1,8.50,17.90,17.90,חטיפים מתוקים ,יח',חטיפים מתוקים ,
7290016246193,7290016246193,שקית חטיף לוקמי,רגיל,0,11.34,22.00,22.00,מוצרי מכולת ,יח',מוצרי מכולת ,
7290016246209,7290016246209,חלבה וניל,רגיל,0,2.50,5.00,5.00,מוצרי מכולת ,יח',מוצרי מכולת ,
7290016246292,7290016246292,חלבה בקטנה,רגיל,0,0.00,14.90,14.90,מוצרי מכולת ,יח',מוצרי מכולת ,
7290016246308,7290016246308,חלבה בקטנה וניל קוקוס,רגיל,0,0.00,14.90,14.90,מוצרי מכולת ,יח',מוצרי מכולת ,
7290016246445,7290016246445,טחינה מעודנת שומש מלא 310 גרם,רגיל,4,8.90,15.90,15.90,מוצרי בית,יח',מוצרי בית,
7290016305005,7290016305005,אוריא לרכב דיזל,רגיל,34,30.00,60.00,60.00,מוצרי מכולת ,יח',מוצרי מכולת ,
7290016408294,7290016408294,מרשמלו ורוד לבן,רגיל,0,4.00,11.00,11.00,מוצרי מכולת ,יח',מוצרי מכולת ,
7290016475012,7290016475012,פיתה  ביס ,רגיל,-5,9.00,13.80,13.80,לחם ,יח',לחם ,
7290016509786,7290016509786,פרסיל ג'ל לכביסה,רגיל,0,0.00,28.00,28.00,מוצרי מכולת ,יח',מוצרי מכולת ,
7290016642490,7290016642490,טלפון שולחני מתקדם,רגיל,0,80.00,150.00,150.00,מוצרי מכולת ,יח',מוצרי מכולת ,
7290016750003,7290016750003,כבל התענה 600A,רגיל,5,38.00,69.90,69.90,מוצרי חצר תחנה ,יח',מוצרי חצר תחנה ,
7290016750003,7290016750003,כבל התענה 600A,רגיל,5,38.00,69.90,69.90,מוצרי חצר תחנה ,יח',מוצרי חצר תחנה ,
7290016750010,7290016750010,כבל התענה 900A,רגיל,4,58.00,129.90,129.90,מוצרי חצר תחנה ,יח',מוצרי חצר תחנה ,
7290016750027,7290016750027,בוסטר התנעה מקצועית לרכב 800A,רגיל,0,129.00,199.90,199.90,מוצרי חצר תחנה ,יח',מוצרי חצר תחנה ,
7290016750041,7290016750041,מגן שמש לייזר M,רגיל,0,17.00,39.90,39.90,מוצרי מכולת ,יח',מוצרי מכולת ,
7290016750058,7290016750058,מגן שמש L,רגיל,0,17.00,39.90,39.90,מוצרי חצר תחנה ,יח',מוצרי חצר תחנה ,
7290016750065,7290016750065,מגן שמש XL,רגיל,3,17.00,39.90,39.90,מוצרי חצר תחנה ,יח',מוצרי חצר תחנה ,
7290016750119,7290016750119,נורת הלוגן ONE,רגיל,9,6.50,17.89,17.89,מוצרי ריח - לרכב,יח',מוצרי ריח - לרכב,
7290016750126,7290016750126,ONE נורת הלוגן לרכב H7 באריזה בלסטיר,רגיל,-5,6.50,15.00,15.00,מוצרי מכולת ,יח',מוצרי מכולת ,
7290016750133,7290016750133,נורות הלוגן,רגיל,20,6.50,17.89,17.89,מוצרי חצר תחנה ,יח',מוצרי חצר תחנה ,
7290016750140,7290016750140,משולש אזהרה,רגיל,0,16.40,25.00,25.00,מוצרי מכולת ,יח',מוצרי מכולת ,
7290016750195,7290016750195,שלט ""נהג חדש"",רגיל,-1,4.10,10.00,10.00,מוצרי מכולת ,יח',מוצרי מכולת ,
7290016750201,7290016750201,אפוד זוהר,רגיל,7,7.50,14.00,14.00,מוצרי מכולת ,יח',מוצרי מכולת ,
7290016750249,7290016750249,מטלית לבנה מקצועית,רגיל,22,15.00,30.00,30.00,מוצרי מכולת ,יח',מוצרי מכולת ,
7290016750256,7290016750256,בוסטיר התנועהה מקצועי 12K,רגיל,1,190.00,299.90,299.90,מוצרי חצר תחנה ,יח',מוצרי חצר תחנה ,
7290016750294,7290016750294,ONE ג'ילגה צהובה,רגיל,3,10.00,19.90,19.90,מוצרי חצר תחנה ,יח',מוצרי חצר תחנה ,
7290016750331,7290016750331,One בוסטר תנועה לרכב A8000,רגיל,0,125.00,209.90,209.90,מוצרי חצר תחנה ,יח',מוצרי חצר תחנה ,
7290016750355,7290016750355,נורה הלוגן,רגיל,2,6.50,17.89,17.89,מוצרי חצר תחנה ,יח',מוצרי חצר תחנה ,
7290016750362,7290016750362,נורות הלוגן HB4,רגיל,2,6.50,17.89,17.89,מוצרי חצר תחנה ,יח',מוצרי חצר תחנה ,
7290016750393,7290016750393,ONE נורת הלוגן 9012 באריזת בליסטר,רגיל,0,9.99,17.90,17.90,מוצרי חצר תחנה ,יח',מוצרי חצר תחנה ,
7290016750461,7290016750461,ארגונית קטנה פתוחה,רגיל,0,0.00,130.00,130.00,מוצרי מכולת ,יח',מוצרי מכולת ,
7290016750478,7290016750478,ארגונית לרכב מהודרת סקואטש,רגיל,0,0.00,155.00,155.00,מוצרי מכולת ,יח',מוצרי מכולת ,
7290016750508,7290016750508,רצועות קשירה לרכב,רגיל,0,28.00,64.90,89.00,אבזרי סלולר ו חשמל ,יח',אבזרי סלולר ו חשמל ,
7290016750515,7290016750515,רצועות קשירה לרכב 4,רגיל,0,57.00,120.00,120.00,מוצרי מכולת ,יח',מוצרי מכולת ,
7290016750584,7290016750584,קומפרסור GOLD בוכנה 1 דגם 406H,רגיל,0,72.00,129.90,129.90,מוצרי חצר תחנה ,יח',מוצרי חצר תחנה ,
7290016750638,7290016750638,ערכת פנצריה,רגיל,12,7.50,14.90,14.90,מוצרי חצר תחנה ,יח',מוצרי חצר תחנה ,
7290016750645,7290016750645,קומפרסור 2 בוכנות דגם YD3033,רגיל,0,90.00,169.90,169.90,מוצרי חצר תחנה ,יח',מוצרי חצר תחנה ,
7290016750652,7290016750652,קומפרסור דגם YD317,רגיל,0,55.00,109.90,109.90,מוצרי חצר תחנה ,יח',מוצרי חצר תחנה ,
7290016750799,7290016750799,זוג מגן שמש לחלון צדדי,רגיל,0,5.90,14.90,14.90,מוצרי חצר תחנה ,יח',מוצרי חצר תחנה ,
7290016874129,7290016874129,כבל סמסונג מקורי DNA,רגיל,0,0.00,29.00,29.00,מוצרי מכולת ,יח',מוצרי מכולת ,
7290016874136,7290016874136,מטען סמסונג מקורי,רגיל,0,40.00,84.90,84.90,אבזרי סלולר ו חשמל ,יח',אבזרי סלולר ו חשמל ,
7290016874143,7290016874143,כבל סמסונג מקורי TYBE C,רגיל,0,0.00,35.00,35.00,מוצרי מכולת ,יח',מוצרי מכולת ,
7290016874150,7290016874150,אוזניות גלקסי מקוריות,רגיל,0,27.00,27.00,27.00,מוצרי מכולת ,יח',מוצרי מכולת ,
7290016874167,7290016874167,מטען סמסונג 9V,רגיל,0,0.00,85.00,85.00,מוצרי מכולת ,יח',מוצרי מכולת ,
7290016964332,7290001497531,נוזל קירור לרדיאטור אדום - 4ליטר,רגיל,-3,26.50,49.90,49.90,שמנים,יח',שמנים,
7290017023526,7290017023526,שוופס זכוכית בטעם תפוח ללא סוכר,רגיל,0,3.44,8.90,9.90,משקאות ,יח',משקאות ,
7290017088242,7290017088242,מגבונים,רגיל,0,2.80,6.00,6.00,מוצרי מכולת ,יח',מוצרי מכולת ,
7290017123257,7290017123257,נייר אלמניוום לנרגילה,רגיל,55,1.00,3.90,3.90,חד פעמי,יח',חד פעמי,
7290017197760,7290017197760,ויש דלי מגונים,רגיל,0,6.50,14.90,14.90,מוצרי בית,יח',מוצרי בית,
7290017275130,7290017275130,עוגת שמרים במילוי פרג,רגיל,0,0.00,5.00,5.00,מוצרי מכולת ,יח',מוצרי מכולת ,
7290017275147,7290017275147,עוגת שמרים דניש קינמון,רגיל,0,2.00,5.00,5.00,מוצרי מכולת ,יח',מוצרי מכולת ,
7290017275154,7290017275154,עוגת שמרים אישית בשוקולד,רגיל,3,2.90,4.90,4.90,חטיפים מתוקים ,יח',חטיפים מתוקים ,
7290017275598,7290017275598,נאפה אחוה רוגעלך 1/8 אריזה,רגיל,0,2.90,4.90,4.90,חטיפים מתוקים ,יח',חטיפים מתוקים ,
7290017404639,7290017404639,אוזניות אייפון 5/6,רגיל,0,0.00,39.00,39.00,מוצרי מכולת ,יח',מוצרי מכולת ,
7290017404646,7290017404646,אוזנית סמסונג DNA,רגיל,0,0.00,45.00,45.00,מוצרי מכולת ,יח',מוצרי מכולת ,
7290017404653,7290017404653,אוזניות סמסונג S6,רגיל,0,0.00,39.00,39.00,מוצרי מכולת ,יח',מוצרי מכולת ,
7290017404745,7290017404745,זרוע מגנט למזגן,רגיל,0,0.00,69.00,69.00,מוצרי מכולת ,יח',מוצרי מכולת ,
7290017404752,7290017404752,זרוע מגנט לדאשבורד,רגיל,0,0.00,69.00,69.00,מוצרי מכולת ,יח',מוצרי מכולת ,
7290017404769,7290017404769,זרוע מגנט טלסקופית,רגיל,0,0.00,53.00,53.00,מוצרי מכולת ,יח',מוצרי מכולת ,
7290017420042,7290017420042,בוסטר לבנזין,רגיל,0,0.00,250.00,250.00,מוצרי מכולת ,יח',מוצרי מכולת ,
7290017420059,7290017420059,בוסטר לרכב דיזל,רגיל,0,0.00,250.00,250.00,מוצרי מכולת ,יח',מוצרי מכולת ,
7290017420516,766041121769,תוסף דיזל,רגיל,25,55.00,100.00,100.00,מוצרי מכולת ,יח',מוצרי מכולת ,
7290017426181,7290017426181,כוס לונג 10 יח בשרוול ייבוא,רגיל,0,3.10,5.90,6.90,מוצרי בית,יח',מוצרי בית,
7290017426198,7290017426198,צלחת 9 לבן 100יח שקד,רגיל,0,9.50,17.90,16.90,מוצרי בית,יח',מוצרי בית,
7290017426211,7290017426211,צלחות חד פעמיות,רגיל,0,0.00,7.00,7.00,מוצרי מכולת ,יח',מוצרי מכולת ,
7290017426228,7290017426228,צלחות חד פעמיות,רגיל,0,0.00,7.00,7.00,מוצרי מכולת ,יח',מוצרי מכולת ,
7290017426266,7290017426266,כפפות ניילון בקופסא 100יח שקד,רגיל,14,2.50,4.90,4.90,מוצרי ניקיון ו טיפוח אישי,יח',מוצרי ניקיון ו טיפוח אישי,
7290017426433,7290017426433,כוס חמה 10 50יח שקד,רגיל,9,4.50,8.90,9.90,מוצרי בית,יח',מוצרי בית,
7290017599250,7290017599250,סוכריות קלאסי,רגיל,0,12.52,17.00,17.00,מוצרי מכולת ,יח',מוצרי מכולת ,
7290017599267,7290017599267,סוכריות סוכרלוז,רגיל,0,19.01,30.00,30.00,מוצרי מכולת ,יח',מוצרי מכולת ,
7290017617008,7290017617008,שלישית טונה סארקיסט בשמן(ירוק),רגיל,0,13.00,20.00,20.00,מוצרי מכולת ,יח',מוצרי מכולת ,
7290017617015,7290017617015,שלישית טונה סארקיסט במים (זהב),רגיל,0,0.00,19.90,19.90,מוצרי מכולת ,יח',מוצרי מכולת ,
7290017617053,7290017617053,סטאר קיסט עגבניות,רגיל,0,8.30,11.90,11.90,מוצרי מכולת ,יח',מוצרי מכולת ,
7290017617060,7290017617060,סטאר קיסט לימון,רגיל,0,8.30,11.90,11.90,מוצרי מכולת ,יח',מוצרי מכולת ,
7290017617077,7290017617077,סטאר קיסט פלפל חריף,רגיל,0,8.30,11.90,11.90,מוצרי מכולת ,יח',מוצרי מכולת ,
7290017617381,7290017617381,ס.ק לאנצבוקס. אורז וירקות 200 גרם ב״י,רגיל,1,10.50,17.90,17.90,מוצרי מכולת ,יח',מוצרי מכולת ,
7290017617398,7290017617398,ס.ק לאנצבוקס פסטה ועגבניות 200 גרם ב״י,רגיל,1,10.50,17.90,17.90,מוצרי מכולת ,יח',מוצרי מכולת ,
7290017617404,7290017617404,ס.ק לאנצבוקס אורז קינואה ופלפל 200 ג ב״י,רגיל,-1,8.80,17.90,17.90,מוצרי מכולת ,יח',מוצרי מכולת ,
7290017617459,7290017617459,ס.ק נתחי טונה בשמן 120*4 גרם - בית יוסף,רגיל,32,14.10,23.90,23.90,מוצרי מכולת ,יח',מוצרי מכולת ,
7290017617466,7290017617466,ס.ק נתחי טונה במים 120*4 גרם - בית יוסף,רגיל,4,15.50,23.90,23.90,מוצרי מכולת ,יח',מוצרי מכולת ,
7290017617572,7290017617572,ס.ק לאנצבוקס אטריות אורז פאדתאי 200ג ב״י,רגיל,0,8.80,17.90,17.90,מוצרי מכולת ,יח',מוצרי מכולת ,
7290017617596,7290017617596,ס.ק מיקס טונה עם אורז ועדשים 185גרם- ב״י,רגיל,0,9.45,17.90,17.90,מוצרי מכולת ,יח',מוצרי מכולת ,
7290017617688,7290017617688,ס.ק דלי פילה טונה שמנז לימון 120 גרם ב״י,רגיל,15,10.14,17.90,17.90,מוצרי מכולת ,יח',מוצרי מכולת ,
7290017617695,7290017617695,ס.ק דלי פילה טונה שמן זית 120 גרם ב״י,רגיל,11,10.20,18.00,18.00,מוצרי מכולת ,יח',מוצרי מכולת ,
7290017617701,7290017617701,ס.ק דלי פילה טונה שמנז פלפל 120 גרם ב״י,רגיל,17,10.19,18.00,18.00,מוצרי מכולת ,יח',מוצרי מכולת ,
7290017617732,7290017617732,ס. ק נתחי טונה במים 120*4 גרם - בדץ ע״ח,רגיל,-9,15.42,23.90,23.90,מוצרי מכולת ,יח',מוצרי מכולת ,
7290017641591,7290017641591,כרמית מרשמלו בד""ץ ורוד לבן,רגיל,-1,1.00,2.90,2.90,חטיפים מתוקים ,יח',חטיפים מתוקים ,
7290017675374,7290017675374,מים 200 מ"ל ,רגיל,5743,0.35,1.00,,משקאות ,יח',משקאות ,
7290017682563,7290017682563,שופיד עובי,רגיל,6,4.00,7.90,7.90,חד פעמי,יח',חד פעמי,
7290017817330,7290017817330,מקרן קול עם סאפובר,רגיל,0,0.00,620.00,620.00,מוצרי מכולת ,יח',מוצרי מכולת ,
7290017846293,7290017846293,מקלדת חוטית 104,רגיל,0,17.00,65.00,65.00,מוצרי מכולת ,יח',מוצרי מכולת ,
7290017888019,7290017888019,F&V תפוח רימון סלק,רגיל,0,3.88,7.90,7.90,מוצרי מכולת ,יח',מוצרי מכולת ,
7290017888026,7290017888026,F&V אננס תפוח גזר 330 מ""ל,רגיל,0,4.00,9.90,10.90,משקאות ,יח',משקאות ,
7290017888033,7290017888033,F&Vבננה מלון נענע,רגיל,0,4.41,7.90,7.90,מוצרי מכולת ,יח',מוצרי מכולת ,
7290017888644,7290017888644,F&V אננס בננה כורכום,רגיל,0,4.00,9.90,10.90,משקאות ,יח',משקאות ,
7290017888729,7290017888729,שופס סודה ליטר ,רגיל,31,2.59,9.90,10.90,משקאות ,יח',משקאות ,
7290017888781,7290017888781,שוויפס גזוז בטעם ליים נענע,רגיל,0,0.00,10.00,10.00,מוצרי מכולת ,יח',מוצרי מכולת ,
7290017888842,7290017888842,גזוז בטעם אננס תות,רגיל,0,0.00,6.00,6.00,מוצרי מכולת ,יח',מוצרי מכולת ,
7290017888910,7290017888910,תפוזינהלימונענע5. 0פט פקLS,רגיל,0,3.49,6.90,7.90,משקאות ,יח',משקאות ,
7290017888996,7290017888996,ספירינג דבדובנים תפוחים,רגיל,0,0.00,8.00,8.00,מוצרי מכולת ,יח',מוצרי מכולת ,
7290017928036,7290017928036,גריסיני שומשום 175 גרם,רגיל,2,6.30,10.90,10.90,חטיפים מלוחים ,יח',חטיפים מלוחים ,
7290017928043,7290017928043,גריסיני קראנץ עם מלח175 ג,רגיל,0,6.30,10.90,11.90,חטיפים מלוחים ,יח',חטיפים מלוחים ,
7290017928821,7290017928821,גריסיני,רגיל,0,6.30,12.00,12.00,מוצרי מכולת ,יח',מוצרי מכולת ,
7290017932354,7290017932354,ארוחת מקרוני עם גבינה 206,רגיל,1,8.90,14.00,14.00,מוצרי מכולת ,יח',מוצרי מכולת ,
7290017933726,7290017933726,ערכת קומפרסור 2 בוכנות,רגיל,0,0.00,200.00,200.00,מוצרי מכולת ,יח',מוצרי מכולת ,
7290018043134,7290018043134,ALLIN שוקולד לבן עוגיות,רגיל,4,9.72,15.90,16.90,חטיפים מתוקים ,יח',חטיפים מתוקים ,
7290018043301,7290018043301,ALLIN ונילה קראנץ',רגיל,0,10.23,16.00,16.00,מוצרי מכולת ,יח',מוצרי מכולת ,
7290018043844,7290018043844,פראור בוטנים קרמל חלבון,רגיל,0,9.72,16.00,16.00,מוצרי מכולת ,יח',מוצרי מכולת ,
7290018043899,7290018043899,אול אין חטיף חלבון בוטנים קרמל 60ג,רגיל,11,8.58,15.90,16.90,חטיפים מתוקים ,יח',חטיפים מתוקים ,
7290018071953,7290018071953,מגונים ,רגיל,0,2.11,5.00,5.00,מוצרי מכולת ,יח',מוצרי מכולת ,
7290018091111,7290018091111,מאמאמיה פיצה עם זיתים ,רגיל,19,16.90,34.90,36.90,קפואים מצוננים ,יח',קפואים מצוננים ,
7290018091142,7290018091142,מאמאמיה פיצה מקסיקנית,רגיל,13,15.90,34.90,36.90,קפואים מצוננים ,יח',קפואים מצוננים ,
7290018091531,7290018091531,חטיפי פיצה גבינה 650 גרם ,רגיל,3,21.30,38.90,39.90,קפואים מצוננים ,יח',קפואים מצוננים ,
7290018091708,7290018091708,מאמאמיה פיצה מרגריטה ,רגיל,14,16.90,34.90,36.90,קפואים מצוננים ,יח',קפואים מצוננים ,
7290018131077,7290018131077,מילקה גלידה,רגיל,-10,7.85,13.90,13.90,גלידות ,יח',גלידות ,
7290018131091,7290018131091,לה פרוטה,רגיל,0,3.16,7.00,7.00,מוצרי מכולת ,יח',מוצרי מכולת ,
7290018131367,7290018131367,קוקילידה,רגיל,0,7.71,11.00,11.00,מוצרי מכולת ,יח',מוצרי מכולת ,
7290018131428,7290018131428,טילון בטעם מסקרפונה עם תות שדה,רגיל,0,7.52,12.00,12.00,מוצרי מכולת ,יח',מוצרי מכולת ,
7290018131442,7290018131442,מילקא וניל שוקלד,רגיל,0,0.00,11.00,11.00,מוצרי מכולת ,יח',מוצרי מכולת ,
7290018131596,7290018131596,מיני אוריו בטעם וניל,רגיל,0,1.80,10.00,10.00,מוצרי מכולת ,יח',מוצרי מכולת ,
7290018131640,7290018131640,שוקולד קראנץ נוגט בוטנים,רגיל,0,0.00,12.00,12.00,מוצרי מכולת ,יח',מוצרי מכולת ,
7290018131794,7290018131794,קראנץ' מריר & נוגט,רגיל,0,42.00,6.50,6.50,גלידות ,יח',גלידות ,
7290018131978,7290018131978,אוריו וניל עם עוגיות,רגיל,12,7.92,11.90,11.90,חטיפים מתוקים ,יח',חטיפים מתוקים ,
7290018194225,7290018194225,סודה ספארק 250 מ"ל ,רגיל,0,1.66,5.90,6.90,משקאות ,יח',משקאות ,
7290018199404,7290018199404,סחוט מילון אננס 500מ""ל,רגיל,0,0.00,10.00,10.00,מוצרי מכולת ,יח',מוצרי מכולת ,
7290018199916,7290018199916,לימונדה 250 מ״ל Limonad,רגיל,9,8.90,13.90,14.90,משקאות טבעיות ,יח',משקאות טבעיות ,
7290018234969,7290018234969,קלובאת מומלח,רגיל,28,17.94,26.90,26.90,פיצוחים,יח',פיצוחים,
7290018234976,7290018234976,קלובאת ברביקיו ,רגיל,33,17.94,26.90,26.90,פיצוחים,יח',פיצוחים,
7290018234983,7290018234983,קלובאת מפולפל,רגיל,46,17.94,26.90,26.90,פיצוחים,יח',פיצוחים,
7290018276006,7290018276006,סיטי דאבל בוסט בטעם ענבים,רגיל,0,5.50,11.90,11.90,חטיפים מתוקים ,יח',חטיפים מתוקים ,
7290018276013,7290018276013,סיטי דאבל בוסט בטעם אבטיח,רגיל,0,5.50,11.90,11.90,חטיפים מתוקים ,יח',חטיפים מתוקים ,
7290018276020,7290018276020,סיטי דאבל בוסט בטעם לימונענע,רגיל,0,5.50,11.90,11.90,חטיפים מתוקים ,יח',חטיפים מתוקים ,
7290018276037,7290018276037,סיטי דאבל בוסט בטעם פירוט יער,רגיל,0,5.50,12.00,12.00,מוצרי מכולת ,יח',מוצרי מכולת ,
7290018296042,7290018296042,לחם טוסט אמריקה ,רגיל,-101,12.50,19.90,19.90,לחם ,יח',לחם ,
7290018296066,7290018296066,לחם שיפון 100%,רגיל,-2,12.50,19.90,19.90,לחם ,יח',לחם ,
7290018296608,7290018296608,לחם מלא 100% בתוספת דגנים ,רגיל,-48,12.50,19.90,19.90,לחם ,יח',לחם ,
7290018296615,7290018296615,10 פיתה ביס כוסמין מלא ,רגיל,-84,12.50,19.90,19.90,לחם ,יח',לחם ,
7290018296653,7290018296653,לחם כוסמין חלי ממתן ,רגיל,0,15.50,23.90,23.90,לחם ,יח',לחם ,
7290018296660,7290018296660,לחם שיבלות שועל 100 %,רגיל,0,12.50,19.90,19.90,לחם ,יח',לחם ,
7290018296813,7290018296813,10 פיתה קלה ביס ,רגיל,-33,12.50,19.90,19.90,לחם ,יח',לחם ,
7290018296868,7290018296868,לחם פרו דל פחמימות ,רגיל,0,16.50,25.90,25.90,לחם ,יח',לחם ,
7290018321089,7290018321089,SKETCH מטען בית לבן,רגיל,0,45.00,150.00,150.00,אבזרי סלולר ו חשמל ,יח',אבזרי סלולר ו חשמל ,
7290018359495,7290018359495,תירס מהשדה ללת״ס 550 גרם,רגיל,3,6.30,12.00,12.00,מוצרי מכולת ,יח',מוצרי מכולת ,
7290018380475,7290018380475,תמרים כבושים מגולענים 100,רגיל,13,7.90,14.00,14.00,מוצרי מכולת ,יח',מוצרי מכולת ,
7290018440490,7290018440490,סלט טונה עם קוסקוס 150 ג ,רגיל,22,10.90,17.90,18.90,מוצרי בית,יח',מוצרי בית,
7290018441473,7290018441473,פיינט סורבה פרי תשוקה וצילד,רגיל,0,19.73,24.90,24.90,גלידות ,יח',גלידות ,
7290018441480,7290018441480,פיינט סורבה ,רגיל,0,17.78,24.90,24.90,גלידות ,יח',גלידות ,
7290018441749,7290018441749,שלגון בצק עוגיות,רגיל,0,8.18,11.90,11.90,גלידות ,יח',גלידות ,
7290018441756,7290018441756,שלגון סולטיד קרמל בראוני,רגיל,0,8.80,12.00,12.00,מוצרי מכולת ,יח',מוצרי מכולת ,
7290018471005,7290018471005,ספרינג רימונים פירות יער,רגיל,0,0.00,8.00,8.00,מוצרי מכולת ,יח',מוצרי מכולת ,
7290018471036,7290018471036,שוופס ס.לימון מ.חזק 0.5,רגיל,0,2.21,7.90,8.90,משקאות ,יח',משקאות ,
7290018471043,7290018471043,ספרינג פירות טרופיים 330 מ"ל,רגיל,-4,3.47,6.90,7.90,משקאות ,יח',משקאות ,
7290018471050,7290018471050,ספרינג אגס תפוח סברס 330 מ"ל,רגיל,17,3.47,6.90,7.90,משקאות ,יח',משקאות ,
7290018471081,7290018471081,שוופס 1.5 ליים חמוציות קוסמו,רגיל,0,5.15,9.90,10.90,משקאות ,יח',משקאות ,
7290018471111,7290018471111,שוויפס מוחיטו זכוכית 330 מ"ל,רגיל,23,3.23,6.90,7.90,משקאות ,יח',משקאות ,
7290018471135,7290018471135,שייק בננה תמר תפוז,רגיל,0,4.76,7.98,7.98,מוצרי מכולת ,יח',מוצרי מכולת ,
7290018471142,7290018471142,שייק בננה קוקוס פירות יער,רגיל,0,4.20,8.00,8.00,מוצרי מכולת ,יח',מוצרי מכולת ,
7290018471180,7290018471180,F&V אננס תפוח גזר ליטר,רגיל,0,7.25,12.90,13.90,משקאות ,יח',משקאות ,
7290018471227,7290018471227,תות על בסיס מי קוקוס,רגיל,0,0.00,10.00,10.00,מוצרי מכולת ,יח',מוצרי מכולת ,
7290018471234,7290018471234,משקה אננס בסיס מי קוקוס,רגיל,0,0.00,10.00,10.00,מוצרי מכולת ,יח',מוצרי מכולת ,
7290018471258,7290018471258,קוקוס אננס פרוט ווטר,רגיל,0,0.00,8.00,8.00,מוצרי מכולת ,יח',מוצרי מכולת ,
7290018471401,7290018471401,מיץ פרוסות אננס ובננה,רגיל,0,7.25,12.90,13.90,משקאות ,יח',משקאות ,
7290018471760,7290018471760,אלוורה בטעם ליצ'י,רגיל,0,0.00,10.00,10.00,מוצרי מכולת ,יח',מוצרי מכולת ,
7290018471777,7290018471777,אלוורה בטעם פטל,רגיל,0,0.00,10.00,10.00,מוצרי מכולת ,יח',מוצרי מכולת ,
7290018471784,7290018471784,אלוורה בטעם קיווי,רגיל,0,0.00,10.00,10.00,מוצרי מכולת ,יח',מוצרי מכולת ,
7290018471869,7290018471869,תפוזינה - תות בננה,רגיל,0,3.20,8.00,8.00,מוצרי מכולת ,יח',מוצרי מכולת ,
7290018471906,7290018471906,שוופיס לימונדה ורודה מוגז 1.5 ליתר,רגיל,3,5.83,11.90,12.90,משקאות ,יח',משקאות ,
7290018471913,7290018471913,שוויפס תפוחים מוגז 1.5 ליתר,רגיל,18,6.00,11.90,12.90,משקאות ,יח',משקאות ,
7290018471920,7290018471920,שוויפס ענבים מוגז 1.5 ליתר,רגיל,12,5.83,11.90,12.90,משקאות ,יח',משקאות ,
7290018471937,7290018471937,שוופס תות ליים 1.5 ליתר,רגיל,11,5.83,11.90,12.90,משקאות ,יח',משקאות ,
7290018471944,7290018471944,שוופס לימונייד 1.5 ליטר,רגיל,12,6.00,11.90,12.90,משקאות ,יח',משקאות ,
7290018471951,7290018471951,שוופס מ.פיר.1.5 אשכליות אד ,רגיל,0,5.83,11.90,12.90,משקאות ,יח',משקאות ,
7290018638569,7290018638569,נתחי טונה בשמן צמחי,רגיל,0,14.00,35.00,35.00,מוצרי מכולת ,יח',מוצרי מכולת ,
7290018652015,7290018652015,גלידה רולר ,רגיל,0,6.01,9.90,9.90,גלידות ,יח',גלידות ,
7290018652053,7290018652053,ביסקולידה שוקו וניל,רגיל,25,4.97,10.00,10.00,גלידות ,יח',גלידות ,
7290018652190,7290018652190,קראנץ' בר,רגיל,0,0.00,12.00,12.00,מוצרי מכולת ,יח',מוצרי מכולת ,
7290018652695,7290018652695,ביס קולידה שוקו בננה,רגיל,0,0.00,12.00,12.00,מוצרי מכולת ,יח',מוצרי מכולת ,
7290018652718,7290018652718,שלגון מילקה,רגיל,0,7.92,14.00,14.00,מוצרי מכולת ,יח',מוצרי מכולת ,
7290018652770,7290018652770,אקסטרים ממרח בייגלה,רגיל,5,7.99,14.00,14.00,מוצרי מכולת ,יח',מוצרי מכולת ,
7290018652862,7290018652862,שלגון באבל גם,רגיל,0,5.08,8.00,8.00,מוצרי מכולת ,יח',מוצרי מכולת ,
7290018652947,7290018652947,קראנץ' פיסטוק,רגיל,0,7.70,13.00,13.00,מוצרי מכולת ,יח',מוצרי מכולת ,
7290018675847,7290018675847,אפוד זוהר,רגיל,0,8.00,15.00,15.00,מוצרי מכולת ,יח',מוצרי מכולת ,
7290018703076,7290018703076,"אלין דאבל שוקלד ח,חלבון",רגיל,0,9.72,15.90,16.90,חטיפים מתוקים ,יח',חטיפים מתוקים ,
7290018703083,7290018703083,פראור דאבל שוקולד חלבון,רגיל,0,8.36,16.00,16.00,מוצרי מכולת ,יח',מוצרי מכולת ,
7290018703304,7290018703304,חטיף חלבון אול אין בטעם קרם עוגיות 60 גרם,רגיל,-12,8.58,15.90,16.90,חטיפים מתוקים ,יח',חטיפים מתוקים ,
7290018703489,7290018703489,אול אין חטיף חלבון בננה טופי 60ג,רגיל,0,8.58,15.90,16.90,חטיפים מתוקים ,יח',חטיפים מתוקים ,
7290018703984,7290018703984,אול אין עוגיית חלבון שוקולד צ׳יפ 60ג,רגיל,0,8.58,15.90,15.90,חטיפים מתוקים ,יח',חטיפים מתוקים ,
7290018708026,7290018708026,חלבה מסולסלת 250 פיסטוק גרם,רגיל,0,10.86,20.00,20.00,מוצרי מכולת ,יח',מוצרי מכולת ,
7290018708286,729001870828,קרטון חטיף לוקמי,רגיל,0,7.90,14.00,14.00,מוצרי מכולת ,יח',מוצרי מכולת ,
7290018708354,7290018708354,פרוסות חלבה ללא סוכר שוקו וניל,רגיל,0,11.42,22.00,22.00,מוצרי מכולת ,יח',מוצרי מכולת ,
7290018710357,7290018710357,שומשום 400 גרם ר.ס,רגיל,9,7.30,13.90,14.90,מוצרי בית,יח',מוצרי בית,
7290018710364,7290018710364,קוקוס 400 גרם ר.ס,רגיל,7,9.30,17.90,18.90,מוצרי בית,יח',מוצרי בית,
7290018755068,7290018755068,אננס 10 30,רגיל,-7,6.32,11.90,11.90,גלידות ,יח',גלידות ,
7290018755273,7290018755273,טילון מגנום - אגוז ,רגיל,0,8.09,13.90,13.90,גלידות ,יח',גלידות ,
7290018755280,7290018755280,טוויסטר טרופי,רגיל,-3,3.98,9.90,9.90,גלידות ,יח',גלידות ,
7290018755297,7290018755297,טוויסטר פרוטי,רגיל,-22,3.98,9.90,9.90,גלידות ,יח',גלידות ,
7290018774007,7290018774007,קלובאת פירות יבשים ,רגיל,5,17.94,26.90,26.90,פיצוחים,יח',פיצוחים,
7290018774014,7290018774014,קלובת שקדים טבעי,רגיל,0,17.94,26.90,26.90,פיצוחים,יח',פיצוחים,
7290018774021,7290018774021,קלובאת אגוזי פקאן ,רגיל,22,17.94,26.90,26.90,פיצוחים,יח',פיצוחים,
7290018774038,7290018774038,קלובאת פקאן מסוכרים,רגיל,3,17.94,26.90,26.90,פיצוחים,יח',פיצוחים,
7290018774137,7290018774137,קלובאת פיסטוק קלוי ומומלח 250 גרם,רגיל,0,13.97,26.90,26.90,פיצוחים,יח',פיצוחים,
7290018774946,7290018774946,קלובת פיסטקו ,רגיל,0,17.94,26.90,26.90,פיצוחים,יח',פיצוחים,
7290018893654,7290018893654,בייגלה בתוספת מלח 200 גרם,רגיל,16,4.90,9.90,10.90,חטיפים מלוחים ,יח',חטיפים מלוחים ,
7290018893746,7290018893746,בייגלה עגבניה תיבול 180 ג,רגיל,0,4.50,9.90,9.90,חטיפים מלוחים ,יח',חטיפים מלוחים ,
7290018893852,7290018893852,בייגלה בתוספת שומשום 200ג,רגיל,21,4.90,9.90,9.90,חטיפים מלוחים ,יח',חטיפים מלוחים ,
7290018916928,7290018916928,מאגדת מילקה קרמל,רגיל,8,24.57,42.90,,גלידות ,יח',גלידות ,
7290018925065,7290018925065,מיץ תפוזים סחו,רגיל,0,23.06,44.90,45.90,משקאות ,יח',משקאות ,
7290018925416,7290018925416,מיץ לימון,רגיל,0,5.50,10.00,10.00,מוצרי מכולת ,יח',מוצרי מכולת ,
7290018925867,7290018925867,מיץ תפוזים וגזר,רגיל,6,11.92,24.90,25.90,מוצרי מקרר ,יח',מוצרי מקרר ,
7290018925881,7290018925881,פרימור תפוזים וגזר 400 מ"ל,רגיל,11,6.95,11.90,11.90,מוצרי מקרר ,יח',מוצרי מקרר ,
7290018925980,7290018925980,פרימור לימונענ,רגיל,0,10.71,17.90,17.90,מוצרי מקרר ,יח',מוצרי מקרר ,
7290018929940,7290018929940,מדליק פחמים ועץ לבן 200 גרם,רגיל,10,3.50,6.50,7.50,מוצרי חצר תחנה ,יח',מוצרי חצר תחנה ,
7290018989319,7290018989319,שעוע. לבנה רוטב עגב. 2*200,רגיל,2,7.10,11.90,11.90,מוצרי מכולת ,יח',מוצרי מכולת ,
7290019014836,7290019014836,דלי מטליות פרדייס TNX250,רגיל,18,17.50,24.90,24.90,מוצרי ניקיון ו טיפוח אישי,יח',מוצרי ניקיון ו טיפוח אישי,
7290019056041,7290019056041,שוויפס לימונייד זירו 1.5 ליתר,רגיל,0,5.83,11.90,13.90,משקאות ,יח',משקאות ,
7290019056072,7290019056072,שוופיס אננס עדיין,רגיל,0,5.57,12.90,13.90,משקאות ,יח',משקאות ,
7290019056089,7290019056089,שופס עדין ענביםריזלינג 1.5 ליטר,רגיל,0,6.00,11.90,12.90,משקאות ,יח',משקאות ,
7290019056096,7290019056096,שוופס מוגז 1.5 ל אפרסק,רגיל,0,6.00,11.90,12.90,משקאות ,יח',משקאות ,
7290019056171,7290019056171,סודה רביעיה בטעם לימון,רגיל,0,8.83,22.00,22.00,מוצרי מכולת ,יח',מוצרי מכולת ,
7290019056188,7290019056188,שוופס רביעייה בטעם נענע ליים,רגיל,0,8.83,21.90,22.90,משקאות ,יח',משקאות ,
7290019056195,7290019056195,שוופס רביעייה בטעם למון ג'ינג'ר,רגיל,0,8.83,21.90,22.90,משקאות ,יח',משקאות ,
7290019056201,7290019056201,סודה רביעייה בטעם פירות יער,רגיל,0,8.83,22.00,22.00,מוצרי מכולת ,יח',מוצרי מכולת ,
7290019056232,7290019056232,שוויפס מוחיטו מוגז 1.5 ליתר,רגיל,24,6.00,11.90,12.90,משקאות ,יח',משקאות ,
7290019056249,7290019056249,SCH WATER בטעם ענבים 1.5,רגיל,0,5.00,11.90,12.90,משקאות ,יח',משקאות ,
7290019056263,7290019056263,מים בטעמים אפרסק 1.5,רגיל,0,5.00,11.90,12.90,משקאות ,יח',משקאות ,
7290019056270,7290019056270,SCH WATER בטעם פ.יער 1.5 פ.ק,רגיל,0,5.15,11.90,12.90,משקאות ,יח',משקאות ,
7290019056300,7290019056300,שוופס ביטר ליים,רגיל,0,8.20,12.90,13.90,משקאות ,יח',משקאות ,
7290019056355,7290019056355,תפוזינלימונע 1.5 פקק,רגיל,-4,6.46,11.90,12.90,משקאות ,יח',משקאות ,
7290019056379,7290019056379,תפוזינה תפוז 1.5 פק. LS,רגיל,4,6.46,11.90,12.90,משקאות ,יח',משקאות ,
7290019056386,7290019056386,אשכוליות תפוזינה 1.5 ל,רגיל,4,6.46,11.90,12.90,משקאות ,יח',משקאות ,
7290019056409,7290019056409,תפו' מנגו 1.5 פק. IS,רגיל,-1,6.46,11.90,12.90,משקאות ,יח',משקאות ,
7290019056430,7290019056430,תפוזינה לייטתפוזים1.5פקLS,רגיל,1,6.46,11.90,12.90,משקאות ,יח',משקאות ,
7290019056508,7290019056508,מים בטעמים שוופיס ענבים 1.5,רגיל,0,5.00,11.90,12.90,משקאות ,יח',משקאות ,
7290019056539,7290019056539,שוופיס ווטיר אפרסק,רגיל,0,5.15,9.90,10.90,משקאות ,יח',משקאות ,
7290019056546,7290019056546,מים אבטיח -FRUIT WATER -1.5,רגיל,0,5.00,11.90,12.90,משקאות ,יח',משקאות ,
7290019056553,7290019056553,שישיית עין גדי,מכלול,0,9.08,14.90,15.90,משקאות ,יח',משקאות ,
7290019056577,7290019056577,ספרינג מנגה 1.5,רגיל,1,6.46,11.90,12.90,משקאות ,יח',משקאות ,
7290019056584,7290019056584,ספרינג תפוז 1.5 פק,רגיל,1,6.46,11.90,12.90,משקאות ,יח',משקאות ,
7290019056591,7290019056591,ספרינג ענבים,רגיל,1,6.46,11.90,12.90,משקאות ,יח',משקאות ,
7290019056607,7290019056607,ספרינג תפוח 1.5,רגיל,0,6.47,11.90,12.90,משקאות ,יח',משקאות ,
7290019056621,7290019056621,ספרינג פירות טרופים 1.5פק,רגיל,0,6.46,11.90,12.90,משקאות ,יח',משקאות ,
7290019056638,7290019056638,ספרינג תות בננה,רגיל,0,6.57,11.90,12.90,משקאות ,יח',משקאות ,
7290019056645,7290019056645,ספרינג אגס תפוח 1.5,רגיל,0,6.46,11.90,12.90,משקאות ,יח',משקאות ,
7290019056935,7290019056935,RC 1.5 שרינק,רגיל,0,5.14,12.90,12.90,מוצרי מכולת ,יח',מוצרי מכולת ,
7290019056942,7290019056942,עין גדי 2 ליטר,רגיל,349,1.76,5.90,6.90,משקאות ,יח',משקאות ,
7290019056966,7290019056966,בקבוק מי עדן 1.5 ליטר,רגיל,898,1.91,6.90,6.90,משקאות ,יח',משקאות ,
7290019056973,7290019056973,שישייה מי עדן 1.50,מכלול,0,10.47,17.90,18.90,משקאות ,יח',משקאות ,
7290019065487,7290019065487,מטען בית SKECH לבן 33W,רגיל,3,55.00,150.00,150.00,מוצרי מכולת ,יח',מוצרי מכולת ,
7290019068006,7290019068006,המבורגר אנגוס חלק 880 גרם ,רגיל,0,43.00,69.90,69.90,בשרים ,יח',בשרים ,
7290019068020,7290019068020,נק׳ צ׳וריסוס עגל טלה חלק 900 גרם ,רגיל,0,42.00,69.90,69.90,בשרים ,יח',בשרים ,
7290019068044,7290019068044,קציצות עיראקיות חלק 800 גרם ,רגיל,0,35.00,59.90,59.90,בשרים ,יח',בשרים ,
7290019068051,7290019068051,נקניקיות מרגז חריפות חלק 780 גרם ,רגיל,0,34.00,61.90,61.90,בשרים ,יח',בשרים ,
7290019068099,7290019068099,קציצות עגל טלה חלק 800 גרם ,רגיל,0,35.00,69.90,69.90,בשרים ,יח',בשרים ,
7290019068112,7290019068112,קציצות עגל חלק 800 גרם 8,רגיל,0,35.00,59.90,59.90,בשרים ,יח',בשרים ,
7290019068129,7290019068129,קבב עגל טלה חלק 650 גרם ,רגיל,0,30.00,49.90,49.90,בשרים ,יח',בשרים ,
7290019068143,7290019068143,בשר עגל טחון כשר מובחר 1 ק״ג ,רגיל,0,42.00,89.90,89.90,בשרים ,יח',בשרים ,
7290019153085,7290019153085,שוופס ZERO מוחיטו 1.5 ליתר,רגיל,0,5.83,11.90,12.90,משקאות ,יח',משקאות ,
7290019153238,7290019153238,סודה בקבוק בטעם תפוח,רגיל,0,3.19,9.90,9.90,מוצרי מכולת ,יח',מוצרי מכולת ,
7290019153344,7290019153344,סנרגיה 1.5 ל',רגיל,0,6.93,12.00,12.00,מוצרי מכולת ,יח',מוצרי מכולת ,
7290019153351,7290019153351,משקה פינק אוזו 1.5 ליטר,רגיל,0,6.93,12.00,12.00,מוצרי מכולת ,יח',מוצרי מכולת ,
7290019153375,7290019153375,מוחיטו 1.5 ליטר,רגיל,0,6.22,12.00,12.00,מוצרי מכולת ,יח',מוצרי מכולת ,
7290019153382,7290019153382,יפאורה סנגוריה 330 מ""ל,רגיל,0,3.04,8.00,8.00,מוצרי מכולת ,יח',מוצרי מכולת ,
7290019153399,7290019153399,תפוזינה אשכולית אדומה 330 מ""ל,רגיל,0,3.05,8.00,8.00,מוצרי מכולת ,יח',מוצרי מכולת ,
7290019153566,7290019153566,ספרינג רימונים,רגיל,0,5.80,12.90,12.90,מוצרי מכולת ,יח',מוצרי מכולת ,
7290019153580,7290019153580,משקה גזוז בטעם פירות יער,רגיל,0,3.22,7.90,8.90,משקאות ,יח',משקאות ,
7290019153696,7290019153696,שופס סודה בטעם לימון 1 ליטר ,רגיל,22,2.59,9.90,10.90,משקאות ,יח',משקאות ,
7290019153757,7290019153757,תות פירות יער 1.5 ליטר,רגיל,0,6.22,11.90,12.90,משקאות ,יח',משקאות ,
7290019153764,7290019153764,ספרינג ענבים 330 מ"ל,רגיל,6,3.47,6.90,7.90,משקאות ,יח',משקאות ,
7290019153832,7290019153832,אורנג""ד תפוזים 1.5,רגיל,0,5.14,11.90,12.90,משקאות ,יח',משקאות ,
7290019153849,7290019153849,אורנגדה לימון,רגיל,0,5.14,11.90,12.90,משקאות ,יח',משקאות ,
7290019153917,7290019153917,E&V תפוח אוכמניות 1 ליפק.,רגיל,0,7.25,12.90,13.90,משקאות ,יח',משקאות ,
7290019153931,7290019153931,F&V תפוז גזר 1 ליפק.,רגיל,0,7.25,12.90,13.90,משקאות ,יח',משקאות ,
7290019153948,7290019153948,"F &V ,תפוח אוכמניות 350 מ""""ל",רגיל,0,4.00,9.90,10.90,משקאות ,יח',משקאות ,
7290019153962,7290019153962,F&V  תפוז גזר 350 מ""ל,רגיל,0,4.00,9.90,10.90,משקאות ,יח',משקאות ,
7290019153979,7290019153979,משקה גזוז בטעם DHBDR,רגיל,0,3.24,7.90,8.90,משקאות ,יח',משקאות ,
7290019153986,7290019153986,משקה גזוז בטעם לימון,רגיל,0,3.24,7.90,8.90,משקאות ,יח',משקאות ,
7290019204800,7290019204800,צ׳ונגו סופר קראנץ 600גרם ,רגיל,-1,25.90,39.90,40.90,קפואים מצוננים ,יח',קפואים מצוננים ,
7290019205258,7290019205258,פסטרמה דק דק ברביקיו 110 גרם,רגיל,10,9.90,17.90,17.90,נקיניקיות ,יח',נקיניקיות ,
7290019233107,7290019233107,זית ירוק עשבי תיבול 215ג,רגיל,1,10.90,18.00,18.00,מוצרי מכולת ,יח',מוצרי מכולת ,
7290019233183,7290019233183,חרוזיתא זית ירוק 190 גרם,רגיל,0,10.90,18.00,18.00,מוצרי מכולת ,יח',מוצרי מכולת ,
7290019293095,7290019293095,שלגון מילקה עוגיוות,רגיל,8,7.85,13.90,13.90,גלידות ,יח',גלידות ,
7290019293293,7290019293293,צאי שקדים,רגיל,0,5.24,13.90,13.90,גלידות ,יח',גלידות ,
7290019293491,7290019293491,פרוטי רול - גלידה,רגיל,0,4.50,9.90,9.90,גלידות ,יח',גלידות ,
7290019293606,7290019293606,שלגון סורבה  פרי קוקוס אננס,רגיל,0,3.85,9.90,9.90,גלידות ,יח',גלידות ,
7290019293804,7290019293804,קראנץ שוק אגוז לוז,רגיל,-9,7.74,13.00,13.00,מוצרי מכולת ,יח',מוצרי מכולת ,
7290019293880,7290019293880,אקסטרים סופלי -טילון,רגיל,11,7.99,13.90,13.90,גלידות ,יח',גלידות ,
7290019293910,7290019293910,גלידה מילקה  קרמל,רגיל,26,7.92,13.90,13.90,גלידות ,יח',גלידות ,
7290019293989,7290019293989,קראנץ במילוי במבה מתוקה,רגיל,0,7.25,12.90,12.90,גלידות ,יח',גלידות ,
7290019310433,7290019310433,אול אין ERGY חוֹ משקה טעם הדרים ליים 330מל,רגיל,67,2.70,9.90,10.90,משקאות ,יח',משקאות ,
7290019310464,7290019310464,אול אין inERGY משקה טעם טרופי 330מל,רגיל,0,2.10,9.90,10.90,משקאות ,יח',משקאות ,
7290019310679,7290019310679,סופט אלין ש.חלב קרמל,רגיל,39,7.34,15.90,15.90,חטיפים מתוקים ,יח',חטיפים מתוקים ,
7290019310686,7290019310686,אול אין ח. חלבון סופט ש. לבן בוטן קרמל 55ג,רגיל,75,7.34,15.90,16.90,חטיפים מתוקים ,יח',חטיפים מתוקים ,
7290019310693,7290019310693,סופט אליין בוטנים קרמל,רגיל,-1,8.58,15.90,16.90,חטיפים מתוקים ,יח',חטיפים מתוקים ,
7290019321866,7290019321866,פחם טופ גריל 3 קג,רגיל,0,18.89,29.90,29.90,מוצרי חצר תחנה ,יח',מוצרי חצר תחנה ,
7290019333227,7290019333227,בית השיטה זיתים ירוק מבוקעים,רגיל,0,12.91,16.00,16.00,מוצרי מכולת ,יח',מוצרי מכולת ,
7290019365174,7290019365174,בקלואה ללא סוכר  350גרם ,רגיל,0,20.00,35.40,36.40,ממתקים ,יח',ממתקים ,
7290019365310,7290019365310,בקלואה 450- פח גרם ,רגיל,0,65.00,99.90,101.00,ממתקים ,יח',ממתקים ,
7290019401776,7290019401776,צ'יפס חלבון מלח ים 72 גם,רגיל,24,8.25,14.90,,חטיפים מלוחים ,יח',חטיפים מלוחים ,
7290019471036,7290019471036,שוויפס סודה לימון 500 מ"ל,רגיל,96,1.82,7.90,,משקאות ,יח',משקאות ,
7290019489795,7290019489795,ג'ל אלוורה 200 מ״ל,רגיל,7,7.30,12.90,13.90,מוצרי ניקיון ו טיפוח אישי,יח',מוצרי ניקיון ו טיפוח אישי,
7290019621737,7290019621737,זיתא חצאי זיתים ועגבניותמיובשות (12) 190 גרם,רגיל,0,13.00,21.90,22.90,מוצרי בית,יח',מוצרי בית,
7290019633563,7290019633563,פלסט משפך קטו ,רגיל,0,2.10,9.90,9.90,מוצרי חצר תחנה ,יח',מוצרי חצר תחנה ,
7290019644330,7290019644330,מרשמלו ורוד לבן 150 גרם,רגיל,57,7.52,8.90,8.90,חטיפים מתוקים ,יח',חטיפים מתוקים ,
7290019766193,7290019766193,אולאין ח. חלבון קרימי קור שוקולד אגוז 42ג,רגיל,3,8.54,15.90,15.90,חטיפים מתוקים ,יח',חטיפים מתוקים ,
7290019770533,7290019770533,שוויפס ליים 1.5 ליתר,רגיל,12,5.05,11.90,,משקאות ,יח',משקאות ,
7290019770632,7290019770632,שוויפס ליים 330 מ"ל,רגיל,24,2.65,6.90,,משקאות ,יח',משקאות ,
7290019770731,7290119770731,שוויפס ליים זירו 1.5 ליתר,רגיל,8,5.05,11.90,,משקאות ,יח',משקאות ,
7290019776795,7290119776795,V&מנגובננהמנדרינהפסיוליפ,רגיל,0,7.25,12.90,13.90,משקאות ,יח',משקאות ,
7290019816126,7290019816126,קראנץ מנץ ,רגיל,3,7.96,12.90,12.90,גלידות ,יח',גלידות ,
7290019816225,7290019816225,אקסטרים בטעם טריסמו ,רגיל,0,7.98,12.90,12.90,גלידות ,יח',גלידות ,
7290019816331,7290019816331,קראנץ וופל קרמל ,רגיל,0,7.95,12.90,12.90,גלידות ,יח',גלידות ,
7290019816355,7290019816355,אקסטרים לימון,רגיל,0,7.35,14.00,14.00,מוצרי מכולת ,יח',מוצרי מכולת ,
7290019937104,7290019937104,מלח הימלאיה דק 500 גרם,רגיל,11,13.50,26.00,26.00,מוצרי מכולת ,יח',מוצרי מכולת ,
7290020048226,7290020048226,סנדוויץ בטעם חלבה ללא סוכר ,רגיל,0,8.00,13.90,13.90,מוצרי בית,יח',מוצרי בית,
7290020048325,7290020048325,רשת בטעם שוקלד,רגיל,0,8.00,13.90,13.90,חטיפים מתוקים ,יח',חטיפים מתוקים ,
7290020128096,7290020128096,תפוזים 250 מ"ל ,רגיל,0,8.90,13.90,14.90,משקאות טבעיות ,יח',משקאות טבעיות ,
7290020188014,7290020188014,מ.ניקוי בריח תפוח 400 XPO,רגיל,0,12.90,17.90,18.90,מוצרי ניקיון ו טיפוח אישי,יח',מוצרי ניקיון ו טיפוח אישי,
7290020269201,7290020269201,מ. מטהר אויר-לילך XPO250,רגיל,9,6.90,11.90,12.90,מוצרי ניקיון ו טיפוח אישי,יח',מוצרי ניקיון ו טיפוח אישי,
7290020269218,7290020269218,מ. מטהר אויר-ספרינג XPO250,רגיל,-3,6.90,11.90,12.90,מוצרי ניקיון ו טיפוח אישי,יח',מוצרי ניקיון ו טיפוח אישי,
7290020269249,7290020269249,מ. מטהר-בוטניקל 250 XPO,רגיל,7,6.90,11.90,12.90,מוצרי ניקיון ו טיפוח אישי,יח',מוצרי ניקיון ו טיפוח אישי,
7290020269256,7290020269256,מ. מטהר אויר-מיסטיק XPO250,רגיל,3,6.90,11.90,12.90,מוצרי ניקיון ו טיפוח אישי,יח',מוצרי ניקיון ו טיפוח אישי,
7290100230749,7290100230749,בנוזור עוגת גבינה אישית,רגיל,0,3.90,0.00,0.00,מוצרי מכולת ,יח',מוצרי מכולת ,
7290100230817,7290100230817,בונזור בורקס גבינה גדול קרטון,רגיל,0,0.00,0.00,0.00,מוצרי מכולת ,יח',מוצרי מכולת ,
7290100230879,7290100230879,בונזור פילס פיצה גדול קרטון,רגיל,0,0.00,0.00,0.00,מוצרי מכולת ,יח',מוצרי מכולת ,
7290100235317,7290100235317,בונזור סמבוסק פיצה אישי,רגיל,35,4.01,5.26,5.26,מוצרי שימוש מטבח -חנות ,יח',מוצרי שימוש מטבח -חנות ,
7290100235799,7290100235799,בייגל טוסט אפויי למחצה (,רגיל,29,62.98,80.00,80.00,מוצרי שימוש מטבח -חנות ,יח',מוצרי שימוש מטבח -חנות ,
7290100245231,7290100245231,מרק עוף+שקדי מרק 2*25ג,רגיל,1,4.10,8.90,8.90,מוצרי מכולת ,יח',מוצרי מכולת ,
7290100247815,7290100247815,נמס בכוס טעם עגבניות,רגיל,0,0.00,5.00,5.00,מוצרי מכולת ,יח',מוצרי מכולת ,
7290100249086,7290100249086,קליק אוקי 35 גרם לבן,רגיל,0,5.05,7.80,7.80,חטיפים מתוקים ,יח',חטיפים מתוקים ,
7290100390979,7290100390979,חריף יבני 100 גרם מגדן ,רגיל,0,6.20,9.90,9.90,פיצוחים,יח',פיצוחים,
7290100391570,7290100391570,קשיו קלוי 200 גרם מגדן,רגיל,0,15.60,29.90,26.90,פיצוחים,יח',פיצוחים,
7290100391693,7290100391693,שקד טבעי 200 גרם מגדן,רגיל,4,13.20,24.90,24.90,פיצוחים,יח',פיצוחים,
7290100394472,7290100394472,בוטן אמריקאי 200 גרם,רגיל,0,4.90,9.90,9.90,פיצוחים,יח',פיצוחים,
7290100399352,7290100399352,רביולי 150 גרם מגדן ,רגיל,0,8.90,17.90,17.90,פיצוחים,יח',פיצוחים,
7290100399392,7290100399392,רביולי 150 גרם מגדן ,רגיל,4,8.90,16.90,16.90,פיצוחים,יח',פיצוחים,
7290100400104,7290100400104,שמן מנוע  1 ליטר -  15W40 דלקול,רגיל,2,18.90,60.00,60.00,שמנים,יח',שמנים,
7290100400814,7290100400814,תוסף דרגון,רגיל,0,28.00,79.00,79.00,מוצרי מכולת ,יח',מוצרי מכולת ,
7290100400906,7290100400906,דלגרין,רגיל,0,40.00,68.00,68.00,מוצרי מכולת ,יח',מוצרי מכולת ,
7290100401026,7290100401026,סינתטי מלא TDI שמן מנוע מוטורסינט,רגיל,0,63.01,110.00,110.00,מוצרי מכולת ,יח',מוצרי מכולת ,
7290100401064,7290100401064,מוטורסינט FE 5W30 מיכל 1 ליטר,רגיל,0,24.30,49.90,49.90,שמנים,יח',שמנים,
7290100402931,7290100402931,מוטורסינט TDI 5W40 מיכל 1 ליטר,רגיל,0,27.00,70.00,70.00,שמנים,יח',שמנים,
7290100404546,7290100404546,נוזל שמשות ויש ויש ,רגיל,0,6.00,15.00,15.00,שמנים,יח',שמנים,
7290100653586,7290100653586,ספיד סטיק נשים,רגיל,0,26.10,36.00,36.00,מוצרי מכולת ,יח',מוצרי מכולת ,
7290100680650,7290100680650,מנה חמה נודלס תאילנדי 70 גרם,רגיל,31,4.40,8.90,9.90,חטיפים מלוחים ,יח',חטיפים מלוחים ,
7290100680667,7290100680667,מנה חמה נודלס סצואן 70 גרם,רגיל,30,4.40,8.90,9.90,חטיפים מלוחים ,יח',חטיפים מלוחים ,
7290100680711,7290100680711,פירורית זהב ,רגיל,13,6.70,12.00,12.00,מוצרי מכולת ,יח',מוצרי מכולת ,
7290100680728,7290100680728,פירורית רגילה 350 גרם,רגיל,14,4.90,9.90,10.90,חטיפים מתוקים ,יח',חטיפים מתוקים ,
7290100684764,7290100684764,במבה יום הולדת,רגיל,0,1.20,3.90,3.90,חטיפים מלוחים ,יח',חטיפים מלוחים ,
7290100685136,7290100685136,מרק בטעם עוף פרווה 1 ק״ג ,רגיל,10,13.02,19.90,19.90,מוצרי בית,יח',מוצרי בית,
7290100685242,7290100685242,במבה חטיף בטעם תות,רגיל,0,0.00,4.00,4.00,מוצרי מכולת ,יח',מוצרי מכולת ,
7290100685938,7290100685938,עוגת דבש תפוחים,רגיל,0,16.17,19.90,20.90,חטיפים מתוקים ,יח',חטיפים מתוקים ,
7290100686928,7290100686928,עוגת הבית שוקו פירוריפ,רגיל,0,0.00,0.00,0.00,מוצרי מכולת ,יח',מוצרי מכולת ,
7290100687109,7290100687109,במבה במילוי קרם נוגט שוקולד 60 גרם,רגיל,30,2.70,7.90,8.90,חטיפים מלוחים ,יח',חטיפים מלוחים ,
7290100689301,7290100689301,מרק בטעם עוף זך 400גר,רגיל,0,12.90,21.00,21.00,מוצרי מכולת ,יח',מוצרי מכולת ,
7290100700020,7290100700020,גריסי פנינה 500 גרם,רגיל,0,3.90,8.90,8.90,מוצרי בית,יח',מוצרי בית,
7290100700396,7290100700396,אורז יסמין קלאסי 1 ק״ג ,רגיל,13,8.70,11.90,12.90,מוצרי בית,יח',מוצרי בית,
7290100700587,7290100700587,בורגול 500 גרם,רגיל,7,3.10,8.90,6.90,מוצרי בית,יח',מוצרי בית,
7290100701157,7290100701157,אורז להכנת סושי 1 ק״ג ,רגיל,8,8.90,15.90,16.90,מוצרי בית,יח',מוצרי בית,
7290100704493,7290100704493,קמח שמרים מנופה לפיצה 1קג,רגיל,5,5.90,12.00,12.00,מוצרי מכולת ,יח',מוצרי מכולת ,
7290100850336,7290100850336,מיני מגדים פסק זמן,רגיל,0,13.17,18.50,18.50,מוצרי מכולת ,יח',מוצרי מכולת ,
7290100850466,7290100850466,מיקס פ""ז מגדים 390 ג,רגיל,0,23.84,34.90,35.90,משקאות ,יח',משקאות ,
7290100850916,7290100850916,דוריטוס חמוץ חריף 70 גרם,רגיל,33,2.80,5.90,6.90,חטיפים מתוקים ,יח',חטיפים מתוקים ,
7290100850923,7290100850923,דוריטוס גריל 70 גרם,רגיל,72,2.80,5.90,6.90,חטיפים מלוחים ,יח',חטיפים מלוחים ,
7290100850930,7290100850930,דוריטוס בטעם טבעי 70 גרם,רגיל,86,2.30,5.90,6.90,חטיפים מלוחים ,יח',חטיפים מלוחים ,
7290100853689,7290100853689,בראוניז שוקולד עשירה,רגיל,0,0.00,22.00,22.00,מוצרי מכולת ,יח',מוצרי מכולת ,
7290100854266,7290100854266,שוקולד מריר 60%,רגיל,0,5.90,8.00,8.00,מוצרי מכולת ,יח',מוצרי מכולת ,
7290100858219,7290100858219,פסק זמן טראפלס מריר,רגיל,0,0.00,10.00,10.00,מוצרי מכולת ,יח',מוצרי מכולת ,
7290100858226,7290100858226,טבלת פסק זמן קלאסי,רגיל,0,7.22,11.00,11.00,מוצרי מכולת ,יח',מוצרי מכולת ,
7290100858592,7290100858592,אבקת קקאו דל שומן 150 גרם,רגיל,3,10.50,18.00,18.00,מוצרי מכולת ,יח',מוצרי מכולת ,
7290101110057,7290101110057,קרח לימון 1,רגיל,0,0.00,4.00,4.00,מוצרי מכולת ,יח',מוצרי מכולת ,
7290101110071,7290101110071,קרחון בטעם משמש,רגיל,0,0.00,4.00,4.00,מוצרי מכולת ,יח',מוצרי מכולת ,
7290101110088,7290101110088,קרחון בטעם אננס,רגיל,0,0.00,4.00,4.00,מוצרי מכולת ,יח',מוצרי מכולת ,
7290101110347,7290101110347,קרחון בטעם דובדבן,רגיל,0,0.00,4.00,4.00,מוצרי מכולת ,יח',מוצרי מכולת ,
7290101110354,7290101110354,איקסטרא בטעם וניל כחול,רגיל,0,0.00,0.00,0.00,מוצרי מכולת ,יח',מוצרי מכולת ,
7290101110361,7290101110361,גלידה שוקולד,רגיל,0,0.00,10.00,10.00,מוצרי מכולת ,יח',מוצרי מכולת ,
7290101110514,7290101110514,קרחון רמזור,רגיל,0,0.00,4.00,4.00,מוצרי מכולת ,יח',מוצרי מכולת ,
7290101110965,7290101110965,שלגון חלבי STAN,רגיל,0,0.00,11.00,11.00,מוצרי מכולת ,יח',מוצרי מכולת ,
7290101111764,7290101111764,קאשבר גלידת שמנת,רגיל,0,0.00,8.00,8.00,מוצרי מכולת ,יח',מוצרי מכולת ,
7290101112464,7290101112464,שלגון שובט חלבי,רגיל,0,0.00,10.00,10.00,מוצרי מכולת ,יח',מוצרי מכולת ,
7290101112907,7290101112907,גרניטה אפרסק,רגיל,0,0.00,4.00,4.00,מוצרי מכולת ,יח',מוצרי מכולת ,
7290101113034,7290101113034,שייקפרי אננס,רגיל,0,0.00,8.00,8.00,מוצרי מכולת ,יח',מוצרי מכולת ,
7290101113218,7290101113218,שייק פרי מנגו,רגיל,0,0.00,8.00,8.00,מוצרי מכולת ,יח',מוצרי מכולת ,
7290101113232,7290101113232,גרניטה מנגו,רגיל,0,0.00,4.00,4.00,מוצרי מכולת ,יח',מוצרי מכולת ,
7290101113300,7290101113300,יופלה פריזי יוגרט וסורבה אננס,רגיל,0,0.00,8.00,8.00,מוצרי מכולת ,יח',מוצרי מכולת ,
7290101113355,7290101113355,שלגון יוגורט עם אפרסק,רגיל,0,0.00,8.00,8.00,מוצרי מכולת ,יח',מוצרי מכולת ,
7290101113508,7290101113508,טילון פלדמן וניל,רגיל,0,0.00,15.00,15.00,מוצרי מכולת ,יח',מוצרי מכולת ,
7290101113539,7290101113539,YOLO טילון קטן בטעם נוגט,רגיל,0,0.00,8.00,8.00,מוצרי מכולת ,יח',מוצרי מכולת ,
7290101113560,7290101113560,טילון יולו לבן,רגיל,0,0.00,15.00,15.00,מוצרי מכולת ,יח',מוצרי מכולת ,
7290101113577,7290101113577,YOLO טילון גדול בטעם עוגיות,רגיל,0,0.00,12.00,12.00,מוצרי מכולת ,יח',מוצרי מכולת ,
7290101113690,7290101113690,שלגון יולו קרמל,רגיל,0,0.00,10.00,10.00,מוצרי מכולת ,יח',מוצרי מכולת ,
7290101113706,7290101113706,יולו שוקולד,רגיל,0,7.42,15.00,15.00,גלידות ,יח',גלידות ,
7290101113720,7290101113720,יולו שוקולד עגיות,רגיל,0,7.00,15.00,15.00,מוצרי מכולת ,יח',מוצרי מכולת ,
7290101412960,7290101412960,שולחן מתקפל 0.8 מ׳ פיקניק 50/77 ס״מ,רגיל,0,69.00,99.90,99.90,מוצרי חצר תחנה ,יח',מוצרי חצר תחנה ,
7290101413806,7290101413806,לקיטשן מסחטת הדרים שולחנית ידנית כרום,רגיל,0,79.00,129.90,129.90,מוצרי חצר תחנה ,יח',מוצרי חצר תחנה ,
7290101454168,7290101454168,נרות ג'מבו-סמי הכבאים,רגיל,0,4.12,7.00,7.00,מוצרי מכולת ,יח',מוצרי מכולת ,
7290101551027,7290101551027,קפסולות מס׳ 14 50 גרם,רגיל,1,9.90,22.90,25.90,מוצרי בית,יח',מוצרי בית,
7290101551263,7290101551263,סילאן טבעי700 גרם,רגיל,0,0.00,28.00,28.00,מוצרי מכולת ,יח',מוצרי מכולת ,
7290101551300,7290101551300,סילאן טבעי 380 גרם,רגיל,5,0.00,22.00,22.00,מוצרי מכולת ,יח',מוצרי מכולת ,
7290101551539,7290101551539,יוגורט אפרסק,רגיל,0,4.35,10.90,10.90,מוצרי מקרר ,יח',מוצרי מקרר ,
7290101551904,7290101551904,בוטנים חריף,רגיל,0,0.00,3.00,3.00,מוצרי מכולת ,יח',מוצרי מכולת ,
7290101696315,7290101696315,אוגדנית לטאבלט,רגיל,0,0.00,110.00,110.00,מוצרי מכולת ,יח',מוצרי מכולת ,
7290101696322,7290101696322,אוגדנית,רגיל,0,0.00,120.00,120.00,מוצרי מכולת ,יח',מוצרי מכולת ,
7290101864127,7290101864127,ספרי מסיר כתמים קליה750מ,רגיל,9,10.90,19.90,20.90,מוצרי ניקיון ו טיפוח אישי,יח',מוצרי ניקיון ו טיפוח אישי,
7290101865261,7290101865261,פיניש נוזל הברקה 800 מ״ל,רגיל,11,10.90,19.90,20.90,מוצרי ניקיון ו טיפוח אישי,יח',מוצרי ניקיון ו טיפוח אישי,
7290102003792,7290102003792,נרות ג'מבו מאויירים-ספיידרמן,רגיל,9,3.99,7.00,7.00,מוצרי מכולת ,יח',מוצרי מכולת ,
7290102030330,7290102030330,תפוציפס קראנץ מקסיקני 200 גרם,רגיל,1,7.90,13.90,13.90,חטיפים מלוחים ,יח',חטיפים מלוחים ,
7290102035007,7290102035007,מסטיק מאסט בטעם בזוקה 28ג,רגיל,0,2.60,5.90,5.90,חטיפים מתוקים ,יח',חטיפים מתוקים ,
7290102390465,7290102390465,קציפת אפרסק פרופ,רגיל,0,3.65,8.00,8.00,מוצרי מכולת ,יח',מוצרי מכולת ,
7290102391844,7290102391844,קציפת פירוויער,רגיל,0,3.65,8.00,8.00,מוצרי מכולת ,יח',מוצרי מכולת ,
7290102392094,7290102392094,חלב עז קרטון,רגיל,0,11.27,20.00,20.00,מוצרי מכולת ,יח',מוצרי מכולת ,
7290102392254,7290102392254,חלב קרטון 2 ל. 1%,רגיל,0,9.70,14.00,14.00,מוצרי מכולת ,יח',מוצרי מכולת ,
7290102393060,7290102393060,מיקס גליליות טרה,רגיל,0,4.57,6.90,6.90,מוצרי מכולת ,יח',מוצרי מכולת ,
7290102393268,7290102393268,לאבנה 750 ג' טרה,רגיל,0,10.23,17.00,17.00,מוצרי מכולת ,יח',מוצרי מכולת ,
7290102393299,7290102393299,יוגורט עיזים לשתיה,רגיל,0,8.87,15.00,15.00,מוצרי מכולת ,יח',מוצרי מכולת ,
7290102393718,7290102393718,חלומי בקר 200 גר',רגיל,0,14.83,25.00,25.00,מוצרי מכולת ,יח',מוצרי מכולת ,
7290102393848,7290102393848,יוגורט עיזים תות,רגיל,0,4.28,7.00,7.00,מוצרי מכולת ,יח',מוצרי מכולת ,
7290102393855,7290102393855,יוגורט עיזים אפרסק,רגיל,0,4.28,7.00,7.00,מוצרי מכולת ,יח',מוצרי מכולת ,
7290102394463,7290102394463,גבינה ואקום 500,רגיל,0,24.93,35.00,35.00,מוצרי מכולת ,יח',מוצרי מכולת ,
7290102394821,7290102394821,גבינה צהובה 28% דק 200 ג',רגיל,0,13.53,22.00,22.00,מוצרי מכולת ,יח',מוצרי מכולת ,
7290102394845,7290102394845,גבנ""צ דקדק 200 ג',רגיל,0,13.04,21.00,21.00,מוצרי מכולת ,יח',מוצרי מכולת ,
7290102395408,7290102395408,גבינה צהובה 28% 3 ק""ג,רגיל,0,112.55,112.55,112.55,מוצרי מכולת ,יח',מוצרי מכולת ,
7290102395422,7290102395422,גבינ""צ 3.15,רגיל,0,92.61,92.61,92.61,מוצרי מכולת ,יח',מוצרי מכולת ,
7290102395446,7290102395446,מעדן וניל קצפת,רגיל,0,2.09,5.00,5.00,מוצרי מכולת ,יח',מוצרי מכולת ,
7290102395477,7290102395477,מעדן שוקולד קצפת,רגיל,0,2.09,5.00,5.00,מוצרי מכולת ,יח',מוצרי מכולת ,
7290102395521,7290102395521,שמנת לבישול 15%,רגיל,0,11.17,15.00,15.00,מוצרי מכולת ,יח',מוצרי מכולת ,
7290102396399,7290102396399,מאגדת שמינייה -שוקולד,רגיל,0,11.22,15.90,15.90,מוצרי מכולת ,יח',מוצרי מכולת ,
7290102396405,7290102396405,מעדן וניל 8 100ג' טרה,רגיל,0,11.22,15.90,15.90,מוצרי מכולת ,יח',מוצרי מכולת ,
7290102396443,7290102396443,מעדן וניל טרה,רגיל,0,2.30,5.00,5.00,מוצרי מכולת ,יח',מוצרי מכולת ,
7290102396580,7290102396580,מע שוקולד מוס,רגיל,0,2.33,4.00,4.00,מוצרי מכולת ,יח',מוצרי מכולת ,
7290102396597,7290102396597,מעדן וניל מוס,רגיל,0,1.99,7.50,7.50,מוצרי מכולת ,יח',מוצרי מכולת ,
7290102396665,7290102396665,גבנ""צ 15% דקדקד 200ג',רגיל,0,13.53,21.00,21.00,מוצרי מכולת ,יח',מוצרי מכולת ,
7290102396672,7290102396672,גבינה 9% דקה דקה,רגיל,0,21.12,7.00,7.00,מוצרי מכולת ,יח',מוצרי מכולת ,
7290102396788,7290102396788,שקית שוקו,רגיל,0,2.00,4.00,4.00,מוצרי מכולת ,יח',מוצרי מכולת ,
7290102396955,7290102396955,חלב 2 ליטר טרה,רגיל,0,8.74,15.00,15.00,מוצרי מכולת ,יח',מוצרי מכולת ,
7290102397204,7290102397204,גבינה צ. דק דק 200גר' טרה,רגיל,0,13.39,22.00,22.00,מוצרי מכולת ,יח',מוצרי מכולת ,
7290102397334,7290102397334,בולגרית 250% טרה,רגיל,0,15.60,26.00,26.00,מוצרי מכולת ,יח',מוצרי מכולת ,
7290102397464,7290102397464,ביאנקו+פקאן טרה,רגיל,0,4.67,7.00,7.00,מוצרי מכולת ,יח',מוצרי מכולת ,
7290102397549,7290102397549,חלב 3 2% לרמאדן,רגיל,0,10.22,13.00,13.00,מוצרי מכולת ,יח',מוצרי מכולת ,
7290102397600,7290102397600,מיקס שקדים בוטנים טרה,רגיל,0,4.42,7.00,7.00,מוצרי מכולת ,יח',מוצרי מכולת ,
7290102397617,7290102397617,כדורים מיקס טרה,רגיל,0,4.19,9.00,9.00,מוצרי מכולת ,יח',מוצרי מכולת ,
7290102397730,7290102397730,אמנטל טרה,רגיל,0,13.04,22.00,22.00,מוצרי מכולת ,יח',מוצרי מכולת ,
7290102397747,7290102397747,מוצרלה 200 גר',רגיל,0,15.15,22.00,22.00,מוצרי מכולת ,יח',מוצרי מכולת ,
7290102397891,7290102397891,מותכת צוריאל,רגיל,0,5.13,12.00,12.00,מוצרי מכולת ,יח',מוצרי מכולת ,
7290102398065,7290102398065,חלב קרטון 2 ליטר,רגיל,-12,10.46,15.00,15.00,מוצרי מכולת ,יח',מוצרי מכולת ,
7290102398072,7290102398072,חלב קרטון 3% טרה,רגיל,0,4.58,8.00,8.00,מוצרי מכולת ,יח',מוצרי מכולת ,
7290102398140,7290102398140,מתיקות M/RICE טרה,רגיל,0,4.07,6.00,6.00,מוצרי מכולת ,יח',מוצרי מכולת ,
7290102398287,7290102398287,קצי תות 0.9 פרופ,רגיל,0,3.48,8.00,8.00,מוצרי מכולת ,יח',מוצרי מכולת ,
7290102398294,7290102398294,פרופ 0.9% מנגו,רגיל,0,4.07,5.50,5.50,מוצרי מכולת ,יח',מוצרי מכולת ,
7290102398331,7290102398331,חלב דל לקטוז ליטר,רגיל,0,5.59,10.00,10.00,מוצרי מכולת ,יח',מוצרי מכולת ,
7290102398348,7290102398348,מולר פקאן+גרעינים טרה,רגיל,0,4.67,6.50,6.50,מוצרי מכולת ,יח',מוצרי מכולת ,
7290102398478,7290102398478,לאבנה 9% טרה 500 גר',רגיל,0,16.14,22.50,22.50,מוצרי מכולת ,יח',מוצרי מכולת ,
7290102398553,7290102398553,שוקו 1.5 ליטר טרה,רגיל,0,11.91,19.00,19.00,מוצרי מכולת ,יח',מוצרי מכולת ,
7290102398560,7290102398560,שוקו טרה 2%,רגיל,0,9.88,15.00,15.00,מוצרי מכולת ,יח',מוצרי מכולת ,
7290102398614,7290102398614,בננה 1 ליטר,רגיל,0,9.05,14.00,14.00,מוצרי מכולת ,יח',מוצרי מכולת ,
7290102398638,7290102398638,מוקה טרה,רגיל,0,8.63,15.00,15.00,מוצרי מכולת ,יח',מוצרי מכולת ,
7290102398669,7290102398669,קפוצינו בקבוק 1 ליטר,רגיל,0,9.05,15.00,15.00,מוצרי מכולת ,יח',מוצרי מכולת ,
7290102398782,7290102398782,משקה סויה טרה,רגיל,0,7.98,15.00,15.00,מוצרי מכולת ,יח',מוצרי מכולת ,
7290102398799,7290102398799,סויה מתיקול,רגיל,0,8.42,18.00,18.00,מוצרי מכולת ,יח',מוצרי מכולת ,
7290102398805,7290102398805,סויה וניל,רגיל,0,7.98,18.00,18.00,מוצרי מכולת ,יח',מוצרי מכולת ,
7290102399048,7290102399048,קשקשבל 200ג' טרה,רגיל,0,18.60,22.00,22.00,מוצרי מכולת ,יח',מוצרי מכולת ,
7290102399635,7290102399635,קציפ. קוקן,רגיל,0,3.30,8.00,8.00,מוצרי מכולת ,יח',מוצרי מכולת ,
7290102399772,7290102399772,MULLER חמאה טרה,רגיל,0,12.50,23.00,23.00,מוצרי מכולת ,יח',מוצרי מכולת ,
7290102399796,7290102399796,נטוראל אקטיב,רגיל,0,3.99,8.50,8.50,מוצרי מכולת ,יח',מוצרי מכולת ,
7290102399802,7290102399802,תות אקטיב טרה,רגיל,0,4.68,6.50,6.50,מוצרי מכולת ,יח',מוצרי מכולת ,
7290102399819,7290102399819,פ.יער אקטיב טרה,רגיל,0,4.68,6.50,6.50,מוצרי מכולת ,יח',מוצרי מכולת ,
7290102399864,7290102399864,אפםרסק לייט אקטיב,רגיל,0,4.68,7.00,7.00,מוצרי מכולת ,יח',מוצרי מכולת ,
7290102444755,7290102444755,מחצלת שטיח בוץ 50/100 ס״מ גומי1237,רגיל,0,29.00,89.90,89.90,מוצרי חצר תחנה ,יח',מוצרי חצר תחנה ,
7290102451821,7290102451821,מנגל גמבו מגולון + רשת 24/39 ס"מ ,רגיל,0,59.00,99.90,99.90,מוצרי חצר תחנה ,יח',מוצרי חצר תחנה ,
7290103402815,7290103402815,אצבעות כחול עלית,רגיל,0,6.31,9.90,9.90,מוצרי מכולת ,יח',מוצרי מכולת ,
7290103402853,7290103402853,אצבעות שוקולד חלב מעלה,רגיל,0,5.73,9.90,9.90,חטיפים מתוקים ,יח',חטיפים מתוקים ,
7290103403874,7290103403874,פסק זמן לבן,רגיל,0,0.00,10.00,10.00,מוצרי מכולת ,יח',מוצרי מכולת ,
7290103404758,7290103404758,כרוב אדום - יום יום,רגיל,0,0.00,5.00,5.00,מוצרי מכולת ,יח',מוצרי מכולת ,
7290103407223,7290103407223,אצבעות אדום,רגיל,0,6.31,9.90,9.90,מוצרי מכולת ,יח',מוצרי מכולת ,
7290103703400,7290103703400,גליל מגבת מעשייה,רגיל,0,0.00,0.00,0.00,מוצרי מכולת ,יח',מוצרי מכולת ,
7290103746001,7290103746001,ממחטות מארז 5 חבילות,רגיל,0,0.00,15.00,15.00,מוצרי מכולת ,יח',מוצרי מכולת ,
7290104060984,7290104060984,אצבעות שוקולד חלב,רגיל,0,5.73,9.90,9.90,חטיפים מתוקים ,יח',חטיפים מתוקים ,
7290104061431,7290104061431,חומוס צנובר 400 גרם,רגיל,7,8.06,14.90,14.90,מוצרי מקרר ,יח',מוצרי מקרר ,
7290104061448,7290104061448,חומוס חריף 400 גרם,רגיל,-4,8.06,13.50,13.50,מוצרי מקרר ,יח',מוצרי מקרר ,
7290104064012,7290104064012,פסק זמן 2GOOD,רגיל,0,3.41,7.90,7.90,מוצרי מכולת ,יח',מוצרי מכולת ,
7290104067198,7290104067198,ספלנדיד תפוז,רגיל,0,7.71,12.00,12.00,מוצרי מכולת ,יח',מוצרי מכולת ,
7290104067518,7290104067518,כיף כף לבן,רגיל,0,0.00,6.00,6.00,מוצרי מכולת ,יח',מוצרי מכולת ,
7290104067679,7290104067679,טחינה 400,רגיל,3,8.17,13.90,13.90,מוצרי מקרר ,יח',מוצרי מקרר ,
7290104068539,7290104068539,מאסט אבטיח מלון,רגיל,0,2.60,5.00,5.00,מוצרי מכולת ,יח',מוצרי מכולת ,
7290104500572,7290104500572,אפרופו איטלקי 50 גרם,רגיל,84,3.20,6.90,7.90,חטיפים מלוחים ,יח',חטיפים מלוחים ,
7290104501661,7290104501661,פודינג וניל צרפתי 80 גרם,רגיל,17,4.20,7.90,7.90,מוצרי מכולת ,יח',מוצרי מכולת ,
7290104508257,7290104508257,בונזוד ביס דגנים 200*40ג,רגיל,200,0.65,2.00,2.00,מוצרי שימוש מטבח -חנות ,יח',מוצרי שימוש מטבח -חנות ,
7290104508332,7290104508332,בונזור ביס בריוש 200*40ג,רגיל,200,0.73,1.00,1.00,מוצרי שימוש מטבח -חנות ,יח',מוצרי שימוש מטבח -חנות ,
7290104508943,7290104508943,במבה קלאסי 200ג,רגיל,13,7.94,13.90,14.90,חטיפים מלוחים ,יח',חטיפים מלוחים ,
7290104692383,7290104692383,סוכך שמש ליזר L,רגיל,0,14.53,45.00,45.00,מוצרי מכולת ,יח',מוצרי מכולת ,
7290104692444,7290104692444,סוכך שמש מתקפל עבה,רגיל,0,0.00,15.00,15.00,מוצרי מכולת ,יח',מוצרי מכולת ,
7290104694110,7290104694110,מאפרה עם מכסה,רגיל,0,0.00,25.00,25.00,מוצרי מכולת ,יח',מוצרי מכולת ,
7290104694233,7290104694233,ערכת נורות חירום H7,רגיל,0,0.00,0.00,0.00,מוצרי מכולת ,יח',מוצרי מכולת ,
7290104694240,7290104694240,ערכת נורות חירום H4,רגיל,0,0.00,20.00,20.00,מוצרי מכולת ,יח',מוצרי מכולת ,
7290104695315,7290104695315,כבלים התנעה 950,רגיל,0,0.00,69.00,69.00,מוצרי מכולת ,יח',מוצרי מכולת ,
7290104695322,7290104695322,רצות קשירה 2.5,רגיל,0,7.63,20.00,20.00,מוצרי מכולת ,יח',מוצרי מכולת ,
7290104695339,7290104695339,רצועת קשירה 5 מ,רגיל,0,17.04,35.00,35.00,מוצרי מכולת ,יח',מוצרי מכולת ,
7290104695766,7290104695766,אשפתון רכב,רגיל,0,7.00,14.90,14.90,מוצרי חצר תחנה ,יח',מוצרי חצר תחנה ,
7290104695797,7290104695797,שלט ""נהג חדש "",רגיל,0,0.00,6.00,6.00,מוצרי מכולת ,יח',מוצרי מכולת ,
7290104722219,7290104722219,עוגת יום הולדת,רגיל,0,0.00,22.00,22.00,מוצרי מכולת ,יח',מוצרי מכולת ,
7290104722530,7290104722530,תפוציפס שמנת בצל 200 גרם,רגיל,4,6.90,13.90,14.90,חטיפים מלוחים ,יח',חטיפים מלוחים ,
7290104722684,7290104722684,ציטוס בטעם גבינה 40 ג,רגיל,0,0.00,6.00,6.00,מוצרי מכולת ,יח',מוצרי מכולת ,
7290104726484,7290104726484,טופי פרצופי,רגיל,0,0.00,6.50,6.50,מוצרי מכולת ,יח',מוצרי מכולת ,
7290104728310,7290104728310,שמנת להקצפה 38,רגיל,0,5.15,11.90,11.90,מוצרי מקרר ,יח',מוצרי מקרר ,
7290105360250,7290105360250,קפסולות 09 N,רגיל,12,9.90,22.90,22.90,מוצרי בית,יח',מוצרי בית,
7290105360328,7290105360328,קפסולות 10 למכונות N,רגיל,0,12.90,22.90,22.90,מוצרי בית,יח',מוצרי בית,
7290105360335,7290105360335,קפסולות קפה 07,רגיל,7,10.69,22.90,22.90,מוצרי בית,יח',מוצרי בית,
7290105360762,7290105360762,שמן זית 1 עדין 750,רגיל,0,31.24,35.00,35.00,מוצרי מכולת ,יח',מוצרי מכולת ,
7290105361707,290105361707,כיף כף לבן 45ג,רגיל,0,2.68,0.00,0.00,מוצרי מכולת ,יח',מוצרי מכולת ,
7290105362339,7290105362339,שמנת לבישול 15%,רגיל,23,5.99,9.90,9.90,מוצרי מקרר ,יח',מוצרי מקרר ,
7290105362377,7290105362377,כיף כף חלב 45 גרם,רגיל,6,3.06,5.90,7.90,חטיפים מתוקים ,יח',חטיפים מתוקים ,
7290105362377,7290105362377,כיף כף חלב 45 גרם,רגיל,6,2.60,5.90,7.90,חטיפים מתוקים ,יח',חטיפים מתוקים ,
7290105363572,7290105363572,קראנץ שוקולד חלב בסקוויט,רגיל,-25,6.20,9.90,12.90,חטיפים מתוקים ,יח',חטיפים מתוקים ,
7290105364302,7290105364302,כיף כף מקלות אגוזים,רגיל,0,4.10,8.90,8.90,מוצרי מכולת ,יח',מוצרי מכולת ,
7290105364678,7290105364678,אקטיוויה אפרסק,רגיל,2,3.92,6.90,6.90,מוצרי מקרר ,יח',מוצרי מקרר ,
7290105364784,7290105364784,קראנץ שוקולד לבן ביסקוויט,רגיל,20,6.20,9.90,9.90,חטיפים מתוקים ,יח',חטיפים מתוקים ,
7290105364883,7290105364883,עד חצות בסיקויט פריך שוקלד לבן,רגיל,2,13.68,17.90,17.90,מוצרי מכולת ,יח',מוצרי מכולת ,
7290105368713,7290105368713,שמן זית 1 ליטר,רגיל,0,0.00,55.00,55.00,מוצרי מכולת ,יח',מוצרי מכולת ,
7290105475787,7290105475787,לה קט מולטיפק נתחונים בגלי 3*400 גרם,רגיל,24,12.73,23.90,23.90,בעלי חיים ,יח',בעלי חיים ,
7290105691248,7290105691248,אסם חטיפי פריכונים טורטיה תירס 12*60גרם,רגיל,3,6.05,12.90,12.90,חטיפים מלוחים ,יח',חטיפים מלוחים ,
7290105692498,7290105692498,עוגת הבית בראוניז,רגיל,0,0.00,25.00,25.00,מוצרי מכולת ,יח',מוצרי מכולת ,
7290105692535,7290105692535,עוגת הבית שוקולד כשלפ,רגיל,0,0.00,12.90,12.90,מוצרי מכולת ,יח',מוצרי מכולת ,
7290105693341,7290105693341,מארז במבה 24*150גרם,רגיל,0,0.00,13.58,13.58,מוצרי מכולת ,יח',מוצרי מכולת ,
7290105693457,7290105693457,עוגה הבית דמקה שוקלד ,רגיל,1,10.62,17.90,15.90,חטיפים מתוקים ,יח',חטיפים מתוקים ,
7290105695321,7290105695321,עוגת הבית בראוניס פאדג' 380גרם,רגיל,1,12.93,22.90,22.90,חטיפים מתוקים ,יח',חטיפים מתוקים ,
7290105695895,7290105695895,עוגת דמקה דבש 8*320גרם,רגיל,0,12.43,14.90,15.90,חטיפים מתוקים ,יח',חטיפים מתוקים ,
7290105961143,7290105961143,סלט מטבוחה,רגיל,0,3.00,6.00,6.00,מוצרי מכולת ,יח',מוצרי מכולת ,
7290105961525,7290105961525,ספלנדיד מריר 85%,רגיל,0,9.85,13.90,13.90,מוצרי מכולת ,יח',מוצרי מכולת ,
7290105962331,7290105962331,סחוג תימני,רגיל,3,0.00,14.00,14.00,מוצרי מכולת ,יח',מוצרי מכולת ,
7290105962980,7290105962980,כרוב אדום 400 ג,רגיל,8,7.78,13.90,13.90,מוצרי מקרר ,יח',מוצרי מקרר ,
7290105962997,7290105962997,חצילים 400 ג',רגיל,2,7.78,13.90,13.90,מוצרי מקרר ,יח',מוצרי מקרר ,
7290105963000,7290105963000,מטבוחה 400 ג',רגיל,4,7.78,13.90,13.90,מוצרי מקרר ,יח',מוצרי מקרר ,
7290105964564,7290105964564,חומוס אחלה 400 ג,רגיל,2,6.57,12.90,12.90,מוצרי מקרר ,יח',מוצרי מקרר ,
7290105964748,7290105964748,שוקולד מריר מעולה 24 יח',רגיל,0,0.00,29.90,29.90,מוצרי מכולת ,יח',מוצרי מכולת ,
7290105965530,7290105965530,בונ לבן לב,רגיל,0,7.68,17.00,17.00,מוצרי מכולת ,יח',מוצרי מכולת ,
7290105965738,7290105965738,דנונה תות ובננה,רגיל,8,3.86,6.90,6.90,מוצרי מקרר ,יח',מוצרי מקרר ,
7290105968777,7290105968777,פריכיות מריר,רגיל,0,6.62,11.90,11.90,מוצרי מכולת ,יח',מוצרי מכולת ,
7290105998644,7290105998644,מכונת קפסולות גו,רגיל,0,267.88,650.00,650.00,מוצרי מכולת ,יח',מוצרי מכולת ,
7290105998880,7290105998880,מקציף חלב,רגיל,1,156.00,300.00,300.00,מוצרי מכולת ,יח',מוצרי מכולת ,
7290106413122,7290106413122,גומי נחשים 200 גרם,רגיל,0,0.00,12.00,12.00,מוצרי מכולת ,יח',מוצרי מכולת ,
7290106413146,7290106413146,גומי דובדובנים 200 גרם,רגיל,0,0.00,12.00,12.00,מוצרי מכולת ,יח',מוצרי מכולת ,
7290106413153,7290106413153,גומי יין 200 גרם,רגיל,0,0.00,12.00,12.00,מוצרי מכולת ,יח',מוצרי מכולת ,
7290106413191,7290106413191,גומי קולה 200 גרם,רגיל,0,0.00,12.00,12.00,מוצרי מכולת ,יח',מוצרי מכולת ,
7290106413306,7290106413306,גומי חמוץ ומסוכר 78 גרם,רגיל,0,0.00,12.00,12.00,מוצרי מכולת ,יח',מוצרי מכולת ,
7290106413788,7290106413788,ממתק מןברק בטעם אבטיח / תות 150 גרם,רגיל,0,0.00,12.00,12.00,מוצרי מכולת ,יח',מוצרי מכולת ,
7290106520066,7290106520066,רבע לשבע (ירוק)160 גרם,רגיל,19,11.25,19.90,20.90,חטיפים מתוקים ,יח',חטיפים מתוקים ,
7290106520288,7290106520288,דנונה תותWOW,רגיל,0,3.19,7.00,7.00,מוצרי מכולת ,יח',מוצרי מכולת ,
7290106521650,7290106521650,מאגדת טעמי,רגיל,0,0.00,16.00,16.00,מוצרי מכולת ,יח',מוצרי מכולת ,
7290106524439,7290106524439,תפוצ'יפס פופס 60 גרם,רגיל,75,2.80,5.90,6.90,חטיפים מלוחים ,יח',חטיפים מלוחים ,
7290106525368,7290106525368,רבע לשבע גלילי ופל במילוי קרם אגוזים,רגיל,0,0.00,15.00,15.00,מוצרי מכולת ,יח',מוצרי מכולת ,
7290106525399,7290106525399,קפה ב רזיל קפסולות,רגיל,0,10.45,30.00,30.00,מוצרי מכולת ,יח',מוצרי מכולת ,
7290106525405,7290106525405,קפסולות אלמניום D,רגיל,0,12.00,20.00,20.00,מוצרי מכולת ,יח',מוצרי מכולת ,
7290106525504,7290106525504,טעמי בייגלה,רגיל,36,3.06,5.90,6.90,חטיפים מתוקים ,יח',חטיפים מתוקים ,
7290106525504,7290106525504,טעמי בייגלה,רגיל,36,2.80,5.90,6.90,חטיפים מתוקים ,יח',חטיפים מתוקים ,
7290106526822,7290106526822,פריכיות שוקולד,רגיל,14,6.70,11.90,11.90,חטיפים מתוקים ,יח',חטיפים מתוקים ,
7290106527386,7290106527386,פריכיות שוקולד חלב,רגיל,14,6.70,11.90,11.90,מוצרי מכולת ,יח',מוצרי מכולת ,
7290106528567,7290106528567,דוריטוס גריל 185 גרם,רגיל,0,6.10,12.90,13.90,חטיפים מלוחים ,יח',חטיפים מלוחים ,
7290106528628,7290106528628,דוריטוס טבעי Dippas,רגיל,6,5.50,13.90,13.90,חטיפים מלוחים ,יח',חטיפים מלוחים ,
7290106571563,7290106571563,אפרופו 200 גרם,רגיל,7,8.97,12.90,13.90,חטיפים מלוחים ,יח',חטיפים מלוחים ,
7290106571792,7290106571792,קרח ענבים,רגיל,0,1.68,4.00,4.00,מוצרי מכולת ,יח',מוצרי מכולת ,
7290106572027,7290106572027,קרקר מקמח חיטה מלא דגנים,רגיל,6,6.45,12.90,12.90,חטיפים מלוחים ,יח',חטיפים מלוחים ,
7290106572065,7290106572065,חטיף טורטיה תירס חמוץ מתוק,רגיל,0,6.06,11.90,11.90,חטיפים מלוחים ,יח',חטיפים מלוחים ,
7290106573277,7290106573277,ואסם חטיפי קרקר קריספי זיתים 12*150גרם,רגיל,0,8.21,12.90,11.90,חטיפים מלוחים ,יח',חטיפים מלוחים ,
7290106573314,7290106573314,אסם חטיפי קרקר קריספי כפ,רגיל,6,8.20,12.90,12.90,חטיפים מלוחים ,יח',חטיפים מלוחים ,
7290106573536,7290106573536,ובונזור מיני קרואסון שוקולד חלבי 6קג,רגיל,0,222.68,222.00,222.00,מוצרי שימוש מטבח -חנות ,יח',מוצרי שימוש מטבח -חנות ,
7290106573598,7290106573598,וצבר חומוס לבנוני 12*400גרם,רגיל,0,11.13,14.90,14.90,מוצרי מקרר ,יח',מוצרי מקרר ,
7290106573628,7290106573628,חומוס טחינה ,רגיל,0,9.24,13.90,13.90,מוצרי מקרר ,יח',מוצרי מקרר ,
7290106573642,7290106573642,וצבר חומוס צנובר  400גרם,רגיל,1,8.79,13.90,13.90,מוצרי מקרר ,יח',מוצרי מקרר ,
7290106574120,7290106574120,גומגים ספארי לימון וטפל,רגיל,-11,5.26,10.90,10.90,גלידות ,יח',גלידות ,
7290106574953,7290106574953,בייגלה שטוחים שומשום 300 גרם,רגיל,6,7.50,17.90,18.90,חטיפים מלוחים ,יח',חטיפים מלוחים ,
7290106574977,7290106574977,בייגלה שטוחים,רגיל,3,7.50,17.90,18.90,חטיפים מלוחים ,יח',חטיפים מלוחים ,
7290106575257,7290106575257,עוגת הבית סופלה שוקולד 340 גרם,רגיל,7,10.62,20.00,20.00,מוצרי מכולת ,יח',מוצרי מכולת ,
7290106576223,7290106576223,אפרופו שוקולד 40 גרם,רגיל,3,3.60,6.90,6.90,חטיפים מלוחים ,יח',חטיפים מלוחים ,
7290106576513,7290106576513,וצבר חומוס 400גרם,רגיל,0,8.39,13.90,13.90,מוצרי מקרר ,יח',מוצרי מקרר ,
7290106577282,7290106577282,וצבר טחינה מרובע 6*400גרם,רגיל,0,9.73,16.90,16.90,מוצרי מקרר ,יח',מוצרי מקרר ,
7290106577480,7290106577480,סלט חציל על האש בטחינה מרובע 400גרם,רגיל,5,9.71,16.90,16.90,מוצרי מקרר ,יח',מוצרי מקרר ,
7290106577503,7290106577503,וצבר חציל במיונז מרובע 6*400גרם,רגיל,-5,9.71,15.90,15.90,מוצרי מקרר ,יח',מוצרי מקרר ,
7290106577541,7290106577541,וצבר כרוב אדום מרובע 6*400גרם,רגיל,-11,9.71,15.90,15.90,מוצרי מקרר ,יח',מוצרי מקרר ,
7290106577572,7290106577572,וצבר מטבוחה מרובע 6*400גרם,רגיל,0,9.71,16.90,16.90,מוצרי מקרר ,יח',מוצרי מקרר ,
7290106578241,7290106578241,דובונים 100 גרם,רגיל,16,7.58,13.50,13.50,חטיפים מלוחים ,יח',חטיפים מלוחים ,
7290106578821,7290106578821,עוגת הבית שמרים שוקולד,רגיל,-2,12.94,19.90,20.90,חטיפים מתוקים ,יח',חטיפים מתוקים ,
7290106650930,7290106650930,קפה שחור 85גרם,רגיל,2,5.94,11.90,12.90,חטיפים מתוקים ,יח',חטיפים מתוקים ,
7290106653504,7290106653504,בוטנים ברבקיו,רגיל,8,1.55,3.90,3.90,חטיפים מלוחים ,יח',חטיפים מלוחים ,
7290106654174,7290106654174,תפוציפס 30 גרם,רגיל,0,1.00,2.90,2.90,חטיפים מלוחים ,יח',חטיפים מלוחים ,
7290106656260,7290106656260,פופקורן טבעי,רגיל,0,3.86,7.00,7.00,מוצרי מכולת ,יח',מוצרי מכולת ,
7290106656512,7290106656512,בפלות טורטית,רגיל,0,16.95,22.90,22.90,חטיפים מתוקים ,יח',חטיפים מתוקים ,
7290106656727,7290106656727,חיוכים שוקו שוקו,רגיל,0,0.00,21.00,21.00,מוצרי מכולת ,יח',מוצרי מכולת ,
7290106656734,7290106656734,חיוכים וניל וניל,רגיל,0,0.00,21.00,21.00,מוצרי מכולת ,יח',מוצרי מכולת ,
7290106657748,7290106657748,עדשים 80 גרם,רגיל,0,5.10,8.00,8.00,מוצרי מכולת ,יח',מוצרי מכולת ,
7290106658479,7290106658479,טורטית מגדים 40 ג,רגיל,-4,3.06,5.90,6.90,חטיפים מתוקים ,יח',חטיפים מתוקים ,
7290106658479,7290106658479,טורטית מגדים 40 ג,רגיל,-4,2.80,5.90,6.90,חטיפים מתוקים ,יח',חטיפים מתוקים ,
7290106660649,7290106660649,דןריטוס קראנצי,רגיל,0,0.00,6.00,6.00,מוצרי מכולת ,יח',מוצרי מכולת ,
7290106662223,7290106662223,אפיפיות בטעם שוקלד,רגיל,0,0.00,15.00,15.00,מוצרי מכולת ,יח',מוצרי מכולת ,
7290106662230,7290106662230,בפלות טוב טעם בד""צ,רגיל,0,10.00,19.90,19.90,חטיפים מתוקים ,יח',חטיפים מתוקים ,
7290106662233,7290106662233,אפיפית ופל,רגיל,0,0.00,15.00,15.00,מוצרי מכולת ,יח',מוצרי מכולת ,
7290106662384,7290106662384,איחולים מתוקים,רגיל,0,8.00,12.20,12.20,מוצרי מכולת ,יח',מוצרי מכולת ,
7290106662964,7290106662964,גומיין בבטעם פירות,רגיל,0,0.00,10.00,10.00,מוצרי מכולת ,יח',מוצרי מכולת ,
7290106663121,7290106663121,מילקי cake,רגיל,40,2.11,3.90,3.90,מוצרי מקרר ,יח',מוצרי מקרר ,
7290106663183,7290106663183,ציטוס גבינה 65 גרם,רגיל,0,2.59,5.90,5.90,חטיפים מלוחים ,יח',חטיפים מלוחים ,
7290106663565,7290106663565,חלבית מלבין קפה,רגיל,0,0.00,24.00,24.00,מוצרי מכולת ,יח',מוצרי מכולת ,
7290106663824,7290106663824,ציטוס בוטנים,רגיל,0,2.97,6.00,6.00,מוצרי מכולת ,יח',מוצרי מכולת ,
7290106664067,7290106664067,לאבנה שמן זית,רגיל,12,11.07,17.90,17.90,מוצרי מקרר ,יח',מוצרי מקרר ,
7290106666788,7290106666788,סוכריות בטעם דבש,רגיל,0,0.00,7.00,7.00,מוצרי מכולת ,יח',מוצרי מכולת ,
7290106667266,7290106667266,דוריטוס חמוץ חריף 185 גרם,רגיל,3,5.50,12.90,12.90,חטיפים מלוחים ,יח',חטיפים מלוחים ,
7290106668133,7290106668133,שוקולית 400 גרם שקית,רגיל,0,8.50,14.50,14.50,מוצרי מכולת ,יח',מוצרי מכולת ,
7290106668577,7290106668577,מיץ לימון טבעי,רגיל,11,0.00,12.00,12.00,מוצרי מכולת ,יח',מוצרי מכולת ,
7290106669406,7290106669406,רבע לשבע מוס אגוזים,רגיל,0,0.00,18.00,18.00,מוצרי מכולת ,יח',מוצרי מכולת ,
7290106669413,7290106669413,רבע לשבע,רגיל,0,0.00,15.00,15.00,מוצרי מכולת ,יח',מוצרי מכולת ,
7290106669857,7290106669857,קפסולות בטעם ונילה,רגיל,0,10.45,30.00,30.00,מוצרי מכולת ,יח',מוצרי מכולת ,
7290106721807,7290106721807,חציל פיקנטי 40,רגיל,-3,7.78,15.00,15.00,מוצרי מכולת ,יח',מוצרי מכולת ,
7290106721906,7290106721906,בקבקון בזוקה,רגיל,0,6.20,11.90,12.90,חטיפים מתוקים ,יח',חטיפים מתוקים ,
7290106721913,7290106721913,בקבקון מאסט מנטה,רגיל,0,7.08,12.00,12.00,מוצרי מכולת ,יח',מוצרי מכולת ,
7290106722415,7290106722415,טבלת שוקולד תות,רגיל,0,5.96,8.90,8.90,חטיפים מתוקים ,יח',חטיפים מתוקים ,
7290106724419,7290106724419,חיוכים ויניל 150 גרם,רגיל,0,3.90,6.90,6.90,חטיפים מתוקים ,יח',חטיפים מתוקים ,
7290106724990,7290106724990,טורטית לבנה,רגיל,0,3.06,6.90,7.90,חטיפים מתוקים ,יח',חטיפים מתוקים ,
7290106725966,7290106725966,מטבעות שוקולד חלב,רגיל,0,3.80,4.90,4.90,מוצרי מכולת ,יח',מוצרי מכולת ,
7290106727984,7290106727984,גביע פצפצים,רגיל,0,7.91,12.90,12.90,מוצרי מכולת ,יח',מוצרי מכולת ,
7290106728127,7290106728127,חלב בקבוק טבעי,רגיל,83,6.47,9.90,9.90,מוצרי מקרר ,יח',מוצרי מקרר ,
7290106729148,7290106729148,רבע לשבע וניל עוגיות,רגיל,0,0.00,14.00,14.00,מוצרי מכולת ,יח',מוצרי מכולת ,
7290106729421,7290106729421,בראוניז טורטית,רגיל,0,0.00,22.00,22.00,מוצרי מכולת ,יח',מוצרי מכולת ,
7290107102247,7290107102247,למנוע דיזל עם מתנה,רגיל,0,0.00,69.00,69.00,מוצרי מכולת ,יח',מוצרי מכולת ,
7290107105415,7290107105415,ערכת תוסף בנזין חדש +מארז,רגיל,0,50.00,99.00,99.00,מוצרי מכולת ,יח',מוצרי מכולת ,
7290107105422,7290107105422,קיט תוסף דרגון דיזל+מארז מתנה,רגיל,0,45.00,100.00,100.00,מוצרי מכולת ,יח',מוצרי מכולת ,
7290107105491,7290107105491,נוזל בלמים,רגיל,0,20.00,39.90,39.90,מוצרי חצר תחנה ,יח',מוצרי חצר תחנה ,
7290107106054,7290107106054,תוסף בנזין+מתנה,רגיל,0,0.00,69.00,69.00,מוצרי מכולת ,יח',מוצרי מכולת ,
7290107106443,7290107106443,דלקור EXTRA COOL,רגיל,0,0.00,25.90,25.90,מוצרי מכולת ,יח',מוצרי מכולת ,
7290107106450,7290107106450,דלקור EXTRA COOL LLC,רגיל,0,0.00,25.90,25.90,מוצרי מכולת ,יח',מוצרי מכולת ,
7290107107532,7290107107532,נוזל קירור לרדיאטור ירוק - 2 ליטר,רגיל,0,11.50,35.00,35.00,שמנים,יח',שמנים,
7290107158909,7290107158909,כבל MOWER דגם USB-A to Lightning 1m,רגיל,24,5.00,24.90,24.90,אבזרי סלולר ו חשמל ,יח',אבזרי סלולר ו חשמל ,
7290107158916,7290107158916,כבל ליטנג usb ליטנג ,רגיל,0,8.00,24.90,24.90,אבזרי סלולר ו חשמל ,יח',אבזרי סלולר ו חשמל ,
7290107158930,7290107158930,כבל טיפסי ל UCB דגם מוויר,רגיל,1,7.00,24.90,24.90,אבזרי סלולר ו חשמל ,יח',אבזרי סלולר ו חשמל ,
7290107158947,7290107158947,כבל mower דגם usb,רגיל,0,9.00,19.90,19.90,אבזרי סלולר ו חשמל ,יח',אבזרי סלולר ו חשמל ,
7290107158954,7290107158954,כבל MOWER דגםLightning to USB- C 3m,רגיל,0,13.00,39.90,39.90,אבזרי סלולר ו חשמל ,יח',אבזרי סלולר ו חשמל ,
7290107158961,7290107158961,כבל MOWER דגם USB - C to USB - C 1m,רגיל,41,6.00,24.90,28.90,אבזרי סלולר ו חשמל ,יח',אבזרי סלולר ו חשמל ,
7290107158985,7290107158985,כבל Mower USB To Lightning C,רגיל,26,5.00,24.90,24.90,אבזרי סלולר ו חשמל ,יח',אבזרי סלולר ו חשמל ,
7290107158992,7290107158992,כבל MOWER דגם USB A to USB-C 1m,רגיל,3,6.00,24.90,24.90,אבזרי סלולר ו חשמל ,יח',אבזרי סלולר ו חשמל ,
7290107159005,7290107159005,כבל MOWER דגםUSB A to USB-C 2m,רגיל,0,7.00,19.90,19.90,אבזרי סלולר ו חשמל ,יח',אבזרי סלולר ו חשמל ,
7290107159067,7290107159067,רמקול נייד NEATOGO,רגיל,0,0.00,500.00,500.00,מוצרי מכולת ,יח',מוצרי מכולת ,
7290107160964,7290107160964,מטען בית Mower דגםUSB A שתי יציאות12W,רגיל,6,12.00,39.90,48.90,אבזרי סלולר ו חשמל ,יח',אבזרי סלולר ו חשמל ,
7290107160971,7290107160971,מטען בית MOWER  דגם USB ,רגיל,3,12.50,44.90,64.00,אבזרי סלולר ו חשמל ,יח',אבזרי סלולר ו חשמל ,
7290107160988,7290107160988,מטען בית Mower דגםUSB A שתי יציאותType C 12 כבלW,רגיל,0,20.00,44.90,64.00,אבזרי סלולר ו חשמל ,יח',אבזרי סלולר ו חשמל ,
7290107160995,7290107160995,מטען בית Mower דגםUSB A שתי יציאותLightning 12 כבלW,רגיל,12,14.00,44.90,48.90,אבזרי סלולר ו חשמל ,יח',אבזרי סלולר ו חשמל ,
7290107161008,7290107161008,מטען בית Mower דגםUSB A&USB C שתייציאות 38W,רגיל,-1,25.00,64.90,73.90,אבזרי סלולר ו חשמל ,יח',אבזרי סלולר ו חשמל ,
7290107161015,7290107161015,מטען בית Mower דגםUSB A&USB C 2,רגיל,0,15.00,59.90,59.90,אבזרי סלולר ו חשמל ,יח',אבזרי סלולר ו חשמל ,
7290107161022,7290107161022,מטען בית. Mower דגםUSB A&USB C שתייציאות 38W כבלLightnin,רגיל,10,25.00,59.90,64.90,אבזרי סלולר ו חשמל ,יח',אבזרי סלולר ו חשמל ,
7290107161039,7290107161039,מטען בית Mower דגם20W USB C,רגיל,16,22.00,59.90,69.00,אבזרי סלולר ו חשמל ,יח',אבזרי סלולר ו חשמל ,
7290107161046,7290107161046,מטען mower בית דגם c 2 רשות,רגיל,-1,49.00,99.90,109.00,אבזרי סלולר ו חשמל ,יח',אבזרי סלולר ו חשמל ,
7290107161053,7290107161053,מטען בית Mower דגם30W USB C,רגיל,2,27.00,64.90,89.00,אבזרי סלולר ו חשמל ,יח',אבזרי סלולר ו חשמל ,
7290107161060,7290107161060,כבל דגם טי פ סי 60 W ,רגיל,10,12.00,39.90,39.90,אבזרי סלולר ו חשמל ,יח',אבזרי סלולר ו חשמל ,
7290107161077,7290107161077,כבל Mower Type C to Type C 100W,רגיל,1,15.00,34.90,43.90,אבזרי סלולר ו חשמל ,יח',אבזרי סלולר ו חשמל ,
7290107161084,7290107161084,כבל Mower דגם 3 ב-1 ,רגיל,5,9.00,24.90,24.90,אבזרי סלולר ו חשמל ,יח',אבזרי סלולר ו חשמל ,
7290107161091,7290107161091,כבל Mower דגם 4 ב-1 ,רגיל,0,14.00,29.90,29.90,אבזרי סלולר ו חשמל ,יח',אבזרי סלולר ו חשמל ,
7290107161657,7290107161657,מטען רכב Mower דגםType CPD&QC3.0-38Wשחור,רגיל,12,15.00,49.90,49.90,אבזרי סלולר ו חשמל ,יח',אבזרי סלולר ו חשמל ,
7290107161664,7290107161664,מטען רכב mower 48 w ,רגיל,-3,25.00,59.90,98.00,אבזרי סלולר ו חשמל ,יח',אבזרי סלולר ו חשמל ,
7290107161671,7290107161671,מטען רכב Mower דגם usb ,רגיל,1,32.00,69.90,78.90,אבזרי סלולר ו חשמל ,יח',אבזרי סלולר ו חשמל ,
7290107163712,7290107163712,כבל mower דגם usb ,רגיל,0,7.00,19.90,19.90,אבזרי סלולר ו חשמל ,יח',אבזרי סלולר ו חשמל ,
7290107163880,7290107163880,מטען רכב mower 38 W ,רגיל,1,20.00,49.90,49.90,אבזרי סלולר ו חשמל ,יח',אבזרי סלולר ו חשמל ,
7290107163897,7290107163897,מטען רכב Mower דגםPD*2 38W כולל כבל,רגיל,14,20.00,59.90,64.90,אבזרי סלולר ו חשמל ,יח',אבזרי סלולר ו חשמל ,
7290107340779,7290107340779,כבל סמסונג,רגיל,0,0.00,0.00,0.00,מוצרי מכולת ,יח',מוצרי מכולת ,
7290107341318,7290107341318,אוזניות אייפון,רגיל,0,0.00,89.00,89.00,מוצרי מכולת ,יח',מוצרי מכולת ,
7290107341332,7290107341332,אוזניות חדש לסמסונג,רגיל,0,0.00,35.00,35.00,מוצרי מכולת ,יח',מוצרי מכולת ,
7290107341349,7290107341349,אוזניות TYBE-C לסמסונג,רגיל,0,0.00,49.00,49.00,מוצרי מכולת ,יח',מוצרי מכולת ,
7290107341752,7290107341752,אוזניות חדשות סמסונג /אייפון איירפרו,רגיל,0,0.00,35.00,35.00,מוצרי מכולת ,יח',מוצרי מכולת ,
7290107341981,7290107341981,מטען בית MICROUSB,רגיל,0,0.00,34.00,34.00,מוצרי מכולת ,יח',מוצרי מכולת ,
7290107342001,7290107342001,מטען בית TYBE C,רגיל,0,0.00,48.96,48.96,מוצרי מכולת ,יח',מוצרי מכולת ,
7290107342056,7290107342056,ראש בית 2A,רגיל,0,0.00,39.00,39.00,מוצרי מכולת ,יח',מוצרי מכולת ,
7290107342063,342063,משקפי ראיה,רגיל,17,10.50,25.00,25.00,אבזרי סלולר ו חשמל ,יח',אבזרי סלולר ו חשמל ,
7290107342070,7290107342070,ראש רכב A2,רגיל,0,10.26,34.90,34.90,אבזרי סלולר ו חשמל ,יח',אבזרי סלולר ו חשמל ,
7290107342087,7290107342087,מטען רכב אייפון DNA,רגיל,0,0.00,45.00,45.00,מוצרי מכולת ,יח',מוצרי מכולת ,
7290107342094,7290107342094,מטען רכב 2 כניסות +כבל TYPE C,רגיל,0,0.00,0.00,0.00,מוצרי מכולת ,יח',מוצרי מכולת ,
7290107342100,7290107342100,כבל טעינה מטר מיקרו,רגיל,0,0.00,27.00,27.00,מוצרי מכולת ,יח',מוצרי מכולת ,
7290107342117,7290107342117,כבל טעינה 1 מטר,רגיל,0,8.55,24.90,24.90,אבזרי סלולר ו חשמל ,יח',אבזרי סלולר ו חשמל ,
7290107342124,7290107342124,כבל טעינה טייפ סי מטר,רגיל,0,8.55,24.90,24.90,אבזרי סלולר ו חשמל ,יח',אבזרי סלולר ו חשמל ,
7290107342131,7290107342131,כבל אוקס מטר,רגיל,0,0.00,20.00,20.00,מוצרי מכולת ,יח',מוצרי מכולת ,
7290107342148,7290107342148,כבל מיקרו 2 מטיר,רגיל,0,12.00,34.90,34.90,אבזרי סלולר ו חשמל ,יח',אבזרי סלולר ו חשמל ,
7290107342155,7290107342155,כבל טעינה אייפון 2 מטר,רגיל,0,0.00,35.00,35.00,מוצרי מכולת ,יח',מוצרי מכולת ,
7290107342186,7290107342186,אוזניות בלוטוס קליפס,רגיל,0,0.00,125.00,125.00,מוצרי מכולת ,יח',מוצרי מכולת ,
7290107343435,7290107343435,מטען בית סופר מהיר -אייפון 1M,רגיל,0,0.00,95.00,95.00,מוצרי מכולת ,יח',מוצרי מכולת ,
7290107343442,7290107343442,מטען בית סופר מהיר -טייפ C,רגיל,0,0.00,95.00,95.00,מוצרי מכולת ,יח',מוצרי מכולת ,
7290107343640,7290107343640,מטען סמסונג מקורי TYBE,רגיל,0,0.00,0.00,0.00,מוצרי מכולת ,יח',מוצרי מכולת ,
7290107344043,7290107344043,דיבורית אישית,רגיל,0,0.00,45.00,45.00,מוצרי מכולת ,יח',מוצרי מכולת ,
7290107346061,7290107346061,מטען רכב אייפון,רגיל,0,0.00,0.00,0.00,מוצרי מכולת ,יח',מוצרי מכולת ,
7290107346849,7290107346849,כבל מהיר,רגיל,0,0.00,40.00,40.00,מוצרי מכולת ,יח',מוצרי מכולת ,
7290107346900,7290107346900,כבל סמסונג מקורי,רגיל,0,0.00,59.00,59.00,מוצרי מכולת ,יח',מוצרי מכולת ,
7290107346917,7290107346917,מטען אורגינל סאמסונג tybe-c,רגיל,0,0.00,89.00,89.00,מוצרי מכולת ,יח',מוצרי מכולת ,
7290107346986,7290107346986,כבל סמסונג מקורי,רגיל,0,0.00,35.00,35.00,מוצרי מכולת ,יח',מוצרי מכולת ,
7290107346993,7290107346993,מטען רכב חדש 2 יציאות -אייפון,רגיל,0,0.00,35.00,35.00,מוצרי מכולת ,יח',מוצרי מכולת ,
7290107347693,7290107347693,מטען רכב חדש טייפ סי,רגיל,0,0.00,39.00,39.00,מוצרי מכולת ,יח',מוצרי מכולת ,
7290107347709,7290107347709,מטען רכב אייפון ATS,רגיל,0,0.00,49.00,49.00,מוצרי מכולת ,יח',מוצרי מכולת ,
7290107349420,7290107349420,כבל סופר מהיר,רגיל,0,0.00,35.00,35.00,מוצרי מכולת ,יח',מוצרי מכולת ,
7290107349475,7290107349475,אוזניות חדשותATS P/S S2,רגיל,0,0.00,25.00,25.00,מוצרי מכולת ,יח',מוצרי מכולת ,
7290107446738,7290107466738,קמפטון שק שינה שחור ,רגיל,6,33.00,79.90,,מוצרי חצר תחנה ,יח',מוצרי חצר תחנה ,
7290107466707,7290107466707,אוהל ל-4אנשים בייסיק כחול 130,רגיל,2,79.00,119.90,119.90,מוצרי חצר תחנה ,יח',מוצרי חצר תחנה ,
7290107469326,7290107469326,סט 3 כלים למנגל עץ,רגיל,7,21.00,39.90,39.90,מוצרי חצר תחנה ,יח',מוצרי חצר תחנה ,
7290107640145,7290107640145,דורדוראנט dove,רגיל,0,0.00,14.00,14.00,מוצרי מכולת ,יח',מוצרי מכולת ,
7290107640220,7290107640220,קליק שוקולד חלב עם פצפוצי דגנים,רגיל,0,0.00,7.00,7.00,מוצרי מכולת ,יח',מוצרי מכולת ,
7290107646062,7290107646062,מרק בצל קנור 400 גרם,רגיל,5,17.90,26.90,26.90,מוצרי מכולת ,יח',מוצרי מכולת ,
7290107646147,7290107646147,שוגי קורנפלקס,רגיל,0,12.20,17.90,16.90,מוצרי בית,יח',מוצרי בית,
7290107646154,7290107646154,חטיף קוקומן בטעם שוקולד,רגיל,12,12.20,20.00,16.90,מוצרי בית,יח',מוצרי בית,
7290107646826,7290107646826,שוגי שוקולד,רגיל,6,12.20,15.90,16.90,מוצרי בית,יח',מוצרי בית,
7290107646833,7290107646833,שוגי עם פצפצים,רגיל,0,0.00,8.00,8.00,מוצרי מכולת ,יח',מוצרי מכולת ,
7290107647649,7290107647649,סולרו קוקוס,רגיל,0,6.32,12.00,12.00,גלידות ,יח',גלידות ,
7290107647854,7290107647854,דגני בוקר  שוגי 500 ג,רגיל,0,14.50,24.90,24.90,מוצרי בית,יח',מוצרי בית,
7290107649094,7290107649094,בייגלה מקל שומשום 150 ג בייג,רגיל,24,4.90,8.50,8.50,חטיפים מלוחים ,יח',חטיפים מלוחים ,
7290107649117,7290107649117,קליק סגול קרם חלב,רגיל,0,0.00,5.00,5.00,מוצרי מכולת ,יח',מוצרי מכולת ,
7290107649605,7290107649605,טבלת קליק פיצפוצים 85 גרם,רגיל,13,5.05,9.90,12.90,חטיפים מתוקים ,יח',חטיפים מתוקים ,
7290107649681,7290107649681,קורנטו פסק זמ,רגיל,0,5.13,11.90,11.90,גלידות ,יח',גלידות ,
7290107649780,7290107649780,שוקובו חדש /1,רגיל,-1,6.85,12.90,12.90,גלידות ,יח',גלידות ,
7290107649827,7290107649827,שלגון פסק זמן,רגיל,0,8.36,11.00,11.00,מוצרי מכולת ,יח',מוצרי מכולת ,
7290107649858,7290107649858,טילון מגנום לבן,רגיל,53,8.09,13.90,13.90,גלידות ,יח',גלידות ,
7290107860086,7290107860086,כבל AUX לסמסונג,רגיל,0,0.00,35.00,35.00,מוצרי מכולת ,יח',מוצרי מכולת ,
7290107863681,7290107863681,מטען בית לסמסונג,רגיל,0,0.00,45.00,45.00,מוצרי מכולת ,יח',מוצרי מכולת ,
7290107865098,7290107865098,מטען בית חדש -ראש,רגיל,0,0.00,35.00,35.00,מוצרי מכולת ,יח',מוצרי מכולת ,
7290107865104,7290107865104,מטען בית אייפון,רגיל,0,0.00,59.00,59.00,מוצרי מכולת ,יח',מוצרי מכולת ,
7290107865111,7290107865111,מטען בית חדש טייפ סי,רגיל,0,0.00,59.00,59.00,מוצרי מכולת ,יח',מוצרי מכולת ,
7290107865128,7290107865128,כבל חדש -מיקרו USB,רגיל,0,0.00,25.00,25.00,מוצרי מכולת ,יח',מוצרי מכולת ,
7290107865135,7290107865135,מטען אייפון,רגיל,0,0.00,29.00,29.00,מוצרי מכולת ,יח',מוצרי מכולת ,
7290107865142,7290107865142,כבל TYBE-C 3A,רגיל,0,0.00,29.90,29.90,מוצרי מכולת ,יח',מוצרי מכולת ,
7290107865159,7290107865159,מטען בית סופר מהיר,רגיל,0,0.00,0.00,0.00,מוצרי מכולת ,יח',מוצרי מכולת ,
7290107867238,7290107867238,מטען לרכב 3 יציאות,רגיל,0,0.00,49.00,49.00,מוצרי מכולת ,יח',מוצרי מכולת ,
7290107867443,7290107867443,מטען לרכב סמסונג,רגיל,0,0.00,45.00,45.00,מוצרי מכולת ,יח',מוצרי מכולת ,
7290107868136,7290107868136,מטען רכב טייפ סי ATS,רגיל,0,0.00,45.00,45.00,מוצרי מכולת ,יח',מוצרי מכולת ,
7290107869744,7290107869744,מטען בית 2 יציאות,רגיל,0,0.00,45.00,45.00,מוצרי מכולת ,יח',מוצרי מכולת ,
7290107870047,7290107870047,אקסטרים בטעם וניל,רגיל,3,7.99,13.90,13.90,גלידות ,יח',גלידות ,
7290107871990,7290107871990,פסטה צינורת,רגיל,1,5.44,8.90,8.90,מוצרי בית,יח',מוצרי בית,
7290107874427,7290107874427,בריכונים מיני זעתר,רגיל,0,0.00,4.90,4.90,מוצרי מכולת ,יח',מוצרי מכולת ,
7290107874441,7290107874441,בריכונים מיני בצל מקורמל,רגיל,0,0.00,4.90,4.90,מוצרי מכולת ,יח',מוצרי מכולת ,
7290107874526,7290107874526,במבה בומבה 60 גר',רגיל,0,0.00,6.00,6.00,מוצרי מכולת ,יח',מוצרי מכולת ,
7290107875158,7290107875158,מארז במבה 60*4,רגיל,0,12.17,19.90,19.90,חטיפים מלוחים ,יח',חטיפים מלוחים ,
7290107879620,7290107879620,לה פרוטה  מלון תפוח,רגיל,-15,4.15,8.00,8.00,גלידות ,יח',גלידות ,
7290107879644,7290107879644,לה פרוטה בננה תמר,רגיל,0,0.00,8.00,8.00,מוצרי מכולת ,יח',מוצרי מכולת ,
7290107879668,7290107879668,לה פרוטה תות,רגיל,29,4.45,8.00,8.00,מוצרי מכולת ,יח',מוצרי מכולת ,
7290107879699,7290107879699,לה פרוטה מנגו,רגיל,11,4.45,8.00,8.00,מוצרי מכולת ,יח',מוצרי מכולת ,
7290107879712,7290107879712,לה פרוטה פירות יער,רגיל,0,0.00,8.00,8.00,מוצרי מכולת ,יח',מוצרי מכולת ,
7290107931456,7290107931456,פריכיות תחתית שוקולד לבן 70 גרם,רגיל,0,6.70,11.90,,חטיפים מלוחים ,יח',חטיפים מלוחים ,
7290107931465,7290107931465,פריכיות אוורז,רגיל,13,6.70,9.90,9.90,מוצרי מכולת ,יח',מוצרי מכולת ,
7290107932080,7290107932080,חלב בקבוק 3%,רגיל,202,6.47,10.50,10.50,מוצרי מקרר ,יח',מוצרי מקרר ,
7290107932134,7290107932134,חלב ליטר 1 %,רגיל,12,6.15,9.90,9.90,מוצרי מקרר ,יח',מוצרי מקרר ,
7290107932134,7290107932134,חלב ליטר 1 %,רגיל,12,6.47,9.90,9.90,מוצרי מקרר ,יח',מוצרי מקרר ,
7290107933315,7290107933315,חלב מעושר דל לקטוז,רגיל,0,5.49,8.50,8.50,מוצרי מכולת ,יח',מוצרי מכולת ,
7290107933643,7290107933643,משקה חלב עם דגנים ובננה,רגיל,0,3.74,6.00,6.00,מוצרי מכולת ,יח',מוצרי מכולת ,
7290107933650,7290107933650,משקה חלב עם דגנים ותות,רגיל,0,3.74,6.00,6.00,מוצרי מכולת ,יח',מוצרי מכולת ,
7290107936958,7290107936958,עד חצות ביסקויט פריך עם שוקולד חלב,רגיל,0,10.90,13.90,13.90,חטיפים מתוקים ,יח',חטיפים מתוקים ,
7290107936965,7290107936965,עד חצות עיגולים,רגיל,1,12.71,17.90,17.90,חטיפים מתוקים ,יח',חטיפים מתוקים ,
7290107937504,7290107937504,כשלפ חרדל דיז'ון חלק,רגיל,0,0.00,15.00,15.00,מוצרי מכולת ,יח',מוצרי מכולת ,
7290107937542,7290107937542,אקטוויה תות,רגיל,-9,3.92,6.90,6.90,מוצרי מקרר ,יח',מוצרי מקרר ,
7290107937597,7290107937597,חטיף רבע לשבע,רגיל,0,2.67,6.00,6.00,מוצרי מכולת ,יח',מוצרי מכולת ,
7290107937634,7290107937634,מאסט קוביות מנטה,רגיל,0,7.08,12.00,12.00,מוצרי מכולת ,יח',מוצרי מכולת ,
7290107937641,7290107937641,קוביות בזוקה,רגיל,0,6.02,10.90,10.90,גלידות ,יח',גלידות ,
7290107937856,7290107937856,קפסולות 11 למכונות,רגיל,7,12.60,22.90,22.90,מוצרי בית,יח',מוצרי בית,
7290107942355,7290107942355,תפוציפס מקלות טבעי,רגיל,0,3.02,5.90,5.90,חטיפים מלוחים ,יח',חטיפים מלוחים ,
7290107942447,7290107942447,ממרח פסקזמן,רגיל,0,8.00,15.90,15.90,חטיפים מתוקים ,יח',חטיפים מתוקים ,
7290107942454,7290107942454,ממרח פסק זמן,רגיל,0,17.67,35.00,35.00,מוצרי מכולת ,יח',מוצרי מכולת ,
7290107943048,7290107943048,וופל טורטית,רגיל,0,3.07,6.00,6.00,מוצרי מכולת ,יח',מוצרי מכולת ,
7290107943192,7290107943192,שמנת חמוצה.,רגיל,0,0.00,4.50,4.50,מוצרי מכולת ,יח',מוצרי מכולת ,
7290107944366,7290107944366,רבע לשב לבן,רגיל,-2,9.56,15.00,15.00,חטיפים מתוקים ,יח',חטיפים מתוקים ,
7290107944373,7290107944373,עד חצות בלונדי,רגיל,0,11.60,17.00,17.00,מוצרי מכולת ,יח',מוצרי מכולת ,
7290107944380,7290107944380,כשל""פ אגוזי,רגיל,-135,2.10,6.00,6.00,מוצרי מכולת ,יח',מוצרי מכולת ,
7290107944472,7290107944472,סימפוניה שום שמנת,רגיל,5,7.91,11.90,11.90,מוצרי מקרר ,יח',מוצרי מקרר ,
7290107944717,7290107944717,מארז טורטית משפחתית,רגיל,0,21.87,38.00,38.00,מוצרי מכולת ,יח',מוצרי מכולת ,
7290107945165,7290107945165,קונפיטורת משמש,רגיל,6,11.80,18.00,18.00,מוצרי מכולת ,יח',מוצרי מכולת ,
7290107945332,7290107945332,ופלים בטעם טראפלס 87.50 גרם,רגיל,0,0.00,6.00,6.00,מוצרי מכולת ,יח',מוצרי מכולת ,
7290107947466,7290107947466,חטיף אנרגי שוקלד עם שברי עוגיות קרמל,רגיל,0,0.00,16.00,16.00,מוצרי מכולת ,יח',מוצרי מכולת ,
7290107947497,7290107947497,ENERGY חטיף דגנים שוקולד,רגיל,0,0.00,5.00,5.00,מוצרי מכולת ,יח',מוצרי מכולת ,
7290107947992,7290107947992,אקסטרה חלב,רגיל,0,5.40,12.90,12.90,מוצרי מכולת ,יח',מוצרי מכולת ,
7290107948012,7290107948012,שוק אקסטרה קרם יוגור,רגיל,0,0.00,7.00,7.00,מוצרי מכולת ,יח',מוצרי מכולת ,
7290107948029,7290107948029,אקסטרה חלב צימוקים ואגוזים,רגיל,0,0.00,7.00,7.00,מוצרי מכולת ,יח',מוצרי מכולת ,
7290107948265,7290107948265,עדשים,רגיל,0,0.00,19.90,19.90,מוצרי מכולת ,יח',מוצרי מכולת ,
7290107951104,7290107951104,בפלות שוקולד,רגיל,0,4.51,6.90,6.90,חטיפים מתוקים ,יח',חטיפים מתוקים ,
7290107951111,7290107951111,ופלים ארוכים בטעם לימון,רגיל,15,3.80,6.90,6.90,חטיפים מתוקים ,יח',חטיפים מתוקים ,
7290107951401,7290107951401,יטבתה פרו קפה,רגיל,0,3.35,9.00,9.00,מוצרי מכולת ,יח',מוצרי מכולת ,
7290107951623,7290107951623,בלונדי קרמל ומלח100 ג,רגיל,0,8.40,14.90,15.90,חטיפים מתוקים ,יח',חטיפים מתוקים ,
7290107951685,7290107951685,בקבקון מאסט פירות,רגיל,0,6.67,11.00,11.00,מוצרי מכולת ,יח',מוצרי מכולת ,
7290107953559,7290107953559,מארז טורקי לדרך,רגיל,0,0.00,21.90,21.90,מוצרי מכולת ,יח',מוצרי מכולת ,
7290107954457,7290107954457,בראוניז,רגיל,0,0.00,22.00,22.00,מוצרי מכולת ,יח',מוצרי מכולת ,
7290107954709,7290107954709,קונפיטורת פירות יער,רגיל,0,0.00,0.00,0.00,מוצרי מכולת ,יח',מוצרי מכולת ,
7290107954976,7290107954976,יטבתה פרו קפה,רגיל,-36,4.86,7.90,7.90,מוצרי מקרר ,יח',מוצרי מקרר ,
7290107955768,7290107955768,טבלת בטעם שוקולד חלב ללא תוספת סוכר,רגיל,0,0.00,8.00,8.00,מוצרי מכולת ,יח',מוצרי מכולת ,
7290107955782,7290107955782,טבלת בטעם שוקלד מריר ללא תוספת סוכר,רגיל,0,0.00,8.00,8.00,מוצרי מכולת ,יח',מוצרי מכולת ,
7290107956642,7290107956642,תרסיס שמן זית,רגיל,0,0.00,25.00,25.00,מוצרי מכולת ,יח',מוצרי מכולת ,
7290107956826,7290107956826,עוגיות שוקולד צ'יפס שוקולד לבן,רגיל,0,0.00,12.00,12.00,מוצרי מכולת ,יח',מוצרי מכולת ,
7290107956833,7290107956833,עוגיות שוקולד צ'יפס חלב,רגיל,0,0.00,12.00,12.00,מוצרי מכולת ,יח',מוצרי מכולת ,
7290107956895,7290107956895,קפסולות אלמניום C,רגיל,0,0.00,20.00,20.00,מוצרי מכולת ,יח',מוצרי מכולת ,
7290107956901,7290107956901,קפסולות בטעם אגוזי לוז N,רגיל,1,10.45,25.00,25.00,מוצרי בית,יח',מוצרי בית,
7290107956932,7290107956932,קפסולות אלמניום 12,רגיל,0,15.38,35.90,35.90,מוצרי מכולת ,יח',מוצרי מכולת ,
7290107957069,7290107957069,בקבקון עלמה אדום,רגיל,0,6.02,11.00,11.00,מוצרי מכולת ,יח',מוצרי מכולת ,
7290107958448,7290107958448,עוגת שוקולד לבן,רגיל,0,0.00,22.00,22.00,מוצרי מכולת ,יח',מוצרי מכולת ,
7290107958462,7290107958462,רבע לשבע גליל ופל,רגיל,0,10.26,15.00,15.00,מוצרי מכולת ,יח',מוצרי מכולת ,
7290107958486,7290107958486,עד חצות קפה קרמל,רגיל,0,9.91,16.00,16.00,מוצרי מכולת ,יח',מוצרי מכולת ,
7290107958523,7290107958523,מוס חלבה,רגיל,0,0.00,18.00,18.00,מוצרי מכולת ,יח',מוצרי מכולת ,
7290107958530,7290107958530,מוס רבע לשבע שוקולד,רגיל,0,10.95,18.00,18.00,מוצרי מכולת ,יח',מוצרי מכולת ,
7290107958578,7290107958578,אצבעות צהוב,רגיל,0,6.31,9.90,9.90,מוצרי מכולת ,יח',מוצרי מכולת ,
7290107958769,7290107958769,רבע לשבע רולס שוקולד,רגיל,0,0.00,15.90,15.90,מוצרי מכולת ,יח',מוצרי מכולת ,
7290107958813,7290107958813,רבע לשבע רולס קפסה,רגיל,0,0.00,0.00,0.00,מוצרי מכולת ,יח',מוצרי מכולת ,
7290107959070,7290107959070,טעמי בלונדי,רגיל,0,3.06,6.00,6.00,מוצרי מכולת ,יח',מוצרי מכולת ,
7290107971751,7290107971751,מי פה טוטל כחול 500 מ״ל,רגיל,2,15.50,27.90,28.90,מוצרי ניקיון ו טיפוח אישי,יח',מוצרי ניקיון ו טיפוח אישי,
7290107974301,7290107974301,דורדוראנט סטיק,רגיל,0,0.00,16.00,16.00,מוצרי מכולת ,יח',מוצרי מכולת ,
7290107975360,7290107975360,דורדוראנט סטיק,רגיל,0,0.00,16.00,16.00,מוצרי מכולת ,יח',מוצרי מכולת ,
7290107976848,7290107976848,סבון פלמוליב קמומיל 4*90,רגיל,16,9.90,17.90,18.90,מוצרי ניקיון ו טיפוח אישי,יח',מוצרי ניקיון ו טיפוח אישי,
7290108019018,7290108019018,כבלים להתנעה 600AMP,רגיל,0,0.00,70.00,70.00,מוצרי מכולת ,יח',מוצרי מכולת ,
7290108019025,7290108019025,כבלים להתנעה 950AMP,רגיל,0,0.00,80.00,80.00,מוצרי מכולת ,יח',מוצרי מכולת ,
7290108019162,7290108019162,מגב בודד 14,רגיל,0,10.00,30.00,30.00,מגבים ,יח',מגבים ,
7290108070316,7290108070316,שקית 50 בלונים,רגיל,0,8.25,15.00,15.00,מוצרי מכולת ,יח',מוצרי מכולת ,
7290108071184,7290108071184,בוקט סוכריות על מקל - מפרץ ההרפתקאות,רגיל,20,7.99,14.90,14.90,מוצרי מכולת ,יח',מוצרי מכולת ,
7290108074871,7290108074871,נרות ג'מבו מאויירים- פרוזן,רגיל,5,3.99,6.90,6.90,מוצרי יום הולדת ו מתנות ,יח',מוצרי יום הולדת ו מתנות ,
7290108076219,7290108076219,תותח קונפטי 40 סמ - חתונה,רגיל,3,7.30,12.90,12.90,מוצרי יום הולדת ו מתנות ,יח',מוצרי יום הולדת ו מתנות ,
7290108076226,7290108076226,תותח קונפטי 40 סמ - גנרי כוכבים וורוד,רגיל,2,7.30,12.90,12.90,מוצרי יום הולדת ו מתנות ,יח',מוצרי יום הולדת ו מתנות ,
7290108078930,7290108078930,בלון מיילר 34 - כסף ספרה 0,רגיל,0,7.90,15.90,15.90,מוצרי יום הולדת ו מתנות ,יח',מוצרי יום הולדת ו מתנות ,
7290108078954,7290108078954,בלון מספר1,רגיל,6,7.90,15.90,15.90,מוצרי יום הולדת ו מתנות ,יח',מוצרי יום הולדת ו מתנות ,
7290108078978,7290108078978,בלון מיילר 34 - כסף ספרה 2,רגיל,0,7.90,15.90,15.90,מוצרי יום הולדת ו מתנות ,יח',מוצרי יום הולדת ו מתנות ,
7290108078992,7290108078992,בלון מיילר 34 - כסף ספרה 3,רגיל,4,7.90,15.90,15.90,מוצרי יום הולדת ו מתנות ,יח',מוצרי יום הולדת ו מתנות ,
7290108079012,7290108079012,בלון מיילר 34 - כסף ספרה 4,רגיל,4,7.90,15.90,15.90,מוצרי יום הולדת ו מתנות ,יח',מוצרי יום הולדת ו מתנות ,
7290108079036,7290108079036,בלון מיילר 34 - כסף ספרה 5,רגיל,-1,7.90,15.90,15.90,מוצרי יום הולדת ו מתנות ,יח',מוצרי יום הולדת ו מתנות ,
7290108079050,7290108079050,בלון מיילר 34 - כסף ספרה 6,רגיל,0,7.90,15.90,15.90,מוצרי יום הולדת ו מתנות ,יח',מוצרי יום הולדת ו מתנות ,
7290108079074,7290108079074,בלון מיילר 34 - כסף ספרה 7,רגיל,0,7.90,15.90,15.90,מוצרי יום הולדת ו מתנות ,יח',מוצרי יום הולדת ו מתנות ,
7290108079098,7290108079098,בלון מיילר 34 - כסף ספרה 8,רגיל,-1,7.90,15.90,15.90,מוצרי יום הולדת ו מתנות ,יח',מוצרי יום הולדת ו מתנות ,
7290108264975,7290108264975,בידורית SPT LX10,רגיל,0,45.00,100.00,100.00,מוצרי מכולת ,יח',מוצרי מכולת ,
7290108265941,7290108265941,כיסא ספיידר איירון -גימינג,רגיל,0,0.00,750.00,750.00,מוצרי מכולת ,יח',מוצרי מכולת ,
7290108266450,7290108266450,שולחן רמקול+משטח הטענה,רגיל,0,275.00,550.00,550.00,מוצרי מכולת ,יח',מוצרי מכולת ,
7290108266603,7290108266603,בידורית 12 אינץ עם 2 מיקרופון,רגיל,0,0.00,370.00,370.00,מוצרי מכולת ,יח',מוצרי מכולת ,
7290108267556,7290108267556,רמקול קריוקי,רגיל,1,300.00,599.90,599.90,אבזרי סלולר ו חשמל ,יח',אבזרי סלולר ו חשמל ,
7290108267778,7290108267778,DRIFT דריפת כיסא מנהלים,רגיל,0,0.00,750.00,750.00,מוצרי מכולת ,יח',מוצרי מכולת ,
7290108267815,7290108267815,כיסא ספיידר מנהלים כחול גימיינג,רגיל,0,0.00,750.00,750.00,מוצרי מכולת ,יח',מוצרי מכולת ,
7290108268638,7290108268638,מקרר 90 ליטר,רגיל,0,0.00,1100.00,1100.00,מוצרי מכולת ,יח',מוצרי מכולת ,
7290108268942,7290108268942,רמקול DOM 3000W,רגיל,0,555.00,962.90,962.90,אבזרי סלולר ו חשמל ,יח',אבזרי סלולר ו חשמל ,
7290108269512,7290108269512,טאבון גז נייד,רגיל,0,521.00,1000.00,1000.00,מוצרי מכולת ,יח',מוצרי מכולת ,
7290108269772,7290108269772,מאוורר רצפתי עם מצנן,רגיל,0,0.00,650.00,650.00,מוצרי מכולת ,יח',מוצרי מכולת ,
7290108355802,7290108355802,תח. רחצה קרמה ורד וניל700,רגיל,3,10.90,15.90,16.90,מוצרי ניקיון ו טיפוח אישי,יח',מוצרי ניקיון ו טיפוח אישי,
7290108358070,7290108358070,תחליב רחצה קרמה קלאס700מ,רגיל,0,10.90,15.90,16.90,מוצרי ניקיון ו טיפוח אישי,יח',מוצרי ניקיון ו טיפוח אישי,
7290108401103,7290108401103,כבל התנעה למשאית,רגיל,0,0.00,250.00,250.00,מוצרי מכולת ,יח',מוצרי מכולת ,
7290108407204,7290108407204,יחידת התנעה 800A,רגיל,0,239.00,349.90,349.90,מוצרי חצר תחנה ,יח',מוצרי חצר תחנה ,
7290108509700,7290108509700,אורז פרסי דאווט 1 ק״ג,רגיל,11,7.50,14.00,14.00,מוצרי מכולת ,יח',מוצרי מכולת ,
7290108988185,7290108988185,קמפטאון שק שינה כחול  190/75 ,רגיל,0,31.00,79.90,79.90,מוצרי חצר תחנה ,יח',מוצרי חצר תחנה ,
7290108988192,7290108988192,קמפטאון שק שינה ירוק,רגיל,4,33.00,79.90,79.90,מוצרי חצר תחנה ,יח',מוצרי חצר תחנה ,
7290109351025,7290109351025,וצבר חומוסטחינה 6*400גרם,רגיל,-2,9.99,17.90,17.90,מוצרי מקרר ,יח',מוצרי מקרר ,
7290109351209,7290109351209,לה פרוטה אננס תפוז,רגיל,4,4.15,9.90,9.90,גלידות ,יח',גלידות ,
7290109351957,7290109351957,פיטנס פריכיות שוקולד,רגיל,0,0.00,9.90,9.90,מוצרי מכולת ,יח',מוצרי מכולת ,
7290109351971,7290109351971,פיטנס בר פריכיות,רגיל,0,0.00,14.90,14.90,מוצרי מכולת ,יח',מוצרי מכולת ,
7290109354101,7290109354101,ללא גלוטן 12*200 גרם,רגיל,-3,8.31,12.90,13.90,חטיפים מלוחים ,יח',חטיפים מלוחים ,
7290109355504,7290109355504,קראנץ וניל נוגט,רגיל,14,7.96,12.90,12.90,גלידות ,יח',גלידות ,
7290109358482,7290109358482,אסם קרמוגית במילוי חלבה,רגיל,0,0.00,13.00,13.00,מוצרי מכולת ,יח',מוצרי מכולת ,
7290109923024,7290109923024,אסטוניש פרימיום למטבח750,רגיל,10,9.90,19.90,20.90,מוצרי ניקיון ו טיפוח אישי,יח',מוצרי ניקיון ו טיפוח אישי,
7290110110017,7290110110017,פאנטה תות 1.5 ליטר,רגיל,0,6.01,10.00,10.00,מוצרי מכולת ,יח',מוצרי מכולת ,
7290110110024,7290110110024,סליק פאנטה תות 330 מ"ל,רגיל,-9,2.55,6.90,7.90,משקאות ,יח',משקאות ,
7290110110413,7290110110413,פריגת צלול ענבים 1.5 ליטר,רגיל,0,0.00,10.00,10.00,מוצרי מכולת ,יח',מוצרי מכולת ,
7290110110437,7290110110437,פריגת צלול טעם אפרסק,רגיל,0,0.00,10.00,10.00,מוצרי מכולת ,יח',מוצרי מכולת ,
7290110110444,7290110110444,פריגת צלול טעם אננס,רגיל,0,0.00,10.00,10.00,מוצרי מכולת ,יח',מוצרי מכולת ,
7290110110451,7290110110451,פריגת צלול ענבים 500 מ""ל,רגיל,0,3.60,9.00,9.00,מוצרי מכולת ,יח',מוצרי מכולת ,
7290110110468,7290110110468,פריגות צלול טעם אפרסק,רגיל,0,0.00,8.00,8.00,מוצרי מכולת ,יח',מוצרי מכולת ,
7290110110475,7290110110475,פריגת צלול טעם אננס 500מ""ל,רגיל,0,0.00,8.00,8.00,מוצרי מכולת ,יח',מוצרי מכולת ,
7290110110581,7290110110581,קולה זירו,רגיל,0,0.00,10.00,10.00,מוצרי מכולת ,יח',מוצרי מכולת ,
7290110110598,7290110110598,קוקה קולה זירו לימון,רגיל,0,0.00,10.00,10.00,מוצרי מכולת ,יח',מוצרי מכולת ,
7290110110611,7290110110611,ספרייט גזוז לימון ליים,רגיל,0,0.00,12.00,12.00,מוצרי מכולת ,יח',מוצרי מכולת ,
7290110110628,7290110110628,ספרייט ליים 1.5,רגיל,24,6.25,10.00,10.00,מוצרי מכולת ,יח',מוצרי מכולת ,
7290110110635,7290110110635,ספרייט ליים 500 מ"ל,רגיל,43,3.58,8.50,8.50,מוצרי מכולת ,יח',מוצרי מכולת ,
7290110110659,7290110110659,סליק ספרייט 330 LIME מ""ל,רגיל,46,2.52,6.90,7.90,משקאות ,יח',משקאות ,
7290110110666,7290110110666,ספרייט זכוכית 500 מ""ל,רגיל,26,3.58,8.50,9.50,משקאות ,יח',משקאות ,
7290110110765,7290110110765,פיוז תה ירוק,רגיל,0,0.00,8.00,8.00,מוצרי מכולת ,יח',מוצרי מכולת ,
7290110111557,7290110111557,פאורייד מאונטן בלאס בטעם פירות 500 מ"ל ,רגיל,25,5.49,11.90,13.90,משקאות ,יח',משקאות ,
7290110111564,7290110111564,פאוורייד סיטרוס הדרים ליים 500 מ"ל ,רגיל,15,5.49,12.90,13.90,משקאות ,יח',משקאות ,
7290110111694,7290110111694,פריגת צלול לימונענע 1.5 ליטר,רגיל,0,0.00,10.00,10.00,מוצרי מכולת ,יח',מוצרי מכולת ,
7290110112103,7290110112103,ספרייט לימון אננס,רגיל,0,0.00,10.00,10.00,מוצרי מכולת ,יח',מוצרי מכולת ,
7290110112141,7290110112141,פיוטי תה ירוק0.5,רגיל,0,2.30,7.90,8.90,משקאות ,יח',משקאות ,
7290110112325,7290110112325,פריגת אננס קוקוס 1.5 ליטר,רגיל,0,0.00,10.00,10.00,מוצרי מכולת ,יח',מוצרי מכולת ,
7290110113469,7290110113469,פחית קולה זירו מנגו,רגיל,0,3.07,6.90,6.90,מוצרי מכולת ,יח',מוצרי מכולת ,
7290110113483,7290110113483,משקה תה קר בטעם אפרסק,רגיל,0,0.00,10.00,10.00,מוצרי מכולת ,יח',מוצרי מכולת ,
7290110113537,7290110113537,NM נגיעות עם הל 1 ליטר,רגיל,0,6.00,11.90,11.90,מוצרי מכולת ,יח',מוצרי מכולת ,
7290110113582,7290110113582,NPמים סודה פיות יער 1 ליטר,רגיל,0,6.38,11.90,11.90,מוצרי מכולת ,יח',מוצרי מכולת ,
7290110113599,7290110113599,NM מי סודה 250 מ""ל,רגיל,248,2.14,6.90,7.90,משקאות ,יח',משקאות ,
7290110113827,7290110113827,ספרייט לימון זירו,רגיל,0,0.00,10.00,10.00,מוצרי מכולת ,יח',מוצרי מכולת ,
7290110114183,7290110114183,סחוט קיווי,רגיל,0,6.16,11.90,12.90,משקאות ,יח',משקאות ,
7290110114190,7290110114190,סחוט ענבים תפוח,רגיל,0,7.02,12.00,12.00,מוצרי מכולת ,יח',מוצרי מכולת ,
7290110114398,7290110114398,NM סודה עם לימון עדין 250,רגיל,140,2.14,6.90,7.90,משקאות ,יח',משקאות ,
7290110114404,7290110114404,NM סודה תפוח נענע 250 מל,רגיל,43,2.14,6.90,7.90,משקאות ,יח',משקאות ,
7290110114534,7290110114534,פריגת תפוח פינק ליידי,רגיל,0,0.00,10.00,10.00,מוצרי מכולת ,יח',מוצרי מכולת ,
7290110114770,7290110114770,פריגת ענבים 40% פחות סוכר,רגיל,0,3.80,9.00,9.00,מוצרי מכולת ,יח',מוצרי מכולת ,
7290110114787,7290110114787,נביעות +תפוח 1.5 ליטר ,רגיל,13,5.67,10.90,11.90,משקאות ,יח',משקאות ,
7290110114794,7290110114794,נביעות + אפרסק 1.5 ליטר ,רגיל,18,5.67,10.90,11.90,משקאות ,יח',משקאות ,
7290110114800,7290110114800,נביעות + ענבים 1.5 ליטר ,רגיל,25,5.67,10.90,11.90,משקאות ,יח',משקאות ,
7290110114831,7290110114831,נביעות פרי אננס 1.5 ליטר,רגיל,0,5.60,12.00,12.00,מוצרי מכולת ,יח',מוצרי מכולת ,
7290110114848,7290110114848,נביעות רכיב פירות ליצ'י 1.5 ל,רגיל,0,6.09,12.00,12.00,מוצרי מכולת ,יח',מוצרי מכולת ,
7290110114855,7290110114855,שישיית נביעות 1.5 ליטר,מכלול,0,12.01,17.90,18.90,משקאות ,יח',משקאות ,
7290110114886,7290110114886,קלמנטינה 2 ליטר טרה,רגיל,0,21.10,30.00,30.00,מוצרי מכולת ,יח',מוצרי מכולת ,
7290110114893,7290110114893,תפוזים 100% 2 ליטר,רגיל,0,21.10,35.90,36.90,משקאות ,יח',משקאות ,
7290110114909,7290110114909,מיץ תפוחים צלול,רגיל,0,21.10,35.90,36.90,משקאות ,יח',משקאות ,
7290110114916,7290110114916,לימונענע 2 ליטר,רגיל,0,21.10,36.00,36.00,מוצרי מכולת ,יח',מוצרי מכולת ,
7290110114954,7290110114954,סחוט 2 ליטר תפוז,רגיל,0,15.76,25.00,25.00,מוצרי מכולת ,יח',מוצרי מכולת ,
7290110114961,7290110114961,פריגת תפוז 1.50 ליטר,רגיל,6,5.50,11.90,12.90,משקאות ,יח',משקאות ,
7290110114985,7290110114985,פריגת אשכליות 1.5 ליטר ,רגיל,29,5.65,11.90,12.90,משקאות ,יח',משקאות ,
7290110114992,7290110114992,פריגית אשכליות לייט,רגיל,-12,7.32,11.90,11.90,מוצרי מכולת ,יח',מוצרי מכולת ,
7290110115005,7290110115005,פריגת ענבים 1.5 ל',רגיל,12,5.50,11.90,12.90,משקאות ,יח',משקאות ,
7290110115012,7290110115012,פריגת ענבים מרלו 1.5 ליתר,רגיל,22,5.50,11.90,12.90,משקאות ,יח',משקאות ,
7290110115029,7290110115029,פריגת תפוח 1.5 ליטר,רגיל,16,5.87,11.90,12.90,משקאות ,יח',משקאות ,
7290110115036,7290110115036,פריגת מנגו 1.5 ליטר,רגיל,23,5.50,11.90,12.90,משקאות ,יח',משקאות ,
7290110115043,7290110115043,פריגת ליומונענע 1.5 ליטר,רגיל,18,5.50,11.90,12.90,משקאות ,יח',משקאות ,
7290110115050,7290110115050,פריגת תות בננה 1.5ל',רגיל,25,5.50,11.90,12.90,משקאות ,יח',משקאות ,
7290110115067,7290110115067,פריגת אפרסק 1.50,רגיל,12,5.50,11.90,12.90,משקאות ,יח',משקאות ,
7290110115203,7290110115203,קוקה קולה 1.5 ליטר,רגיל,108,6.25,12.90,13.90,משקאות ,יח',משקאות ,
7290110115210,7290110115210,קוקה קולה דיאט 1.5 ליטר,רגיל,0,6.37,12.90,13.90,משקאות ,יח',משקאות ,
7290110115227,7290110115227,קוקה קולה ZERO ליטר 1.5 ,רגיל,5,6.25,12.90,13.90,משקאות ,יח',משקאות ,
7290110115265,7290110115265,ספרייט ליים 1.5 ליטר,רגיל,-26,6.25,12.90,13.90,משקאות ,יח',משקאות ,
7290110115289,7290110115289,ספרייט למון 1.5,רגיל,0,6.37,12.90,13.90,משקאות ,יח',משקאות ,
7290110115296,7290110115296,פאנטה אורנג' 1.5 ליתר,רגיל,-15,6.01,12.90,13.90,משקאות ,יח',משקאות ,
7290110115302,7290110115302,פאנטה זירו אורנג 1.5 ליטר,רגיל,12,6.01,12.90,13.90,משקאות ,יח',משקאות ,
7290110115319,7290110115319,פאנטה אקזוטיק 1.5 ליטר,רגיל,8,6.01,12.90,13.90,משקאות ,יח',משקאות ,
7290110115333,7290110115333,פאנטה תות 1.5 ליטר,רגיל,-12,6.02,12.90,13.90,משקאות ,יח',משקאות ,
7290110115340,7290110115340,פאנטה ענבים 1.5 ל,רגיל,11,6.01,12.90,13.90,משקאות ,יח',משקאות ,
7290110115357,7290110115357,קינלי סודה  1.5 ליטר,רגיל,102,2.86,7.90,8.90,משקאות ,יח',משקאות ,
7290110115401,7290110115401,קינלי סודה 1.5 ל' שישייה,רגיל,0,13.48,21.90,22.90,משקאות ,יח',משקאות ,
7290110115449,7290110115449,פיוזטי בטעם מנגו אננס 1.5 ליטר,רגיל,-38,6.38,12.90,13.90,משקאות ,יח',משקאות ,
7290110115463,7290110115463,פיוזטי אפרסק 1.5 ליטר,רגיל,-6,6.38,12.90,13.90,משקאות ,יח',משקאות ,
7290110115494,7290110115494,FUZE TEA ענבים 1.5 ליטר,רגיל,25,6.38,11.90,13.90,משקאות ,יח',משקאות ,
7290110115548,7290110115548,פריגת תמר הינדי,רגיל,1,5.87,11.90,12.90,משקאות ,יח',משקאות ,
7290110115623,7290110115623,פיוזטי אפרסק זירו 1.5 ליטר,רגיל,35,6.38,12.90,13.90,משקאות ,יח',משקאות ,
7290110115654,7290110115654,פיוז טי אננס 0.5 ליטר,רגיל,48,3.85,9.00,9.00,מוצרי מכולת ,יח',מוצרי מכולת ,
7290110115661,7290110115661,פיוז טי ZERO בטעם אפרסק 500 מ"ל,רגיל,21,4.02,7.90,8.90,משקאות ,יח',משקאות ,
7290110115692,7290110115692,פריגת אלוורה מלון,רגיל,0,6.15,8.90,9.90,משקאות ,יח',משקאות ,
7290110115739,7290110115739,משקה קוביות ג'ל קוקוס,רגיל,0,6.15,10.90,11.90,משקאות ,יח',משקאות ,
7290110115777,7290110115777,בקבוק נביעות 1.5 ליטר,רגיל,1533,2.04,7.90,8.90,משקאות ,יח',משקאות ,
7290110115845,7290110115845,קוקה קולה ברקוד חדד,רגיל,-4,6.12,12.90,13.90,משקאות ,יח',משקאות ,
7290110115876,7290110115876,שוופס קינלי,רגיל,-66,3.60,9.90,10.90,משקאות ,יח',משקאות ,
7290110115890,7290110115890,נביעות 500 טו גו,רגיל,-334,1.55,5.90,6.90,משקאות ,יח',משקאות ,
7290110115906,7290110115906,נביעות 755 מ"ל,רגיל,-421,1.74,6.90,7.90,משקאות ,יח',משקאות ,
7290110115913,7290110115913,פאוורייד זירו בטעם אננס  500 מ"ל ,רגיל,32,5.49,11.90,12.90,משקאות ,יח',משקאות ,
7290110116200,7290110116200,נביעות 0 קלוריות לימון,רגיל,0,5.00,9.00,9.00,מוצרי מכולת ,יח',מוצרי מכולת ,
7290110116217,7290110116217,נביעות אשכולית נטול,רגיל,0,6.72,12.00,12.00,מוצרי מכולת ,יח',מוצרי מכולת ,
7290110116224,7290110116224,נביעות קלוריות אשכוליות,רגיל,0,3.78,9.00,9.00,מוצרי מכולת ,יח',מוצרי מכולת ,
7290110116385,7290110116385,קוקה קולה זירו אבטיח תות,רגיל,0,3.50,8.90,9.90,משקאות ,יח',משקאות ,
7290110116422,7290110116422,NM סודה נענע גרידת לימון 250 מ""ל,רגיל,6,2.15,6.90,7.90,משקאות ,יח',משקאות ,
7290110116484,7290110116484,תות בננה מיקס טרה,רגיל,0,11.30,17.90,18.90,משקאות ,יח',משקאות ,
7290110116491,7290110116491,אפרסקMIX,רגיל,0,11.30,17.90,18.90,משקאות ,יח',משקאות ,
7290110116514,7290110116514,תות בננה MIX,רגיל,0,6.16,11.00,11.00,מוצרי מכולת ,יח',מוצרי מכולת ,
7290110116521,7290110116521,אפרסק משמש מיקס,רגיל,0,6.16,9.90,10.90,משקאות ,יח',משקאות ,
7290110116712,7290110116712,פריגת משק""ל לימון ליים 1.5,רגיל,0,5.72,12.00,12.00,מוצרי מכולת ,יח',מוצרי מכולת ,
7290110116736,7290110116736,פריגת משק""ל ורודה 1.5,רגיל,0,6.53,12.00,12.00,מוצרי מכולת ,יח',מוצרי מכולת ,
7290110117368,7290110117368,נביעות אבטיח 500 מ""ל,רגיל,1,3.91,7.90,8.90,משקאות ,יח',משקאות ,
7290110117375,7290110117375,נביעות אבטיח 1.5 ליטר,רגיל,14,5.79,10.90,11.90,משקאות ,יח',משקאות ,
7290110117573,7290110117573,פיוזטי תפוח קינמון 1.5,רגיל,-5,5.98,11.90,12.90,משקאות ,יח',משקאות ,
7290110117580,7290110117580,פיוזטי תפוח קינמון 0.5 ליטר,רגיל,0,4.02,7.90,8.90,משקאות ,יח',משקאות ,
7290110117610,7290110117610,פריגת בטעם קרטיב אננס 1.5 ליטר,רגיל,0,5.87,11.90,12.90,משקאות ,יח',משקאות ,
7290110117672,7290110117672,ספריט זירו 500 מ"ל ,רגיל,0,3.81,8.90,9.90,משקאות ,יח',משקאות ,
7290110117771,7290110117771,NM מוגז תפוח אפרסק 1 ליטר,רגיל,1,3.55,9.90,10.90,משקאות ,יח',משקאות ,
7290110117788,7290110117788,NM מוגז תפוח אפרסק 250 מ""ל,רגיל,35,2.90,6.90,7.90,משקאות ,יח',משקאות ,
7290110117795,7290110117795,NM מוגז לימונדה 1 ליטר,רגיל,3,3.55,9.90,10.90,משקאות ,יח',משקאות ,
7290110117801,7290110117801,NM מוגז לימונדה 250 מ""ל,רגיל,42,2.77,6.90,7.90,משקאות ,יח',משקאות ,
7290110117818,7290110117818,NM מוגז אננס נענע 1 ליטר,רגיל,9,3.55,9.90,10.90,משקאות ,יח',משקאות ,
7290110117832,7290110117832,NM מוגז פירות יער לימון גראס 1 ליטר,רגיל,0,3.83,9.90,10.90,משקאות ,יח',משקאות ,
7290110117849,7290110117849,NM מוגז פירות יער למון גראס 250 מ""ל,רגיל,49,2.90,6.90,7.90,משקאות ,יח',משקאות ,
7290110117856,7290110117856,NM מוגז אפרסק זירו 1 ליטר,רגיל,0,3.77,9.90,10.90,משקאות ,יח',משקאות ,
7290110117863,7290110117863,NM מוגז אפרסק זירו 250 מ""ל,רגיל,72,2.90,6.90,7.90,משקאות ,יח',משקאות ,
7290110117924,7290110117924,רביעיה נורדיק - לימונדה ,מכלול,0,9.56,15.90,16.90,משקאות ,יח',משקאות ,
7290110117931,7290110117931,רביעיה נורדיק - אפרסק תפוח ,מכלול,0,9.56,15.90,16.90,משקאות ,יח',משקאות ,
7290110117948,7290110117948,רביעיה נורדיק - אפרסק זירו ,מכלול,0,9.56,15.90,16.90,משקאות ,יח',משקאות ,
7290110117955,7290110117955,רביעיה נורדיק - פירות יער ,מכלול,0,9.56,15.90,16.90,משקאות ,יח',משקאות ,
7290110118099,7290110118099,לימונדה נורדיק  -330 מ"ל ,רגיל,0,2.51,6.90,7.90,משקאות ,יח',משקאות ,
7290110118105,7290110118105,תפוח אפרסק   -330 מ"ל ,רגיל,0,2.51,6.90,7.90,משקאות ,יח',משקאות ,
7290110118112,7290110118112,אפרסק זירו נורדיק  -330 מ"ל ,רגיל,0,2.51,6.90,7.90,משקאות ,יח',משקאות ,
7290110118129,7290110118129,פירות יער נורדיק  -330 מ"ל ,רגיל,0,2.51,6.90,7.90,משקאות ,יח',משקאות ,
7290110118280,7290110118280,סליק פאנטה ZERO אורנג 330,רגיל,143,2.55,6.90,6.90,משקאות ,יח',משקאות ,
7290110118624,7290110118624,פיוזטי אבטיח 1.5 ליטר ,רגיל,14,6.38,11.90,12.90,משקאות ,יח',משקאות ,
7290110118631,7290110118631,פיוזטי אבטיח 500 מ"ל ,רגיל,55,4.02,7.90,8.90,משקאות ,יח',משקאות ,
7290110323066,7290110323066,משקה יוגורט גו מעושר בחלבון בננה אפרסק,רגיל,0,0.00,8.00,8.00,מוצרי מכולת ,יח',מוצרי מכולת ,
7290110323073,7290110323073,משקה יוגורט גו מועשר בחלבון תות-פטל,רגיל,0,0.00,8.00,8.00,מוצרי מכולת ,יח',מוצרי מכולת ,
7290110323301,7290110323301,טל העמק אמנטל,רגיל,-8,14.98,21.90,22.90,משקאות ,יח',משקאות ,
7290110323585,7290110323585,דובדבן פרו סמיך,רגיל,0,4.18,7.90,7.90,מוצרי מקרר ,יח',מוצרי מקרר ,
7290110324667,7290110324667,יופלה יוגורט וניל,רגיל,0,0.00,6.00,6.00,מוצרי מכולת ,יח',מוצרי מכולת ,
7290110325619,7290110325619,משקה שיבולת שועל,רגיל,-19,8.82,14.00,14.00,מוצרי מכולת ,יח',מוצרי מכולת ,
7290110325886,7290110325886,גו אייס קפה 20ג חלבון,רגיל,0,4.87,6.50,6.50,מוצרי מכולת ,יח',מוצרי מכולת ,
7290110326180,7290110326180,YOLO עם שוקולד חלב,רגיל,0,0.00,8.00,8.00,מוצרי מכולת ,יח',מוצרי מכולת ,
7290110326210,10326210,יוגורט יופלה טופ פצפוצים 157 גרם,רגיל,5,3.69,7.90,7.90,מוצרי מכולת ,יח',מוצרי מכולת ,
7290110326227,7290110326227,יופלה יוגורט,רגיל,0,0.00,6.00,6.00,מוצרי מכולת ,יח',מוצרי מכולת ,
7290110326234,10326234,יופלה יוגורט כוכבים,רגיל,0,3.69,7.00,7.00,מוצרי מכולת ,יח',מוצרי מכולת ,
7290110326241,7290110326241,יופלה גרנולה,רגיל,0,0.00,6.00,6.00,מוצרי מכולת ,יח',מוצרי מכולת ,
7290110326449,7290110326449,חמאה,רגיל,0,0.00,11.90,11.90,מוצרי מכולת ,יח',מוצרי מכולת ,
7290110326555,7290110326555,שוקו שיבולת שועל,רגיל,0,0.00,13.00,13.00,מוצרי מכולת ,יח',מוצרי מכולת ,
7290110326999,7290110326999,משקה חלב עם שוקולד קלאסי,רגיל,0,0.00,8.00,8.00,מוצרי מכולת ,יח',מוצרי מכולת ,
7290110327026,7290110327026,משקה YOLO N,רגיל,0,4.89,10.00,10.00,מוצרי מכולת ,יח',מוצרי מכולת ,
7290110327033,7290110327033,GO תנובה,רגיל,0,7.60,15.00,15.00,מוצרי מכולת ,יח',מוצרי מכולת ,
7290110327279,7290110327279,גבינת נפוליאון שמנת,רגיל,0,0.00,15.00,15.00,מוצרי מכולת ,יח',מוצרי מכולת ,
7290110327514,7290110327514,שיבולת שועל חלב,רגיל,0,4.30,10.00,10.00,מוצרי מכולת ,יח',מוצרי מכולת ,
7290110327804,7290110327804,חטיף חלבון בטעם בצק עוגיות,רגיל,0,7.53,13.50,13.50,מוצרי מכולת ,יח',מוצרי מכולת ,
7290110327811,7290110327811,חטיף חלבון בטעם קוקוס,רגיל,0,7.53,13.50,13.50,מוצרי מכולת ,יח',מוצרי מכולת ,
7290110328764,7290110328764,יוגורט חלבון GO סמיך תות ,רגיל,36,4.39,6.50,6.50,מוצרי מקרר ,יח',מוצרי מקרר ,
7290110328771,7290110328771,GO פירות יער,רגיל,0,4.18,10.00,10.00,מוצרי מכולת ,יח',מוצרי מכולת ,
7290110328788,7290110328788,יוגורט חלבון יופלה GO סמיך אפרסק 200 גרם,רגיל,-6,4.39,6.50,6.50,מוצרי מקרר ,יח',מוצרי מקרר ,
7290110329716,7290110329716,תנובה קפוצ'ינו,רגיל,0,5.60,9.90,9.90,מוצרי מכולת ,יח',מוצרי מכולת ,
7290110471842,7290110471842,שקע קיר,רגיל,0,0.00,59.90,59.90,מוצרי מכולת ,יח',מוצרי מכולת ,
7290110472016,7290110472016,כבל מטאלי 2 מטר שחור,רגיל,0,0.00,29.90,29.90,מוצרי מכולת ,יח',מוצרי מכולת ,
7290110472467,7290110472467,מטען רכב TYPEC,רגיל,0,0.00,59.90,59.90,מוצרי מכולת ,יח',מוצרי מכולת ,
7290110472474,7290110472474,מטען קיר TYPEC,רגיל,0,0.00,59.90,59.90,מוצרי מכולת ,יח',מוצרי מכולת ,
7290110472528,7290110472528,מכונת תספורת HOMBRE,רגיל,0,59.77,100.00,100.00,מוצרי מכולת ,יח',מוצרי מכולת ,
7290110472573,7290110472573,LED BT SPEAKER - ARTOS,רגיל,0,0.00,249.00,249.00,מוצרי מכולת ,יח',מוצרי מכולת ,
7290110472825,7290110472825,גריל פחמים,רגיל,0,62.00,100.00,100.00,מוצרי מכולת ,יח',מוצרי מכולת ,
7290110472856,7290110472856,מטען רכב,רגיל,0,0.00,59.90,59.90,מוצרי מכולת ,יח',מוצרי מכולת ,
7290110473112,7290110473112,מנגל קטן,רגיל,11,19.00,34.90,34.90,מוצרי מכולת ,יח',מוצרי מכולת ,
7290110473235,7290110473235,רמקול אקסטרים סאונד כחול,רגיל,0,0.00,100.00,100.00,מוצרי מכולת ,יח',מוצרי מכולת ,
7290110473259,7290110473259,רמקול אקסטרים סאונד צהוב,רגיל,0,0.00,100.00,100.00,מוצרי מכולת ,יח',מוצרי מכולת ,
7290110473433,7290110473433,אוזניות BASS אפור,רגיל,0,0.00,25.74,25.74,מוצרי מכולת ,יח',מוצרי מכולת ,
7290110473440,7290110473440,אוזניות JUST BASS זהב,רגיל,0,0.00,49.90,49.90,מוצרי מכולת ,יח',מוצרי מכולת ,
7290110473501,7290110473501,זרוע לרכב BLACK,רגיל,0,0.00,35.10,35.10,מוצרי מכולת ,יח',מוצרי מכולת ,
7290110473556,7290110473556,כבל סינכרון USB TO TYPE C,רגיל,0,0.00,16.40,16.40,מוצרי מכולת ,יח',מוצרי מכולת ,
7290110473587,7290110473587,מעמד מגנטי לרכב,רגיל,0,0.00,49.90,49.90,מוצרי מכולת ,יח',מוצרי מכולת ,
7290110473594,7290110473594,זרוע לרכב,רגיל,0,0.00,35.10,35.10,מוצרי מכולת ,יח',מוצרי מכולת ,
7290110473600,7290110473600,זרוע טלסקופית לרכב,רגיל,0,0.00,35.10,35.10,מוצרי מכולת ,יח',מוצרי מכולת ,
7290110473754,7290110473754,ערכת קפה ללא בלון גז,רגיל,0,0.00,100.00,100.00,מוצרי מכולת ,יח',מוצרי מכולת ,
7290110473808,7290110473808,קלקר מים לטיולים,רגיל,-2,0.00,17.00,17.00,מוצרי מכולת ,יח',מוצרי מכולת ,
7290110473815,7290110473815,עגלת שטח,רגיל,0,0.00,380.00,380.00,מוצרי מכולת ,יח',מוצרי מכולת ,
7290110473839,7290110473839,רמקול JANANA בידורית 12 אינץ',רגיל,0,0.00,299.00,299.00,מוצרי מכולת ,יח',מוצרי מכולת ,
7290110473990,7290110473990,כבל MAICRO USB,רגיל,0,0.00,20.00,20.00,מוצרי מכולת ,יח',מוצרי מכולת ,
7290110474041,7290110474041,מטען קיר+כבל משולב,רגיל,0,0.00,80.00,80.00,מוצרי מכולת ,יח',מוצרי מכולת ,
7290110474058,7290110474058,קוצץ שערות אף,רגיל,0,0.00,50.00,50.00,מוצרי מכולת ,יח',מוצרי מכולת ,
7290110474102,7290110474102,פטיש 360 גרם,רגיל,0,16.00,24.30,24.30,מוצרי מכולת ,יח',מוצרי מכולת ,
7290110474140,7290110474140,מפתח שוודי,רגיל,0,18.00,28.00,28.00,מוצרי מכולת ,יח',מוצרי מכולת ,
7290110474171,7290110474171,פלס,רגיל,2,3.00,8.40,8.40,מוצרי מכולת ,יח',מוצרי מכולת ,
7290110474188,7290110474188,שפיץ פלייר,רגיל,0,15.50,23.60,23.60,מוצרי מכולת ,יח',מוצרי מכולת ,
7290110474195,7290110474195,פלייר/קאטר,רגיל,0,18.00,27.40,27.40,מוצרי מכולת ,יח',מוצרי מכולת ,
7290110474218,7290110474218,מברג פליפס,רגיל,0,10.50,16.00,16.00,מוצרי מכולת ,יח',מוצרי מכולת ,
7290110474225,7290110474225,מברג ראש שטוח,רגיל,0,10.50,16.00,16.00,מוצרי מכולת ,יח',מוצרי מכולת ,
7290110474256,7290110474256,כבל 2 מטר AUX,רגיל,0,0.00,29.90,29.90,מוצרי מכולת ,יח',מוצרי מכולת ,
7290110474270,7290110474270,JANANA 8 אינץ',רגיל,0,0.00,199.00,199.00,מוצרי מכולת ,יח',מוצרי מכולת ,
7290110474430,7290110474430,כבל מתאם למכשירי אייפון,רגיל,0,0.00,79.90,79.90,מוצרי מכולת ,יח',מוצרי מכולת ,
7290110474447,7290110474447,אוהל שש נפתח ברגע,רגיל,0,170.00,300.00,300.00,מוצרי מכולת ,יח',מוצרי מכולת ,
7290110474485,7290110474485,מערכת ישיבה משפחתית,רגיל,0,155.00,280.00,280.00,מוצרי מכולת ,יח',מוצרי מכולת ,
7290110474553,7290110474553,כירת גז כפולה,רגיל,0,0.00,0.00,0.00,מוצרי מכולת ,יח',מוצרי מכולת ,
7290110474560,7290110474560,אוזניות מיקרופון מעוצבות,רגיל,0,0.00,59.90,59.90,מוצרי מכולת ,יח',מוצרי מכולת ,
7290110474638,7290110474638,בידורית 6.5 אינץ CRYSTAL TOWER,רגיל,0,0.00,138.00,138.00,מוצרי מכולת ,יח',מוצרי מכולת ,
7290110474690,7290110474690,כבל 2מטר לחיבור מאושר אפל,רגיל,0,0.00,41.38,41.38,מוצרי מכולת ,יח',מוצרי מכולת ,
7290110474706,7290110474706,זרוע לרכב למזגן POWER VENT,רגיל,0,0.00,24.90,24.90,מוצרי מכולת ,יח',מוצרי מכולת ,
7290110474829,7290110474829,אבוב מתנפח,רגיל,1,30.00,65.00,65.00,מוצרי מכולת ,יח',מוצרי מכולת ,
7290110474904,7290110474904,בידורית 2*8 אינץ',רגיל,0,0.00,400.00,400.00,מוצרי מכולת ,יח',מוצרי מכולת ,
7290110474911,7290110474911,סוללת גיבוי 20000 MAH,רגיל,0,0.00,119.90,119.90,מוצרי מכולת ,יח',מוצרי מכולת ,
7290110474928,7290110474928,סוללת גיבוי,רגיל,0,0.00,53.80,53.80,מוצרי מכולת ,יח',מוצרי מכולת ,
7290110474935,7290110474935,מכונת אספרסו נטענת,רגיל,0,0.00,200.00,200.00,מוצרי מכולת ,יח',מוצרי מכולת ,
7290110474942,7290110474942,שולחן פיקניק לילדים,רגיל,1,150.00,250.00,250.00,מוצרי מכולת ,יח',מוצרי מכולת ,
7290110475017,7290110475017,בידורית 12 אינץ,רגיל,0,0.00,310.00,310.00,מוצרי מכולת ,יח',מוצרי מכולת ,
7290110475062,7290110475062,גריל בריזלאי,רגיל,0,0.00,500.00,500.00,מוצרי מכולת ,יח',מוצרי מכולת ,
7290110475109,7290110475109,בידורית OSHI 99,רגיל,0,0.00,100.00,100.00,מוצרי מכולת ,יח',מוצרי מכולת ,
7290110475116,7290110475116,מטען קיר SPEEDY,רגיל,0,0.00,60.00,60.00,מוצרי מכולת ,יח',מוצרי מכולת ,
7290110475123,7290110475123,רמקולך נייד OCEAN,רגיל,0,0.00,150.00,150.00,מוצרי מכולת ,יח',מוצרי מכולת ,
7290110475154,7290110475154,כירת גז אלבינית,רגיל,0,0.00,100.00,100.00,מוצרי מכולת ,יח',מוצרי מכולת ,
7290110475178,7290110475178,זרוע לרכב אינפרא אדום,רגיל,0,0.00,99.90,99.90,מוצרי מכולת ,יח',מוצרי מכולת ,
7290110475239,7290110475239,ARTOS LUXUTY COOLIO,רגיל,0,2.78,99.00,99.00,מוצרי מכולת ,יח',מוצרי מכולת ,
7290110475321,7290110475321,JANANA 15 אינץ' GAROTA,רגיל,0,0.00,399.00,399.00,מוצרי מכולת ,יח',מוצרי מכולת ,
7290110475338,7290110475338,בידורית 12 אינץ',רגיל,0,0.00,310.00,310.00,מוצרי מכולת ,יח',מוצרי מכולת ,
7290110475352,7290110475352,רמקולים MUSIC SQUARE אלחוטי,רגיל,0,0.00,49.00,49.00,מוצרי מכולת ,יח',מוצרי מכולת ,
7290110475376,7290110475376,בידורית 6.5 אינץ ELEGANT BEAT,רגיל,0,0.00,100.00,100.00,מוצרי מכולת ,יח',מוצרי מכולת ,
7290110475383,7290110475383,בידורית 4 אינץ' LIVE SHOW,רגיל,0,0.00,100.00,100.00,מוצרי מכולת ,יח',מוצרי מכולת ,
7290110475390,7290110475390,בידורית 6.5 אינץ' LIVE SHOW,רגיל,0,0.00,140.00,140.00,מוצרי מכולת ,יח',מוצרי מכולת ,
7290110475406,7290110475406,שק שינה זוגי,רגיל,0,0.00,150.00,150.00,מוצרי מכולת ,יח',מוצרי מכולת ,
7290110475413,7290110475413,אוזניות C SOUND ARTOS,רגיל,0,0.00,69.90,69.90,מוצרי מכולת ,יח',מוצרי מכולת ,
7290110475420,7290110475420,אוזניות מיקרופון בעיצוב מטאלי,רגיל,0,0.00,59.90,59.90,מוצרי מכולת ,יח',מוצרי מכולת ,
7290110475475,7290110475475,TWS BOONA - ARTOS,רגיל,0,0.00,179.99,179.99,מוצרי מכולת ,יח',מוצרי מכולת ,
7290110475505,7290110475505,גריל פחמים ומעשנת MULTI BARREL,רגיל,0,0.00,420.00,420.00,מוצרי מכולת ,יח',מוצרי מכולת ,
7290110475529,7290110475529,בוסטר התנעה לרכב פרטי ומסחרי,רגיל,0,205.00,285.00,285.00,מוצרי מכולת ,יח',מוצרי מכולת ,
7290110475659,7290110475659,מחצלת 4*4,רגיל,0,79.00,150.00,150.00,מוצרי מכולת ,יח',מוצרי מכולת ,
7290110475772,7290110475772,אוזניות אלחוטיות,רגיל,0,0.00,119.00,119.00,מוצרי מכולת ,יח',מוצרי מכולת ,
7290110475901,7290110475901,פנס נטען 20 וואט,רגיל,0,60.00,100.00,100.00,מוצרי מכולת ,יח',מוצרי מכולת ,
7290110475925,7290110475925,רמקול נייד XXL7,רגיל,0,0.00,260.00,260.00,מוצרי מכולת ,יח',מוצרי מכולת ,
7290110475956,7290110475956,צידנית רכה טרולית 45L,רגיל,0,55.00,120.00,120.00,מוצרי מכולת ,יח',מוצרי מכולת ,
7290110475963,7290110475963,תרמוס עם כוס,רגיל,0,50.00,100.00,100.00,מוצרי מכולת ,יח',מוצרי מכולת ,
7290110476106,7290110476106,בידורית WILD SOUNDS,רגיל,0,0.00,0.00,0.00,מוצרי מכולת ,יח',מוצרי מכולת ,
7290110476212,7290110476212,טרמפולינה 40 אינץ',רגיל,0,0.00,250.00,250.00,מוצרי מכולת ,יח',מוצרי מכולת ,
7290110476229,7290110476229,צידנית קשיחה 50 ליטר,רגיל,0,0.00,370.00,370.00,מוצרי מכולת ,יח',מוצרי מכולת ,
7290110476236,7290110476236,ערסל תלייה מקרמה,רגיל,0,0.00,0.00,0.00,מוצרי מכולת ,יח',מוצרי מכולת ,
7290110476243,7290110476243,טרמפולינה 8 פיט,רגיל,0,0.00,750.00,750.00,מוצרי מכולת ,יח',מוצרי מכולת ,
7290110476250,7290110476250,טרמפולינה 10פיט,רגיל,0,0.00,1000.00,1000.00,מוצרי מכולת ,יח',מוצרי מכולת ,
7290110476304,7290110476304,מסאג'יר,רגיל,0,0.00,170.00,170.00,מוצרי מכולת ,יח',מוצרי מכולת ,
7290110476380,7290110476380,גרילנדה 8 מטר USB,רגיל,0,0.00,180.00,180.00,מוצרי מכולת ,יח',מוצרי מכולת ,
7290110476496,7290110476496,גרילנדה 8 מטרים עם פאנל סולארי,רגיל,0,120.00,230.00,230.00,מוצרי מכולת ,יח',מוצרי מכולת ,
7290110476502,7290110476502,כירת גז ניידת עם פלנצ'ה,רגיל,0,0.00,190.00,190.00,מוצרי מכולת ,יח',מוצרי מכולת ,
7290110476649,7290110476649,כבל טייס סי אין,רגיל,0,0.00,0.00,0.00,מוצרי מכולת ,יח',מוצרי מכולת ,
7290110476670,7290110476670,זוג מטקות מעץ,רגיל,0,0.00,55.00,55.00,מוצרי מכולת ,יח',מוצרי מכולת ,
7290110476809,7290110476809,רמקול נייד חסין מים SUMMER VIBES,רגיל,0,0.00,95.00,95.00,מוצרי מכולת ,יח',מוצרי מכולת ,
7290110476847,7290110476847,צילייה 3*3,רגיל,0,185.00,300.00,300.00,מוצרי מכולת ,יח',מוצרי מכולת ,
7290110476946,7290110476946,בריכה משפחתית 3 מטר,רגיל,0,0.00,280.00,280.00,מוצרי מכולת ,יח',מוצרי מכולת ,
7290110476960,7290110476960,ערכת כלי עבודה 62 חלק,רגיל,1,62.00,100.00,100.00,מוצרי מכולת ,יח',מוצרי מכולת ,
7290110477035,7290110477035,5 ספלים לקמפינג,רגיל,0,50.00,99.90,99.90,מוצרי חצר תחנה ,יח',מוצרי חצר תחנה ,
7290110477080,7290110477080,קומפרסור נטען,רגיל,0,90.00,199.90,199.90,מוצרי חצר תחנה ,יח',מוצרי חצר תחנה ,
7290110477141,7290110477141,כלי עבודה DEKO 114 חלק,רגיל,0,0.00,200.00,200.00,מוצרי מכולת ,יח',מוצרי מכולת ,
7290110477158,7290110477158,פנס זרקור לד נטען 10W,רגיל,0,0.00,115.00,115.00,מוצרי מכולת ,יח',מוצרי מכולת ,
7290110477165,7290110477165,PURE CLUB ARTOS בידורית,רגיל,0,0.00,345.00,345.00,מוצרי מכולת ,יח',מוצרי מכולת ,
7290110477196,7290110477196,ערכת כלי עבודה 168 חלקים,רגיל,0,0.00,250.00,250.00,מוצרי מכולת ,יח',מוצרי מכולת ,
7290110477486,7290110477486,צידנית חשמלית רכב,רגיל,0,200.00,400.00,400.00,מוצרי מכולת ,יח',מוצרי מכולת ,
7290110477516,7290110477516,מכונית על שלט,רגיל,0,0.00,280.00,280.00,מוצרי מכולת ,יח',מוצרי מכולת ,
7290110477530,7290110477530,צידנית קשיחה 40 ל',רגיל,0,0.00,300.00,300.00,מוצרי מכולת ,יח',מוצרי מכולת ,
7290110477592,7290110477592,את חפירה,רגיל,0,0.00,170.00,170.00,מוצרי מכולת ,יח',מוצרי מכולת ,
7290110477646,7290110477646,פרוז`קטור 48 וואט על חכה,רגיל,0,125.00,250.00,250.00,מוצרי מכולת ,יח',מוצרי מכולת ,
7290110477660,7290110477660,עץ ריח FRESH,רגיל,0,2.00,6.00,6.00,מוצרי ריח - לרכב,יח',מוצרי ריח - לרכב,
7290110477714,7290110477714,מסאזר לצוואר,רגיל,0,65.00,140.00,140.00,מוצרי מכולת ,יח',מוצרי מכולת ,
7290110477844,7290110477844,בידורית בעיצוב רטרו,רגיל,0,185.00,450.00,450.00,מוצרי מכולת ,יח',מוצרי מכולת ,
7290110550356,7290110550356,דוריטוס ספייס נאצ'ו,רגיל,0,0.00,6.00,6.00,מוצרי מכולת ,יח',מוצרי מכולת ,
7290110550363,7290110550363,פריכיות משולשות קינמון,רגיל,0,7.81,12.00,12.00,מוצרי מכולת ,יח',מוצרי מכולת ,
7290110550370,7290110550370,אנרג' פריכיות,רגיל,0,7.40,11.00,11.00,מוצרי מכולת ,יח',מוצרי מכולת ,
7290110550400,7290110550400,בלונדי בוטנים מלוחים,רגיל,0,6.35,9.50,9.50,מוצרי מכולת ,יח',מוצרי מכולת ,
7290110550417,7290110550417,בלומדי שומשום קרמל,רגיל,0,6.35,9.50,9.50,מוצרי מכולת ,יח',מוצרי מכולת ,
7290110550646,7290110550646,THINS DARK COOKIES,רגיל,0,8.04,12.00,12.00,מוצרי מכולת ,יח',מוצרי מכולת ,
7290110550691,7290110550691,ממולדה בטעם פטל,רגיל,0,0.00,6.00,6.00,מוצרי מכולת ,יח',מוצרי מכולת ,
7290110550707,7290110550707,ממולדה בטעם אננס,רגיל,0,0.00,6.00,6.00,מוצרי מכולת ,יח',מוצרי מכולת ,
7290110551117,7290110551117,טבלת שוקולד לבן סוכריות קופצות,רגיל,0,3.40,8.00,8.00,מוצרי מכולת ,יח',מוצרי מכולת ,
7290110551193,7290110551193,בפלות אחת אחת קוקוס,רגיל,0,0.00,19.00,19.00,מוצרי מכולת ,יח',מוצרי מכולת ,
7290110551612,7290110551612,ספלנדיד צ'אנקס חלב,רגיל,0,6.50,15.00,15.00,מוצרי מכולת ,יח',מוצרי מכולת ,
7290110551926,7290110551926,תפוצ'יפס גורמה בטעם,רגיל,2,5.90,9.90,10.90,חטיפים מלוחים ,יח',חטיפים מלוחים ,
7290110552084,7290110552084,אנרג'י מאגדת,רגיל,0,0.00,15.50,15.50,מוצרי מכולת ,יח',מוצרי מכולת ,
7290110552114,7290110552114,תפצו גבינת צ""דר,רגיל,0,3.02,6.00,6.00,מוצרי מכולת ,יח',מוצרי מכולת ,
7290110552237,7290110552237,דנונה פרו 20גר',רגיל,-20,4.35,6.50,6.50,מוצרי מקרר ,יח',מוצרי מקרר ,
7290110552343,7290110552343,ציטטוס PUFFFS ביג,רגיל,0,2.73,6.90,6.90,חטיפים מתוקים ,יח',חטיפים מתוקים ,
7290110552411,7290110552411,משקה קר בטעם קרמל,רגיל,0,4.00,10.00,10.00,מוצרי מכולת ,יח',מוצרי מכולת ,
7290110552817,7290110552817,מסטיק בטעם גלידה,רגיל,0,6.71,12.00,12.00,מוצרי מכולת ,יח',מוצרי מכולת ,
7290110552909,7290110552909,היפה כף חצי בטעם מרשמלו חצי שוק,רגיל,0,2.81,6.00,6.00,מוצרי מכולת ,יח',מוצרי מכולת ,
7290110553029,7290110553029,פריכיות חלבון קייל,רגיל,0,7.81,12.00,12.00,מוצרי מכולת ,יח',מוצרי מכולת ,
7290110553173,7290110553173,אנרג' פריכיות בטעם ק,רגיל,0,4.60,8.00,8.00,מוצרי מכולת ,יח',מוצרי מכולת ,
7290110553180,7290110553180,אנרג'י פריכיות בטעם תות,רגיל,0,4.60,10.00,10.00,מוצרי מכולת ,יח',מוצרי מכולת ,
7290110553210,7290110553210,בוטנים באפלו,רגיל,0,1.30,4.00,4.00,מוצרי מכולת ,יח',מוצרי מכולת ,
7290110553333,7290110553333,כשל""פ פירכיות מצופות,רגיל,0,0.00,12.00,12.00,מוצרי מכולת ,יח',מוצרי מכולת ,
7290110553449,7290110553449,מילקי סנאק,רגיל,0,9.81,15.00,15.00,מוצרי מכולת ,יח',מוצרי מכולת ,
7290110553494,7290110553494,דוריטוס דיבאס כחול,רגיל,0,5.40,13.00,13.00,מוצרי מכולת ,יח',מוצרי מכולת ,
7290110553548,7290110553548,דוריטוס נודלס סצואן ,רגיל,0,2.38,5.90,6.90,חטיפים מלוחים ,יח',חטיפים מלוחים ,
7290110553623,7290110553623,ציטוס קראנץ צ׳דר חלפינ80,רגיל,61,3.00,5.90,6.90,חטיפים מלוחים ,יח',חטיפים מלוחים ,
7290110554095,7290110554095,דבש לחיץ 440 גרם,רגיל,0,20.30,29.90,30.90,מוצרי בית,יח',מוצרי בית,
7290110554453,7290110554453,אייס קופי לאטה,רגיל,0,5.33,10.00,10.00,מוצרי מכולת ,יח',מוצרי מכולת ,
7290110554460,7290110554460,ציטוס קראנץ' צידר 65 גרם,רגיל,0,2.59,5.90,5.90,חטיפים מלוחים ,יח',חטיפים מלוחים ,
7290110555306,7290110555306,רבע לשבע טבעוני סנימ,רגיל,0,8.77,15.00,15.00,מוצרי מכולת ,יח',מוצרי מכולת ,
7290110555337,7290110555337,נמס אייס קלאסי,רגיל,53,5.34,9.90,9.90,מוצרי מקרר ,יח',מוצרי מקרר ,
7290110555344,7290110555344,נמס ICE וניל ,רגיל,44,5.34,9.90,9.90,מוצרי מקרר ,יח',מוצרי מקרר ,
7290110555368,7290110555368,רבע לשבע טבעוני מרשמלו,רגיל,0,8.77,15.00,15.00,מוצרי מכולת ,יח',מוצרי מכולת ,
7290110556242,7290110556242,שוקולד מריר,רגיל,0,3.83,8.00,8.00,מוצרי מכולת ,יח',מוצרי מכולת ,
7290110557003,7290110557003,אחלה נשנוש חומוס,רגיל,0,8.60,12.90,12.90,מוצרי מכולת ,יח',מוצרי מכולת ,
7290110557102,7290110557102,מעדן חלב מעושר ,רגיל,1,3.61,6.50,6.50,מוצרי מקרר ,יח',מוצרי מקרר ,
7290110557164,7290110557164,טעמי בלונדי,רגיל,0,0.00,6.00,6.00,מוצרי מכולת ,יח',מוצרי מכולת ,
7290110557171,7290110557171,טעמי בייגלה,רגיל,0,0.00,6.00,6.00,מוצרי מכולת ,יח',מוצרי מכולת ,
7290110557379,7290110557379,מילקה טופ בטעם עדשים,רגיל,0,3.34,5.90,5.90,מוצרי מקרר ,יח',מוצרי מקרר ,
7290110557386,7290110557386,מילקה קצפת קפה ,רגיל,0,2.39,4.90,4.90,מוצרי מקרר ,יח',מוצרי מקרר ,
7290110557454,7290110557454,מילקי,רגיל,-4,2.43,4.90,4.90,מוצרי מקרר ,יח',מוצרי מקרר ,
7290110557874,7290110557874,תפוצ'יפס גורמה ירקות,רגיל,1,5.80,9.90,10.90,חטיפים מלוחים ,יח',חטיפים מלוחים ,
7290110558215,7290110558215,דנונה קראנץ,רגיל,0,4.72,10.00,10.00,מוצרי מכולת ,יח',מוצרי מכולת ,
7290110558321,7290110558321,יוגורט חלבון 9,רגיל,0,4.29,8.90,8.90,מוצרי מקרר ,יח',מוצרי מקרר ,
7290110558338,7290110558338,משקה חלבון חדש,רגיל,0,4.10,10.00,10.00,מוצרי מכולת ,יח',מוצרי מכולת ,
7290110558420,7290110558420,אלפרו משקה ש.ש 1,רגיל,0,9.81,13.90,13.90,מוצרי מקרר ,יח',מוצרי מקרר ,
7290110559045,7290110559045,מילקשייק וניל,רגיל,0,4.80,10.00,10.00,מוצרי מכולת ,יח',מוצרי מכולת ,
7290110560300,7290110560300,פריכיות משולשות עדשים,רגיל,1,3.90,7.90,7.90,חטיפים מתוקים ,יח',חטיפים מתוקים ,
7290110560317,7290110560317,פריכיות מושלשות חומוס אורז,רגיל,2,3.90,6.90,6.90,חטיפים מתוקים ,יח',חטיפים מתוקים ,
7290110561901,7290110561901,תפוציפס עשבי תיבול,רגיל,0,3.25,5.90,5.90,חטיפים מלוחים ,יח',חטיפים מלוחים ,
7290110563431,7290110563431,משקה קפה קר קלאסי,רגיל,12,5.47,9.90,9.90,מוצרי מקרר ,יח',מוצרי מקרר ,
7290110563448,7290110563448,משקה קפה קר מעודן,רגיל,22,5.47,9.90,9.90,מוצרי מקרר ,יח',מוצרי מקרר ,
7290110563462,7290110563462,חלב מעושר נטול לקטוז,רגיל,12,6.61,12.00,12.00,מוצרי מקרר ,יח',מוצרי מקרר ,
7290110563462,7290110563462,חלב מעושר נטול לקטוז,רגיל,12,6.95,12.00,12.00,מוצרי מקרר ,יח',מוצרי מקרר ,
7290110563868,7290110563868,אנרגי מאג תחתית מריר,רגיל,0,6.22,16.00,16.00,מוצרי מכולת ,יח',מוצרי מכולת ,
7290110564346,7290110564346,בלונדי קרם ברונז,רגיל,0,5.73,10.00,10.00,מוצרי מכולת ,יח',מוצרי מכולת ,
7290110564353,7290110564353,בלונדי-קרם אגוזי לוז,רגיל,25,8.40,8.00,8.00,מוצרי מכולת ,יח',מוצרי מכולת ,
7290110564360,7290110564360,"סלט חומוס עשיר ב 40% טחינה גולמית, 400 גרם ",רגיל,0,9.98,14.90,14.90,מוצרי מקרר ,יח',מוצרי מקרר ,
7290110564513,7290110564513,עוגת אגוזי,רגיל,0,0.00,22.00,22.00,מוצרי מכולת ,יח',מוצרי מכולת ,
7290110564742,7290110564742,משקה קפה קר חזק,רגיל,29,5.47,9.90,9.90,מוצרי מקרר ,יח',מוצרי מקרר ,
7290110565527,7290110565527,דנונה פרו 20גר' יטבתה,רגיל,23,4.35,6.50,6.50,מוצרי מקרר ,יח',מוצרי מקרר ,
7290110565572,7290110565572,24 מנות אישיות קפה,רגיל,0,18.00,32.00,32.00,מוצרי מכולת ,יח',מוצרי מכולת ,
7290110565657,7290110565657,עוגת דבש,רגיל,0,0.00,22.00,22.00,מוצרי מכולת ,יח',מוצרי מכולת ,
7290110565664,7290110565664,בראוניז שוקולד מריר,רגיל,0,0.00,22.00,22.00,מוצרי מכולת ,יח',מוצרי מכולת ,
7290110565879,7290110565879,מאגדת אנרג'י חמוציות,רגיל,0,9.90,15.90,15.90,מוצרי מכולת ,יח',מוצרי מכולת ,
7290110565893,7290110565893,אנרגי מאג לתס מצופה,רגיל,0,10.00,16.00,16.00,מוצרי מכולת ,יח',מוצרי מכולת ,
7290110565923,7290110565923,חטיף אנרגי תחתית מריר,רגיל,0,1.99,5.00,5.00,מוצרי מכולת ,יח',מוצרי מכולת ,
7290110565961,7290110565961,עד חצות קקאו מלוח,רגיל,0,9.91,16.00,16.00,מוצרי מכולת ,יח',מוצרי מכולת ,
7290110566623,7290110566623,קפסולות קולומניה,רגיל,0,14.65,0.00,0.00,מוצרי מכולת ,יח',מוצרי מכולת ,
7290110566975,7290110566975,דנונה פרו 20 גרם תות,רגיל,5,4.35,6.50,6.50,מוצרי מקרר ,יח',מוצרי מקרר ,
7290110567057,7290110567057,מסטיק מנטה חזק ללא סוכר,רגיל,0,6.02,13.90,13.90,מוצרי מקרר ,יח',מוצרי מקרר ,
7290110567064,7290110567064,גומי לעסיה טעם מנטה ופטל,רגיל,0,0.00,11.00,11.00,מוצרי מכולת ,יח',מוצרי מכולת ,
7290110567309,7290110567309,פסק זמן בלונדי,רגיל,0,3.20,6.50,6.50,מוצרי מכולת ,יח',מוצרי מכולת ,
7290110568238,7290110568238,שמנת צמחית 21% 1,רגיל,-1,5.76,9.90,9.90,מוצרי מקרר ,יח',מוצרי מקרר ,
7290110568276,7290110568276,יטבתה פרו וניל,רגיל,-47,4.86,7.90,7.90,מוצרי מקרר ,יח',מוצרי מקרר ,
7290110568511,7290110568511,קונפיטות פירות יער,רגיל,0,0.00,15.00,15.00,מוצרי מכולת ,יח',מוצרי מכולת ,
7290110568627,7290110568627,רול פסק זמן,רגיל,0,0.00,7.90,7.90,מוצרי מכולת ,יח',מוצרי מכולת ,
7290110570040,7290110570040,אלפרו משקה שקד,רגיל,0,9.81,12.90,12.90,מוצרי מקרר ,יח',מוצרי מקרר ,
7290110570125,7290110570125,קפה קר בטעם אי,רגיל,0,5.39,10.00,10.00,מוצרי מכולת ,יח',מוצרי מכולת ,
7290110570224,7290110570224,קפה קר בטעם מוקה,רגיל,0,5.15,10.00,10.00,מוצרי מכולת ,יח',מוצרי מכולת ,
7290110570491,7290110570491,מארז קפה נמס 50 גר',רגיל,0,22.16,35.00,35.00,מוצרי מכולת ,יח',מוצרי מכולת ,
7290110571405,7290110571405,מיני פינוקית בגביע,רגיל,6,7.95,12.90,12.90,חטיפים מתוקים ,יח',חטיפים מתוקים ,
7290110571474,7290110571474,רבע לשבע טבעוני,רגיל,0,8.77,15.00,15.00,מוצרי מכולת ,יח',מוצרי מכולת ,
7290110571481,7290110571481,קפה נמס,רגיל,0,12.00,20.00,20.00,מוצרי מכולת ,יח',מוצרי מכולת ,
7290110572594,7290110572594,דוריטוס טיקה מסאלה ,רגיל,0,2.38,5.90,5.90,חטיפים מלוחים ,יח',חטיפים מלוחים ,
7290110572969,7290110572969,כיף כף פצפצים לבן,רגיל,0,3.60,10.00,10.00,מוצרי מכולת ,יח',מוצרי מכולת ,
7290110572976,7290110572976,כיף כף פצפצים קרם לבן,רגיל,0,7.50,11.00,11.00,מוצרי מכולת ,יח',מוצרי מכולת ,
7290110573294,7290110573294,עוגיות ממולאות בקרם,רגיל,0,8.39,17.00,17.00,מוצרי מכולת ,יח',מוצרי מכולת ,
7290110573386,7290110573386,משקה יוגרט בננה,רגיל,0,3.86,6.00,6.00,מוצרי מכולת ,יח',מוצרי מכולת ,
7290110573409,7290110573409,משקה יוגרט בטעם אננס,רגיל,0,2.00,5.90,5.90,מוצרי מקרר ,יח',מוצרי מקרר ,
7290110573737,7290110573577,יוגרט דנונה פרו בטעם וניל,רגיל,-10,4.94,9.90,9.90,מוצרי מקרר ,יח',מוצרי מקרר ,
7290110573751,7290110573751,מילקי,רגיל,0,3.34,5.90,5.90,מוצרי מקרר ,יח',מוצרי מקרר ,
7290110573768,7290110573768,מילקה טופ פופקו ,רגיל,0,3.34,6.90,6.90,מוצרי מקרר ,יח',מוצרי מקרר ,
7290110574437,7290110574437,פופקורן טורטית,רגיל,0,4.73,11.90,11.90,מוצרי מקרר ,יח',מוצרי מקרר ,
7290110576318,7290110576318,מארז שלישייה אגוז,רגיל,0,19.00,30.00,30.00,מוצרי מכולת ,יח',מוצרי מכולת ,
7290110576363,7290110576363,ספלנדיט שוקולד,רגיל,0,6.00,12.00,12.00,מוצרי מכולת ,יח',מוצרי מכולת ,
7290110576370,7290110576370,מארז אגוז,רגיל,0,18.55,27.00,27.00,מוצרי מכולת ,יח',מוצרי מכולת ,
7290110576387,7290110576387,מארז שלישיות אגוז,רגיל,0,18.55,26.00,26.00,מוצרי מכולת ,יח',מוצרי מכולת ,
7290110577230,7290110577230,משקה חלב פיסטוק 1.5ל,רגיל,0,8.26,15.00,15.00,מוצרי מכולת ,יח',מוצרי מכולת ,
7290110577247,7290110577247,משקה חלב בטעם פיסטוק,רגיל,0,4.45,9.00,9.00,מוצרי מכולת ,יח',מוצרי מכולת ,
7290110577254,7290110577254,יטבתה פרו קפה 1-שטראוס,רגיל,181,4.86,8.90,8.90,מוצרי מקרר ,יח',מוצרי מקרר ,
7290110577261,7290110577261,pro שוקו שוקולד,רגיל,-77,4.86,9.90,9.90,מוצרי מקרר ,יח',מוצרי מקרר ,
7290110577629,7290110577629,רבע לשבע טבעוני טורס,רגיל,0,9.38,16.00,16.00,מוצרי מכולת ,יח',מוצרי מכולת ,
7290110577636,7290110577636,רבע לשבע טבעוני חמאת,רגיל,0,9.38,22.00,22.00,מוצרי מכולת ,יח',מוצרי מכולת ,
7290110577711,7290110577711,שייק חלבון א,רגיל,0,5.24,10.00,10.00,מוצרי מכולת ,יח',מוצרי מכולת ,
7290110577728,7290110577728,שייק חלבון,רגיל,0,5.24,10.00,10.00,מוצרי מכולת ,יח',מוצרי מכולת ,
7290110578350,7290110578350,פרו חטיף חלבון טריקו,רגיל,0,13.00,19.90,19.90,חטיפים מתוקים ,יח',חטיפים מתוקים ,
7290110578381,7290110578381,עוגייה שוקלד חלב עם פצפוצי,רגיל,0,11.51,16.90,16.90,חטיפים מתוקים ,יח',חטיפים מתוקים ,
7290110578466,7290110578466,טעמי בייגלה עוגיות וניל 36 גרם,רגיל,5,3.70,5.90,5.90,חטיפים מתוקים ,יח',חטיפים מתוקים ,
7290110578794,7290110578794,משקה קפה קר ללא סוכר,רגיל,0,5.47,9.90,9.90,מוצרי מקרר ,יח',מוצרי מקרר ,
7290110578909,7290110578909,דוריטוס חמוץ חריף 204 גרם,רגיל,0,6.44,12.90,12.90,מוצרי מכולת ,יח',מוצרי מכולת ,
7290110578978,7290110578978,תפוצ'יפס בטעם ברביקיו ודבש 50 גרם,רגיל,1,0.00,5.90,5.90,חטיפים מלוחים ,יח',חטיפים מלוחים ,
7290110579203,7290110579203,קונפ משמש בלחיץ,רגיל,0,12.55,25.00,25.00,מוצרי מכולת ,יח',מוצרי מכולת ,
7290110579210,7290110579210,קופ"" תות בלחיץ -32,רגיל,0,12.55,25.00,25.00,מוצרי מכולת ,יח',מוצרי מכולת ,
7290110579333,7290110579333,צנצנת קוביותתפוח חם נ,רגיל,0,6.02,12.00,12.00,מוצרי מכולת ,יח',מוצרי מכולת ,
7290110579463,7290110579463,שוק. חלב שברי אגוזים 100ג,רגיל,31,6.70,9.90,10.90,חטיפים מתוקים ,יח',חטיפים מתוקים ,
7290110856243,7290110856243,ס. אלקטרונית 2800 -ענבים,רגיל,0,0.00,110.00,110.00,מוצרי מכולת ,יח',מוצרי מכולת ,
7290110856250,7290110856250,ס. אלקטרונית 2800 שאיפה תפוח,רגיל,0,0.00,110.00,110.00,מוצרי מכולת ,יח',מוצרי מכולת ,
7290110856267,7290110856267,ס. אלקטרונית 2800-אבטיח,רגיל,0,0.00,110.00,110.00,מוצרי מכולת ,יח',מוצרי מכולת ,
7290110856298,7290110856298,ס. אלקטרונית 2800 -פירות יער,רגיל,0,65.00,110.00,110.00,מוצרי מכולת ,יח',מוצרי מכולת ,
7290110856373,7290110856373,ס.אלקטרונית 2800 -תפוח אפרסק,רגיל,0,0.00,110.00,110.00,מוצרי מכולת ,יח',מוצרי מכולת ,
7290110856380,7290110856380,ס. אלקטרונית 2800 שאיפה תות בננה,רגיל,0,0.00,110.00,110.00,מוצרי מכולת ,יח',מוצרי מכולת ,
7290110856502,7290110856502,ס. אלקטרונית 2800 אבטיח תות,רגיל,0,0.00,110.00,110.00,מוצרי מכולת ,יח',מוצרי מכולת ,
7290111340178,7290111340178,מטליות ניקוי בנחוח מרכך,רגיל,0,6.90,13.90,14.90,מוצרי ניקיון ו טיפוח אישי,יח',מוצרי ניקיון ו טיפוח אישי,
7290111341984,7290111341984,נייר טואלט לח רביעייה,רגיל,0,0.00,24.00,24.00,מוצרי מכולת ,יח',מוצרי מכולת ,
7290111342523,7290111342523,מפיות לאירוח 33X33 ניקול,רגיל,0,0.00,8.00,8.00,מוצרי מכולת ,יח',מוצרי מכולת ,
7290111343797,7290111343797,מטליות לחות לניקוי חלונות,רגיל,0,0.00,11.00,11.00,מוצרי מכולת ,יח',מוצרי מכולת ,
7290111344565,7290111344565,שקיות זיפר ניקול 30 יח,רגיל,22,7.90,14.90,15.90,מוצרי ניקיון ו טיפוח אישי,יח',מוצרי ניקיון ו טיפוח אישי,
7290111347115,7290111347115,לילי לבן מגה רול 18 גליל ,רגיל,16,25.90,37.90,38.90,מוצרי ניקיון ו טיפוח אישי,יח',מוצרי ניקיון ו טיפוח אישי,
7290111350092,7290111350092,המיטב של לואקר,רגיל,0,17.29,24.90,24.90,חטיפים מתוקים ,יח',חטיפים מתוקים ,
7290111350719,7290111350719,נאצ׳וס בסגנון מסעדות 322ג,רגיל,0,11.50,19.90,20.90,חטיפים מלוחים ,יח',חטיפים מלוחים ,
7290111350726,7290111350726,נאצ׳וס בסגנון מקסיקני 322,רגיל,2,11.50,19.90,20.90,חטיפים מלוחים ,יח',חטיפים מלוחים ,
7290111351334,7290111351334,תמרים מג'הול 650 גר',רגיל,0,17.16,25.00,25.00,מוצרי מכולת ,יח',מוצרי מכולת ,
7290111352973,7290111352973,סוכריות בטעם פירות,רגיל,0,0.00,8.90,8.90,מוצרי מכולת ,יח',מוצרי מכולת ,
7290111353475,7290111353475,יוגטה שטיחים 200 גרם עדה  חרדית,רגיל,0,5.70,9.90,9.90,חטיפים מתוקים ,יח',חטיפים מתוקים ,
7290111353680,7290111353680,גרעיני חמנייה קלויים,רגיל,0,7.00,17.90,17.90,מוצרי מכולת ,יח',מוצרי מכולת ,
7290111355172,7290111355172,יוגטה לקריץ תות ממולא (36) ע.חרדית 200,רגיל,0,5.70,9.90,9.90,חטיפים מתוקים ,יח',חטיפים מתוקים ,
7290111355929,7290111355929,בראוניז שוקוצ'יפס 200 גרם,רגיל,2,7.90,12.90,13.90,חטיפים מתוקים ,יח',חטיפים מתוקים ,
7290111355943,7290111355943,בראוניז שוקולד 200 גרם,רגיל,25,8.20,13.90,13.90,חטיפים מתוקים ,יח',חטיפים מתוקים ,
7290111355950,7290111355950,בראוניז שוקולד לבן 200 גר׳,רגיל,0,8.27,13.90,13.90,חטיפים מתוקים ,יח',חטיפים מתוקים ,
7290111356117,7290111356117,מיני ריטר,רגיל,0,0.89,1.40,1.40,חטיפים מתוקים ,יח',חטיפים מתוקים ,
7290111356353,7290111356353,יוגטה מקלות ממולא מסוכר  220 גרם,רגיל,17,5.70,9.90,9.90,חטיפים מתוקים ,יח',חטיפים מתוקים ,
7290111356971,7290111356971,בונ' דולומיטים רוז מגוון 250,רגיל,0,25.50,34.90,34.90,חטיפים מתוקים ,יח',חטיפים מתוקים ,
7290111357046,7290111357046,יוגטה קוביות ממולא מסוכר  220 גרם,רגיל,0,5.70,9.90,9.90,חטיפים מתוקים ,יח',חטיפים מתוקים ,
7290111532283,7290111532283,עוגיות מעמול 400 גרם,רגיל,0,0.00,14.00,14.00,מוצרי מכולת ,יח',מוצרי מכולת ,
7290111532474,7290111532474,עוגיות אוזניות 400 גרם,רגיל,0,0.00,14.00,14.00,מוצרי מכולת ,יח',מוצרי מכולת ,
7290111560736,7290111560736,אסם קרקר זהב,רגיל,0,0.00,14.90,14.90,מוצרי מכולת ,יח',מוצרי מכולת ,
7290111563492,7290111563492,וצבר מטבוחה חריפה מרובע 6*400גרם,רגיל,-4,9.71,16.90,16.90,מוצרי מקרר ,יח',מוצרי מקרר ,
7290111563584,7290111563584,איקסטרא בטעם וניל,רגיל,-23,7.98,15.90,15.90,מוצרי מכולת ,יח',מוצרי מכולת ,
7290111564277,7290111564277,פיטנס פריכיות 3 דגנים דקות,רגיל,0,0.00,12.00,12.00,מוצרי מכולת ,יח',מוצרי מכולת ,
7290111564291,7290111564291,פירכיות דקות קינואה,רגיל,0,0.00,14.90,14.90,מוצרי מכולת ,יח',מוצרי מכולת ,
7290111564505,7290111564505,קרטיב אננס,רגיל,0,1.50,7.00,7.00,מוצרי מכולת ,יח',מוצרי מכולת ,
7290111564727,7290111564727,ואסם קרמוגית במילוי קרם אגוזים,רגיל,4,10.06,15.00,15.00,מוצרי מכולת ,יח',מוצרי מכולת ,
7290111564741,7290111564741,ערגליות פטל,רגיל,0,0.00,13.90,13.90,מוצרי מכולת ,יח',מוצרי מכולת ,
7290111564956,7290111564956,ביסלי במבה מיקס 200 גרם,רגיל,0,7.95,12.90,12.90,חטיפים מלוחים ,יח',חטיפים מלוחים ,
7290111565502,7290111565502,אוראו סנדביץ,רגיל,15,7.52,12.90,12.90,גלידות ,יח',גלידות ,
7290111565656,7290111565656,במבה במילוי קרם נוגט שוקולד 150 גרם,רגיל,25,7.83,13.90,14.90,חטיפים מלוחים ,יח',חטיפים מלוחים ,
7290111566226,7290111566226,שניצל ברוקולי טבעול 564,רגיל,3,26.30,44.90,41.90,קפואים מצוננים ,יח',קפואים מצוננים ,
7290111567759,7290111567759,עוגת הבית דבש קלאסית 400 גרם,רגיל,0,12.43,19.90,15.90,חטיפים מתוקים ,יח',חטיפים מתוקים ,
7290111568206,7290111568206,ביסלי פארטי מיקס,רגיל,21,7.43,9.90,10.90,חטיפים מלוחים ,יח',חטיפים מלוחים ,
7290111568275,7290111568275,נודלס אטריות אורז רחב300,רגיל,10,7.90,12.00,12.00,מוצרי מכולת ,יח',מוצרי מכולת ,
7290111568961,7290111568961,ואסם ביגלה טבעות מלח,רגיל,5,7.49,17.80,14.90,חטיפים מלוחים ,יח',חטיפים מלוחים ,
7290111740923,7290111740923,תושבת לרכב דשבורד,רגיל,0,29.00,49.90,49.90,אבזרי סלולר ו חשמל ,יח',אבזרי סלולר ו חשמל ,
7290111741012,7290111741012,מפצל מצת לרב,רגיל,0,0.00,60.00,60.00,מוצרי מכולת ,יח',מוצרי מכולת ,
7290111741074,7290111741074,מטען קיר 2.4A iphone  USB,רגיל,0,15.00,49.80,49.80,אבזרי סלולר ו חשמל ,יח',אבזרי סלולר ו חשמל ,
7290111742545,7290111742545,מיני סוללת גיבוי נטענת 10000 mAH,רגיל,0,0.00,100.00,100.00,מוצרי מכולת ,יח',מוצרי מכולת ,
7290111742965,7290111742965,כבל HDMI 3 M,רגיל,0,15.90,26.90,26.90,אבזרי סלולר ו חשמל ,יח',אבזרי סלולר ו חשמל ,
7290111743269,7290111743269,סוללת טעינה SLIM MPBM5000 לבן מירכו,רגיל,0,29.00,60.00,60.00,מוצרי  אלקטרונים ,יח',מוצרי  אלקטרונים ,
7290111743276,7290111743276,סללות טעינה SLIM MPBM50000,רגיל,0,29.00,69.90,69.90,אבזרי סלולר ו חשמל ,יח',אבזרי סלולר ו חשמל ,
7290111743702,7290111743702,boon mifi נתב נייד,רגיל,3,160.00,300.00,300.00,אבזרי סלולר ו חשמל ,יח',אבזרי סלולר ו חשמל ,
7290111743726,7290111743726,תושבת טלסקופית מגנט,רגיל,0,45.00,59.90,59.90,אבזרי סלולר ו חשמל ,יח',אבזרי סלולר ו חשמל ,
7290111744464,7290111744464,תושבת מגנט לפתח המזגו,רגיל,0,29.00,49.90,49.90,אבזרי סלולר ו חשמל ,יח',אבזרי סלולר ו חשמל ,
7290111745492,7290111745492,שעון חכם מלבני S2,רגיל,0,99.00,199.90,199.90,אבזרי סלולר ו חשמל ,יח',אבזרי סלולר ו חשמל ,
7290111745508,7290111745508,שעון חכם עגול R2,רגיל,0,129.00,219.90,219.90,אבזרי סלולר ו חשמל ,יח',אבזרי סלולר ו חשמל ,
7290111745584,7290111745584,power bank 1000,רגיל,0,50.00,149.90,149.90,אבזרי סלולר ו חשמל ,יח',אבזרי סלולר ו חשמל ,
7290111745898,7290111745898,כיסא גמינג,רגיל,0,460.00,800.00,800.00,מוצרי מכולת ,יח',מוצרי מכולת ,
7290111746925,7290111746925,אוזניה BT כאבל נמתח MPTH77,רגיל,0,69.00,149.90,149.90,אבזרי סלולר ו חשמל ,יח',אבזרי סלולר ו חשמל ,
7290111746949,7290111746949,אוזנייה Bluetooth handsfree,רגיל,0,69.00,129.00,129.00,מוצרי מכולת ,יח',מוצרי מכולת ,
7290111747861,7290111747861,אוזניות לבן BT MTW800,רגיל,0,89.90,139.90,139.90,אבזרי סלולר ו חשמל ,יח',אבזרי סלולר ו חשמל ,
7290111748011,7290111748011,שולחן גיימנג GMD03-1,רגיל,0,333.00,700.00,700.00,מוצרי מכולת ,יח',מוצרי מכולת ,
7290111748097,7290111748097,תושבת מגנט ארוכה,רגיל,0,45.00,74.90,74.90,אבזרי סלולר ו חשמל ,יח',אבזרי סלולר ו חשמל ,
7290111748141,7290111748141,מ.קיר USB 2 A2.4 לבן מיכרו,רגיל,0,11.00,29.90,29.90,אבזרי סלולר ו חשמל ,יח',אבזרי סלולר ו חשמל ,
7290111748158,7290111748158,מטעין קיר טיפ סי 2 USB,רגיל,0,15.00,44.90,44.90,אבזרי סלולר ו חשמל ,יח',אבזרי סלולר ו חשמל ,
7290111748165,7290111748165,מ. קיר מהיר 18W לבן,רגיל,4,23.00,49.90,53.90,אבזרי סלולר ו חשמל ,יח',אבזרי סלולר ו חשמל ,
7290111748189,7290111748189,מ.קיר 20 W+18W כבל איפון לבן SL,רגיל,0,29.00,59.90,59.90,אבזרי סלולר ו חשמל ,יח',אבזרי סלולר ו חשמל ,
7290111748271,7290111748271,תושבת שולחנית מגנית MIR,רגיל,0,29.00,59.90,59.90,אבזרי סלולר ו חשמל ,יח',אבזרי סלולר ו חשמל ,
7290111748882,7290111748882,סוללת טעינה 20000MAH,רגיל,0,0.00,150.00,150.00,מוצרי מכולת ,יח',מוצרי מכולת ,
7290111748998,7290111748998,תושבת לדשבורד,רגיל,0,35.00,69.90,69.90,אבזרי סלולר ו חשמל ,יח',אבזרי סלולר ו חשמל ,
7290111749018,7290111749018,תושבת מגנת לפתחת כוסות,רגיל,0,49.00,99.90,99.90,אבזרי סלולר ו חשמל ,יח',אבזרי סלולר ו חשמל ,
7290111749292,7290111749292,אוזניות קליפס MBTH 98,רגיל,0,49.00,99.90,98.90,אבזרי סלולר ו חשמל ,יח',אבזרי סלולר ו חשמל ,
7290111749551,7290111749551,רמקול מעוצב BT 1100 שחור,רגיל,1,80.00,169.90,169.90,אבזרי סלולר ו חשמל ,יח',אבזרי סלולר ו חשמל ,
7290111749896,7290111749896,מטען pcd usb לקיר,רגיל,0,27.00,59.90,64.90,אבזרי סלולר ו חשמל ,יח',אבזרי סלולר ו חשמל ,
7290112005946,7290112005946,פיניש למדיח ריח מרענן40י,רגיל,13,28.90,41.90,42.90,מוצרי ניקיון ו טיפוח אישי,יח',מוצרי ניקיון ו טיפוח אישי,
7290112330330,7290112330330,דנונה פרו 20 ג,רגיל,0,4.34,9.90,9.90,מוצרי מקרר ,יח',מוצרי מקרר ,
7290112330352,7290112330352,דנונה פרו,רגיל,34,4.35,6.50,6.50,מוצרי מקרר ,יח',מוצרי מקרר ,
7290112330390,7290112330390,דנונה פרו 20 ג,רגיל,35,4.35,6.50,6.50,מוצרי מקרר ,יח',מוצרי מקרר ,
7290112330970,7290112330970,שייק חלבון פירות יער,רגיל,0,5.00,10.00,10.00,מוצרי מכולת ,יח',מוצרי מכולת ,
7290112330987,7290112330987,שייק חלבון אפרסק מנגו,רגיל,0,5.00,10.00,10.00,מוצרי מכולת ,יח',מוצרי מכולת ,
7290112331274,7290112331274,קוואקר OAT FLAKES,רגיל,0,17.66,29.90,29.90,מוצרי מכולת ,יח',מוצרי מכולת ,
7290112331946,7290112331946,רבע ל שבע -טורטית,רגיל,0,10.32,15.00,15.00,מוצרי מכולת ,יח',מוצרי מכולת ,
7290112331984,7290112331984,פרה קראנץ ביסקוויט,רגיל,46,6.20,9.90,10.90,חטיפים מתוקים ,יח',חטיפים מתוקים ,
7290112332653,7290112332653,עוגיות סנדויץ במילוי קרם חלב,רגיל,0,0.00,12.00,12.00,מוצרי מכולת ,יח',מוצרי מכולת ,
7290112332660,7290112332660,בראוניז טורטית לבנה,רגיל,0,12.83,0.00,0.00,מוצרי מכולת ,יח',מוצרי מכולת ,
7290112332691,7290112332691,פינוקיות פסק זמן,רגיל,0,10.06,15.90,16.90,חטיפים מתוקים ,יח',חטיפים מתוקים ,
7290112332707,7290112332707,רבע לשבע מילוי אגוזים,רגיל,0,0.00,21.00,21.00,מוצרי מכולת ,יח',מוצרי מכולת ,
7290112332721,7290112332721,מאנצ' אפיפיות 100 ג,רגיל,0,0.00,13.00,13.00,מוצרי מכולת ,יח',מוצרי מכולת ,
7290112332738,7290112332738,רבע לשבע ירוק 120 ג',רגיל,0,0.00,12.00,12.00,מוצרי מכולת ,יח',מוצרי מכולת ,
7290112332868,7290112332868,MUST גומי לעיסה בטעם מנטה לימון,רגיל,0,0.00,11.00,11.00,מוצרי מכולת ,יח',מוצרי מכולת ,
7290112332875,7290112332875,מאסט קוביות מנטה,רגיל,0,9.90,16.90,16.90,אבזרי סלולר ו חשמל ,יח',אבזרי סלולר ו חשמל ,
7290112334879,7290112334879,ופלים עלית 125 גרם - שוקולד,רגיל,0,0.00,6.00,6.00,מוצרי מכולת ,יח',מוצרי מכולת ,
7290112335043,7290112335043,מרשמלו בזוקה 130 גרם,רגיל,0,0.00,8.00,8.00,מוצרי מכולת ,יח',מוצרי מכולת ,
7290112335050,7290112335050,מרשמלו וניל,רגיל,0,0.00,8.00,8.00,מוצרי מכולת ,יח',מוצרי מכולת ,
7290112335487,7290112335487,פרכיות 3 דגנים,רגיל,0,0.00,0.00,0.00,מוצרי מכולת ,יח',מוצרי מכולת ,
7290112335494,7290112335494,פריכיות תפוחי אדמה,רגיל,0,10.60,15.90,15.90,מוצרי מכולת ,יח',מוצרי מכולת ,
7290112335500,7290112335500,פריכיות חומוס,רגיל,0,0.00,16.90,16.90,מוצרי מכולת ,יח',מוצרי מכולת ,
7290112335999,7290112335999,פריכות טעימות תירס,רגיל,0,11.12,13.90,13.90,מוצרי מכולת ,יח',מוצרי מכולת ,
7290112336613,7290112336613,עד חצות סנדוויץ,רגיל,0,10.00,15.90,16.90,חטיפים מתוקים ,יח',חטיפים מתוקים ,
7290112336637,7290112336637,סוכריות בטעם יוגורט תות ואוכמניות,רגיל,8,6.36,9.90,9.90,מוצרי מכולת ,יח',מוצרי מכולת ,
7290112336644,7290112336644,סוכריות מאסט לימון 80גרם,רגיל,12,6.36,9.90,10.90,חטיפים מתוקים ,יח',חטיפים מתוקים ,
7290112336651,7290112336651,סוכריות בטעם ריבת חלב ללא סוכר,רגיל,0,6.36,9.90,10.90,חטיפים מתוקים ,יח',חטיפים מתוקים ,
7290112336712,7290112336712,דנונה,רגיל,2,4.35,6.50,6.50,מוצרי מקרר ,יח',מוצרי מקרר ,
7290112337474,7290112337474,סוכריות בטעם פטל ללא סוכר,רגיל,7,6.36,9.90,10.90,חטיפים מתוקים ,יח',חטיפים מתוקים ,
7290112337481,7290112337481,סוכריות מאסט קפוצ'ינו 80ג,רגיל,9,7.00,9.90,9.90,חטיפים מתוקים ,יח',חטיפים מתוקים ,
7290112340122,7290112340122,פריכיות 3 דגנים,רגיל,0,10.60,15.90,15.90,מוצרי מכולת ,יח',מוצרי מכולת ,
7290112340221,7290112340221,גרעיני תירס מתוק,רגיל,0,0.00,7.00,7.00,מוצרי מכולת ,יח',מוצרי מכולת ,
7290112340245,7290112340245,צנצנת דובדבן לל""ס,רגיל,0,7.08,12.00,12.00,מוצרי מכולת ,יח',מוצרי מכולת ,
7290112340276,7290112340276,פינוקיות נמס,רגיל,0,10.06,15.90,16.90,חטיפים מתוקים ,יח',חטיפים מתוקים ,
7290112341006,7290112341006,מארז מילקי,רגיל,0,0.00,10.00,10.00,מוצרי מכולת ,יח',מוצרי מכולת ,
7290112341112,7290112341112,מוקה,רגיל,0,5.20,9.00,9.00,מוצרי מכולת ,יח',מוצרי מכולת ,
7290112341150,7290112341150,חטיף אנרגי אגוזים ושוקלד מריר,רגיל,0,0.00,14.00,14.00,מוצרי מכולת ,יח',מוצרי מכולת ,
7290112341167,7290112341167,חטיף דגנים שברי אגוז,רגיל,0,0.00,18.90,18.90,מוצרי מכולת ,יח',מוצרי מכולת ,
7290112341623,7290112341623,פרה קראנץ בלונדי,רגיל,0,0.00,7.00,7.00,מוצרי מכולת ,יח',מוצרי מכולת ,
7290112341921,7290112341921,MUST בטעם קולה,רגיל,0,0.00,11.00,11.00,מוצרי מכולת ,יח',מוצרי מכולת ,
7290112342379,7290112342379,MUST MOON גומי לעיסה בטעם מנטה עדינה,רגיל,0,0.00,11.00,11.00,מוצרי מכולת ,יח',מוצרי מכולת ,
7290112342386,7290112342386,מסטיק בטעם מנטה מתוקה,רגיל,0,0.00,11.90,11.90,מוצרי מכולת ,יח',מוצרי מכולת ,
7290112342393,7290112342393,מאסט קוביות תפוח,רגיל,0,6.67,11.00,11.00,מוצרי מכולת ,יח',מוצרי מכולת ,
7290112342515,7290112342515,דוריטוס קול ראנצ,רגיל,0,0.00,6.00,6.00,מוצרי מכולת ,יח',מוצרי מכולת ,
7290112342553,7290112342553,משקה חלב בלונד,רגיל,0,5.20,9.00,9.00,מוצרי מכולת ,יח',מוצרי מכולת ,
7290112342621,7290112342621,שוקו 350מ""ל,רגיל,0,5.20,8.00,8.00,מוצרי מכולת ,יח',מוצרי מכולת ,
7290112343413,729011234341,שוקו מריר 350,רגיל,0,0.00,8.00,8.00,מוצרי מכולת ,יח',מוצרי מכולת ,
7290112343420,7290112343420,יטבתה פרו ארוחה  דגנים בננה,רגיל,88,5.24,8.90,8.90,מוצרי מקרר ,יח',מוצרי מקרר ,
7290112343499,7290112343499,צ'יטוס BUFFS 55 גרם,רגיל,6,2.20,5.90,6.90,חטיפים מלוחים ,יח',חטיפים מלוחים ,
7290112343512,7290112343512,צ'יטוס PUFFES 160 גרם,רגיל,4,6.44,13.90,14.90,חטיפים מלוחים ,יח',חטיפים מלוחים ,
7290112343512,7290112343512,צ'יטוס PUFFES 160 גרם,רגיל,4,5.50,13.90,14.90,חטיפים מלוחים ,יח',חטיפים מלוחים ,
7290112343550,7290112343550,ציטוס גבינה 65 גרם,רגיל,0,2.59,5.90,5.90,חטיפים מלוחים ,יח',חטיפים מלוחים ,
7290112343574,7290112343574,דוריטוס אקסטרים קריי,רגיל,0,0.00,10.00,10.00,מוצרי מכולת ,יח',מוצרי מכולת ,
7290112344786,7290112344786,קפה פלטינום קלאסיק200 גרם,רגיל,0,28.50,35.00,35.00,מוצרי מכולת ,יח',מוצרי מכולת ,
7290112344823,7290112344823,מילקה קצפת אגוז ,רגיל,0,2.39,4.90,4.90,מוצרי מקרר ,יח',מוצרי מקרר ,
7290112344861,7290112344861,מילקי בטעם קפו 1,רגיל,-31,2.39,5.90,5.90,מוצרי מקרר ,יח',מוצרי מקרר ,
7290112345332,7290112345332,קראנץ שמרים שוקולד,רגיל,0,0.00,22.00,22.00,מוצרי מכולת ,יח',מוצרי מכולת ,
7290112345349,7290112345349,עוגת שמרים פסק,רגיל,0,12.83,0.00,0.00,מוצרי מכולת ,יח',מוצרי מכולת ,
7290112345356,7290112345356,מסטיק לימון נוסטלגיה,רגיל,0,4.30,7.00,7.00,מוצרי מכולת ,יח',מוצרי מכולת ,
7290112345363,7290112345363,מסטיק אוכמניות נוסטל,רגיל,0,4.30,7.00,7.00,מוצרי מכולת ,יח',מוצרי מכולת ,
7290112345574,7290112345574,דוריטוס קרייזי גריל,רגיל,0,0.00,10.00,10.00,מוצרי מכולת ,יח',מוצרי מכולת ,
7290112345929,7290112345929,poppables 180 גרם,רגיל,0,0.00,12.90,12.90,מוצרי מכולת ,יח',מוצרי מכולת ,
7290112346087,7290112346087,צ׳יטוס קראנץ׳ שמנת בצל 80,רגיל,77,3.00,5.90,6.90,חטיפים מלוחים ,יח',חטיפים מלוחים ,
7290112346537,7290112346537,פינוקיות טורטית,רגיל,1,10.06,15.90,16.90,חטיפים מתוקים ,יח',חטיפים מתוקים ,
7290112346681,7290112346681,דנונה לשתייה פ,רגיל,0,3.53,9.00,9.00,מוצרי מכולת ,יח',מוצרי מכולת ,
7290112347374,7290112347374,מילקי קיק פסק זמן,רגיל,0,2.34,4.00,4.00,מוצרי מכולת ,יח',מוצרי מכולת ,
7290112347626,7290112347626,כיף כף נשנושים,רגיל,0,3.58,7.00,7.00,מוצרי מכולת ,יח',מוצרי מכולת ,
7290112347725,7290112347725,משקה קפה קר בחליטה קרה וקצת מתיקות,רגיל,0,0.00,9.00,9.00,מוצרי מכולת ,יח',מוצרי מכולת ,
7290112348029,7290112348029,חומוס,רגיל,0,6.43,9.00,9.00,מוצרי מכולת ,יח',מוצרי מכולת ,
7290112348043,7290112348043,סלט חציל במיונז,רגיל,0,7.72,13.00,13.00,מוצרי מכולת ,יח',מוצרי מכולת ,
7290112348241,7290112348241,פסק זמן פיטסרי עם קר,רגיל,0,3.41,6.40,6.40,מוצרי מקרר ,יח',מוצרי מקרר ,
7290112348548,7290112348548,שוקולד פרה לבן 100 גרם,רגיל,36,6.70,12.90,13.90,חטיפים מתוקים ,יח',חטיפים מתוקים ,
7290112348708,7290112348708,מילקי קייק,רגיל,0,0.00,4.00,4.00,מוצרי מכולת ,יח',מוצרי מכולת ,
7290112348999,290112348999,פריכיות תירס 135 גרם,רגיל,0,8.90,15.00,15.00,מוצרי מכולת ,יח',מוצרי מכולת ,
7290112349125,7290112349125,לבבות שוקולד,רגיל,0,8.00,14.00,14.00,מוצרי מכולת ,יח',מוצרי מכולת ,
7290112349231,7290112349231,שוקולד לבן לבבות,רגיל,0,0.00,14.00,14.00,מוצרי מכולת ,יח',מוצרי מכולת ,
7290112349255,7290112349255,טורטית נשנושים,רגיל,0,3.58,7.00,7.00,מוצרי מכולת ,יח',מוצרי מכולת ,
7290112349262,7290112349262,פסק זמן נשנושים,רגיל,0,3.58,7.00,7.00,מוצרי מכולת ,יח',מוצרי מכולת ,
7290112349316,7290112349316,בזוקה ביג פופיס,רגיל,0,9.90,17.00,17.00,מוצרי מכולת ,יח',מוצרי מכולת ,
7290112349491,7290112349491,מארז טורקי וכדורגל,רגיל,0,29.50,47.00,47.00,מוצרי מכולת ,יח',מוצרי מכולת ,
7290112349651,7290112349651,שוקולד פרה מיקס עוגי,רגיל,0,4.49,7.50,7.50,מוצרי מכולת ,יח',מוצרי מכולת ,
7290112349668,7290112349668,ספלנדיד 90 %,רגיל,0,7.71,0.00,0.00,מוצרי מכולת ,יח',מוצרי מכולת ,
7290112349736,7290112349736,בזיליקום,רגיל,20.000,7.00,25.00,25.00,מוצרי מכולת ,ק"ג,מוצרי מכולת ,
7290112350060,7290112350060,משקה חלה מרשמלו,רגיל,0,4.45,6.62,6.62,מוצרי מכולת ,יח',מוצרי מכולת ,
7290112350077,7290112350077,שוקו בננה,רגיל,0,5.20,8.00,8.00,מוצרי מכולת ,יח',מוצרי מכולת ,
7290112350091,7290112350091,משקה חלב בזוקה,רגיל,0,0.00,8.00,8.00,מוצרי מכולת ,יח',מוצרי מכולת ,
7290112350275,7290112350275,קפסולות LUNGO למכונו,רגיל,0,14.65,20.00,20.00,מוצרי מכולת ,יח',מוצרי מכולת ,
7290112350312,7290112350312,קפסולות 15 למוכות N,רגיל,2,15.38,22.90,22.90,מוצרי בית,יח',מוצרי בית,
7290112350350,7290112350350,פסק זמן,רגיל,0,0.00,6.50,6.50,מוצרי מכולת ,יח',מוצרי מכולת ,
7290112351104,7290112351104,שוקולד פרה פיצפוצים,רגיל,0,6.37,9.90,9.90,חטיפים מתוקים ,יח',חטיפים מתוקים ,
7290112351128,7290112351128,שוקולד פרה עם סוכריות,רגיל,38,5.40,9.90,10.90,חטיפים מתוקים ,יח',חטיפים מתוקים ,
7290112351128,7290112351128,שוקולד פרה עם סוכריות,רגיל,38,6.70,9.90,10.90,חטיפים מתוקים ,יח',חטיפים מתוקים ,
7290112351197,7290112351197,שוקולד פרה מיקס עוגי,רגיל,0,4.49,7.50,7.50,מוצרי מכולת ,יח',מוצרי מכולת ,
7290112351210,7290112351210,שוקולד פרה מיקס גליל,רגיל,0,4.49,7.50,7.50,מוצרי מכולת ,יח',מוצרי מכולת ,
7290112351241,7290112351241,פינוקיות שוקו תות,רגיל,0,0.00,14.00,14.00,מוצרי מכולת ,יח',מוצרי מכולת ,
7290112351258,7290112351258,פינוקיות,רגיל,0,7.95,16.00,16.00,מוצרי מכולת ,יח',מוצרי מכולת ,
7290112351609,7290112351609,מגוון שוקולד מובחרים 28 יח,רגיל,0,32.90,32.90,32.90,מוצרי מכולת ,יח',מוצרי מכולת ,
7290112351623,7290112351623,קראנץ בלונדי,רגיל,0,4.32,8.00,8.00,מוצרי מכולת ,יח',מוצרי מכולת ,
7290112351661,7290112351661,מאנצ' קוביות שוקולד מריר,רגיל,0,0.00,13.90,13.90,מוצרי מכולת ,יח',מוצרי מכולת ,
7290112351715,7290112351715,פסק זמן בראוניז,רגיל,0,3.20,6.50,6.50,מוצרי מכולת ,יח',מוצרי מכולת ,
7290112351722,7290112351722,נשיקולדה אגוזים,רגיל,0,5.08,9.00,9.00,מוצרי מכולת ,יח',מוצרי מכולת ,
7290112351746,7290112351746,קראנץ נשיקולדה לבן,רגיל,0,5.08,9.00,9.00,מוצרי מכולת ,יח',מוצרי מכולת ,
7290112351760,7290112351760,פרלינים משובחים במילוי מפנק,רגיל,0,0.00,34.00,34.00,מוצרי מכולת ,יח',מוצרי מכולת ,
7290112351777,7290112351777,אצבעות וורוד עלית,רגיל,0,0.00,9.00,9.00,מוצרי מכולת ,יח',מוצרי מכולת ,
7290112352057,7290112352057,פינוקי שוקולד חלב מעולה 34 יח,רגיל,0,19.41,29.90,29.90,מוצרי מכולת ,יח',מוצרי מכולת ,
7290112352088,7290112352088,פריכיות משולשים תירס,רגיל,0,0.00,0.00,0.00,מוצרי מכולת ,יח',מוצרי מכולת ,
7290112352101,7290112352101,פריכיות משולשות קארי,רגיל,0,0.00,6.00,6.00,מוצרי מכולת ,יח',מוצרי מכולת ,
7290112352248,7290112352248,בפלות אחת אחת 90 גרם,רגיל,0,0.00,10.00,10.00,מוצרי מכולת ,יח',מוצרי מכולת ,
7290112352361,7290112352361,SOOM חטיף שומשום שחור לבן,רגיל,0,0.00,4.50,4.50,מוצרי מכולת ,יח',מוצרי מכולת ,
7290112352378,7290112352378,SOOM שומשום בטעם קרמל מלוח,רגיל,0,0.00,4.50,4.50,מוצרי מכולת ,יח',מוצרי מכולת ,
7290112352460,7290112352460,פריכיות טופי קרמל,רגיל,0,5.84,9.90,9.90,מוצרי מכולת ,יח',מוצרי מכולת ,
7290112352477,7290112352477,פריכיות בטעם נוגט,רגיל,0,0.00,9.90,9.90,מוצרי מכולת ,יח',מוצרי מכולת ,
7290112352613,7290112352613,רבע לשבע בלונדי,רגיל,0,0.00,14.00,14.00,מוצרי מכולת ,יח',מוצרי מכולת ,
7290112353214,7290112353214,שלישיית פסק זמן,רגיל,0,0.00,0.00,0.00,מוצרי מכולת ,יח',מוצרי מכולת ,
7290112353238,7290112353238,שלישיית פסק זמן פור,רגיל,0,0.00,0.00,0.00,מוצרי מכולת ,יח',מוצרי מכולת ,
7290112353399,7290112353399,חטיף שוקולד במילוי נוגט,רגיל,0,6.00,6.00,6.00,מוצרי מכולת ,יח',מוצרי מכולת ,
7290112353412,7290112353412,פריכיות מושלשות תפוח אדמה תירס,רגיל,0,0.00,6.90,6.90,מוצרי מכולת ,יח',מוצרי מכולת ,
7290112353542,7290112353542,סלט מטבוחה,רגיל,0,9.03,13.00,13.00,מוצרי מכולת ,יח',מוצרי מכולת ,
7290112353559,7290112353559,סלט חציל,רגיל,0,9.03,13.00,13.00,מוצרי מכולת ,יח',מוצרי מכולת ,
7290112353566,7290112353566,טחינה,רגיל,0,9.03,13.00,13.00,מוצרי מכולת ,יח',מוצרי מכולת ,
7290112353887,7290112353887,משקה קפה קר אגוזי לוז,רגיל,0,6.02,9.00,9.00,מוצרי מכולת ,יח',מוצרי מכולת ,
7290112353894,7290112353894,ICE קפה שוקולד,רגיל,0,5.39,10.00,10.00,מוצרי מכולת ,יח',מוצרי מכולת ,
7290112354075,7290112354075,סלט תפוח אדמה,רגיל,0,0.00,8.00,8.00,מוצרי מכולת ,יח',מוצרי מכולת ,
7290112354891,7290112354891,אייס קפה חזק ביותר,רגיל,0,0.00,9.00,9.00,מוצרי מכולת ,יח',מוצרי מכולת ,
7290112354952,7290112354952,תפוציפס וואבי קטן פפריקה,רגיל,0,2.78,5.90,5.90,חטיפים מלוחים ,יח',חטיפים מלוחים ,
7290112355027,7290112355027,דנונה פרו קרמל מלוח,רגיל,0,4.35,10.90,10.90,מוצרי מקרר ,יח',מוצרי מקרר ,
7290112355867,7290112355867,מילקה קצפת טופ פיצפוץ,רגיל,-18,3.34,5.90,5.90,חטיפים מתוקים ,יח',חטיפים מתוקים ,
7290112356116,7290112356116,סוכריות פרש,רגיל,0,2.30,4.00,4.00,מוצרי מכולת ,יח',מוצרי מכולת ,
7290112356130,7290112356130,שוקו מוקפלת,רגיל,0,5.20,8.00,8.00,מוצרי מכולת ,יח',מוצרי מכולת ,
7290112357045,7290112357045,עגבניות איטלקיות מרוסקיות,רגיל,0,0.00,7.00,7.00,מוצרי מכולת ,יח',מוצרי מכולת ,
7290112357113,7290112357113,גרגרי חומוס,רגיל,0,0.00,7.00,7.00,מוצרי מכולת ,יח',מוצרי מכולת ,
7290112357175,7290112357175,קפסולות קפה אספרסו קלוי טחון BOOST,רגיל,0,11.91,19.90,19.90,מוצרי מכולת ,יח',מוצרי מכולת ,
7290112357618,7290112357618,MUST קוביות בטעם פירות ערופיים,רגיל,0,5.00,11.00,11.00,מוצרי מכולת ,יח',מוצרי מכולת ,
7290112358158,7290112358158,קפה אייס בטעם קרם קוקוס,רגיל,0,0.00,20.00,20.00,מוצרי מכולת ,יח',מוצרי מכולת ,
7290112358219,7290112358219,רוטב צ'ילי מתוק 300,רגיל,0,0.00,15.00,15.00,מוצרי מכולת ,יח',מוצרי מכולת ,
7290112358240,7290112358240,רוטב גריל יד מרדכי,רגיל,0,0.00,16.00,16.00,מוצרי מכולת ,יח',מוצרי מכולת ,
7290112358554,7290112358554,מארז נמס לדרך,רגיל,0,8.50,14.90,14.90,מוצרי מכולת ,יח',מוצרי מכולת ,
7290112358578,7290112358578,דוריטוס ספייסי נאצ'ו,רגיל,0,0.00,9.90,9.90,מוצרי מכולת ,יח',מוצרי מכולת ,
7290112358592,7290112358592,דוריטוס קרייזי גריל,רגיל,0,0.00,9.90,9.90,מוצרי מכולת ,יח',מוצרי מכולת ,
7290112358752,7290112358752,משקה קפה קר בחליטה קרה עם חלב,רגיל,0,0.00,9.00,9.00,מוצרי מכולת ,יח',מוצרי מכולת ,
7290112358844,290112358844,שוקולד פרה אגוזים,רגיל,0,5.80,9.80,9.80,חטיפים מתוקים ,יח',חטיפים מתוקים ,
7290112359667,7290112359667,דוריטוס בטעם ווסאבי,רגיל,0,0.00,10.90,10.90,מוצרי מכולת ,יח',מוצרי מכולת ,
7290112359728,7290112359728,דוריטוס חריף,רגיל,0,0.00,6.00,6.00,מוצרי מכולת ,יח',מוצרי מכולת ,
7290112359735,7290112359735,דוריטוס בטעם לימון,רגיל,0,0.00,6.90,6.90,מוצרי מכולת ,יח',מוצרי מכולת ,
7290112490032,7290112490032,נמס בכוס תירס2*22.5 קנור,רגיל,37,5.05,9.00,9.00,מוצרי מכולת ,יח',מוצרי מכולת ,
7290112490209,7290112490209,מרק קנור-עגבניות,רגיל,4,4.44,8.90,8.90,מוצרי בית,יח',מוצרי בית,
7290112490216,7290112490216,נמס בכוס מרק עוף 2*24ג,רגיל,39,4.44,9.00,9.00,מוצרי מכולת ,יח',מוצרי מכולת ,
7290112490230,7290112490230,מרק קנור-אפונה,רגיל,43,4.44,9.00,9.00,מוצרי מכולת ,יח',מוצרי מכולת ,
7290112492449,7290112492449,פינוק שמפו שיער רגיל700מ,רגיל,10,7.93,13.90,14.90,מוצרי ניקיון ו טיפוח אישי,יח',מוצרי ניקיון ו טיפוח אישי,
7290112492456,7290112492456,פינוק שמפו יבש/פגום 700,רגיל,-1,8.90,13.90,14.90,מוצרי ניקיון ו טיפוח אישי,יח',מוצרי ניקיון ו טיפוח אישי,
7290112492463,7290112492463,שמפו ומרכך פינוק,רגיל,0,0.00,15.00,15.00,מוצרי מכולת ,יח',מוצרי מכולת ,
7290112492531,7290112492531,פינוק מרכך רגיל 700 מ״ל,רגיל,17,7.93,13.90,14.90,מוצרי ניקיון ו טיפוח אישי,יח',מוצרי ניקיון ו טיפוח אישי,
7290112492548,7290112492548,פינוק מרכך יבש/פגום 700מ,רגיל,8,8.90,13.90,14.90,מוצרי ניקיון ו טיפוח אישי,יח',מוצרי ניקיון ו טיפוח אישי,
7290112492630,7290112492630,שמפו פינוק לגבר 3 ב 1,רגיל,12,8.20,13.90,14.90,מוצרי ניקיון ו טיפוח אישי,יח',מוצרי ניקיון ו טיפוח אישי,
7290112492678,7290112492678,שמפו לשיער רגיל 100מ''ל,רגיל,0,3.66,5.90,5.90,מוצרי מכולת ,יח',מוצרי מכולת ,
7290112492692,7290112492692,תחליב רחיצה קלאסי100מ''ל,רגיל,0,3.66,5.90,5.90,מוצרי מכולת ,יח',מוצרי מכולת ,
7290112492982,7290112492982,מרק פטריות קנור 400 גרם,רגיל,6,17.90,27.00,27.00,מוצרי מכולת ,יח',מוצרי מכולת ,
7290112493033,7290112493033,מרק ירקות עם המון אטריות 35 ג,רגיל,0,0.00,5.00,5.00,מוצרי מכולת ,יח',מוצרי מכולת ,
7290112493903,7290112493903,ננסים -גלידה,רגיל,4,6.54,12.90,12.90,מוצרי מכולת ,יח',מוצרי מכולת ,
7290112493927,7290112493927,קרמיסימו ריבת חלב ,רגיל,0,21.46,31.90,31.90,גלידות ,יח',גלידות ,
7290112493965,7290112493965,קרמיסימו מסטיק,רגיל,0,21.46,31.90,31.90,גלידות ,יח',גלידות ,
7290112494214,7290112494214,"קליק לבן -65 גר,",רגיל,0,6.59,9.90,10.90,חטיפים מתוקים ,יח',חטיפים מתוקים ,
7290112494221,7290112494221,קליק בסקוויט 65 גרם,רגיל,30,4.87,9.90,10.90,חטיפים מתוקים ,יח',חטיפים מתוקים ,
7290112494238,7290112494238,קליק כדורים חלב 65 גרם,רגיל,-16,5.50,9.90,10.90,חטיפים מתוקים ,יח',חטיפים מתוקים ,
7290112494276,7290112494276,קליק כריות,רגיל,0,4.70,9.90,9.90,חטיפים מתוקים ,יח',חטיפים מתוקים ,
7290112494283,7290112494283,קליק חום לבן 65 גרם,רגיל,3,4.87,9.90,10.90,חטיפים מתוקים ,יח',חטיפים מתוקים ,
7290112494290,7290112494290,"קליק עוגי -65 גר,",רגיל,-27,7.97,9.90,10.90,חטיפים מתוקים ,יח',חטיפים מתוקים ,
7290112494313,7290112494313,קליק קורנפלקס 65 גרם,רגיל,19,4.87,9.90,10.90,חטיפים מתוקים ,יח',חטיפים מתוקים ,
7290112494351,7290112494351,קורנפלקס אלופים,רגיל,3,17.20,24.90,24.90,מוצרי בית,יח',מוצרי בית,
7290112494771,7290112494771,קליק מיני,רגיל,0,0.92,2.90,2.90,חטיפים מתוקים ,יח',חטיפים מתוקים ,
7290112495006,7290112495006,דליפקאן,רגיל,0,17.25,25.00,25.00,מוצרי מכולת ,יח',מוצרי מכולת ,
7290112495112,7290112495112,נישנושים זעתר 260 ג,רגיל,0,8.20,14.90,14.90,מוצרי בית,יח',מוצרי בית,
7290112495143,7290112495143,נ. קרקר ק. מלח 300 ג,רגיל,0,8.50,14.90,15.90,מוצרי בית,יח',מוצרי בית,
7290112495150,7290112495150,נ. קרקר עגול מלח 300 ג,רגיל,0,8.50,14.90,14.90,מוצרי בית,יח',מוצרי בית,
7290112495273,7290112495273,קליק דאבל,רגיל,0,0.00,7.00,7.00,מוצרי מכולת ,יח',מוצרי מכולת ,
7290112495433,7290112495433,כריות נוגט,רגיל,0,19.40,27.90,27.90,מוצרי בית,יח',מוצרי בית,
7290112495679,7290112495679,נשנושים מתוקים,רגיל,0,0.00,5.90,5.90,מוצרי מכולת ,יח',מוצרי מכולת ,
7290112495761,7290112495761,אלף האיים לייט הלמנס305ג,רגיל,0,8.70,13.90,13.90,מוצרי מכולת ,יח',מוצרי מכולת ,
7290112495792,7290112495792,רוטב שום לייט הלמנס 300ג,רגיל,0,8.70,16.00,16.00,מוצרי מכולת ,יח',מוצרי מכולת ,
7290112496270,7290112496270,פתית ציפס תפוחי,רגיל,0,2.95,4.90,4.90,מוצרי מכולת ,יח',מוצרי מכולת ,
7290112496287,7290112496287,פתית ציפס בטטה,רגיל,0,2.95,4.90,4.90,מוצרי מכולת ,יח',מוצרי מכולת ,
7290112496294,7290112496294,פתית ציפס אפונה,רגיל,0,2.95,4.90,4.90,מוצרי מכולת ,יח',מוצרי מכולת ,
7290112496430,7290112496430,מרק קנור - עגבניות,רגיל,0,2.45,5.00,5.00,מוצרי מכולת ,יח',מוצרי מכולת ,
7290112496447,7290112496447,מרק קנור-עוף,רגיל,-1,2.51,5.00,5.00,מוצרי מכולת ,יח',מוצרי מכולת ,
7290112496461,7290112496461,נמס קנור -מרק ירקות,רגיל,0,2.45,5.00,5.00,מוצרי מכולת ,יח',מוצרי מכולת ,
7290112496584,7290112496584,קליק כריות בלאק לבן,רגיל,0,3.72,7.00,7.00,מוצרי מכולת ,יח',מוצרי מכולת ,
7290112496591,7290112496591,קליק כריות בלאק חלב,רגיל,0,3.72,7.00,7.00,מוצרי מכולת ,יח',מוצרי מכולת ,
7290112497123,7290112497123,תערובת לסחלב קנור 2*56ג,רגיל,1,9.90,18.00,18.00,מוצרי מכולת ,יח',מוצרי מכולת ,
7290112497512,7290112497512,ג'ל לניקוי,רגיל,0,0.00,11.00,11.00,מוצרי מכולת ,יח',מוצרי מכולת ,
7290112497529,7290112497529,גל לניקוי ידיים,רגיל,0,0.00,11.00,11.00,מוצרי מכולת ,יח',מוצרי מכולת ,
7290112497901,7290112497901,קליק קרם חלב,רגיל,0,0.00,6.00,6.00,מוצרי מכולת ,יח',מוצרי מכולת ,
7290112497918,7290112497918,קליק סגול,רגיל,0,0.00,5.00,5.00,מוצרי מכולת ,יח',מוצרי מכולת ,
7290112497932,7290112497932,נשנושי שמנת,רגיל,0,2.84,6.00,6.00,מוצרי מכולת ,יח',מוצרי מכולת ,
7290112498250,7290112498250,קורנפלקס אלופים,רגיל,0,11.70,18.00,18.00,מוצרי מכולת ,יח',מוצרי מכולת ,
7290112498533,7290112498533,פתית ציפס צהוב,רגיל,0,0.00,4.90,4.90,מוצרי מכולת ,יח',מוצרי מכולת ,
7290112498779,7290112498779,LOL בטעם ענבים,רגיל,0,5.20,8.00,8.00,מוצרי מכולת ,יח',מוצרי מכולת ,
7290112498823,7290112498823,מיקס עגול,רגיל,0,4.90,8.00,8.00,מוצרי מכולת ,יח',מוצרי מכולת ,
7290112498878,7290112498878,פסק זמן בטעם ריבת חלב,רגיל,0,4.60,8.00,8.00,מוצרי מכולת ,יח',מוצרי מכולת ,
7290112498915,7290112498915,מאגדת מיני מג,רגיל,0,23.38,34.90,34.90,גלידות ,יח',גלידות ,
7290112498939,7290112498939,בומבה גלידה,רגיל,0,6.32,13.00,13.00,מוצרי מכולת ,יח',מוצרי מכולת ,
7290112499042,7290112499042,מגנום פיסטויק,רגיל,38,8.67,13.90,13.90,גלידות ,יח',גלידות ,
7290112499233,7290112499233,מגנום אגוז לוז,רגיל,0,8.13,14.90,14.90,גלידות ,יח',גלידות ,
7290112499257,7290112499257,שטראוס שוקובו,רגיל,1,6.85,12.90,12.90,גלידות ,יח',גלידות ,
7290112499288,7290112499288,קסטה חד קרן,רגיל,0,5.03,5.89,5.89,מוצרי מכולת ,יח',מוצרי מכולת ,
7290112499332,7290112499332,סולרו קרטיב,רגיל,0,3.80,9.00,9.00,גלידות ,יח',גלידות ,
7290112499639,7290112499639,טילון מגנום,רגיל,1,8.68,13.90,13.90,גלידות ,יח',גלידות ,
7290112499646,7290112499646,קורנטו סופר,רגיל,0,8.09,14.00,14.00,מוצרי מכולת ,יח',מוצרי מכולת ,
7290112499677,7290112499677,מגנום לבן,רגיל,0,8.66,13.90,13.90,גלידות ,יח',גלידות ,
7290112499707,7290112499707,חטיף סולרו,רגיל,0,7.52,12.00,12.00,גלידות ,יח',גלידות ,
7290112499738,7290112499738,מקס מלון יחיד,רגיל,0,3.75,12.00,12.00,מוצרי מכולת ,יח',מוצרי מכולת ,
7290112499813,7290112499813,שטראוס קרטיב אבטיח ,רגיל,0,1.98,3.90,3.90,גלידות ,יח',גלידות ,
7290112499820,7290112499820,פסק זמן לבן,רגיל,0,7.52,12.00,12.00,מוצרי מכולת ,יח',מוצרי מכולת ,
7290112499837,7290112499837,מגנום במגוון,רגיל,32,8.67,13.90,13.90,מוצרי מכולת ,יח',מוצרי מכולת ,
7290112499929,7290112499929,מגנום ציפוי שוקלד,רגיל,45,8.67,13.90,13.90,גלידות ,יח',גלידות ,
7290112499936,7290112499936,מגנום שקדים מובחרים,רגיל,14,8.67,13.90,13.90,גלידות ,יח',גלידות ,
7290112499943,7290112499943,מגנום מיני קל,רגיל,11,24.57,34.90,34.90,גלידות ,יח',גלידות ,
7290112499981,7290112499981,פסק זמן נוגט 74 גרם,רגיל,0,0.00,12.00,12.00,מוצרי מכולת ,יח',מוצרי מכולת ,
7290112526403,7290112526403,זרוע EZRA לרכב,רגיל,0,0.00,40.00,40.00,מוצרי מכולת ,יח',מוצרי מכולת ,
7290112633187,7290112633187,קול בר גו קטן,רגיל,0,0.00,160.00,160.00,מוצרי מכולת ,יח',מוצרי מכולת ,
7290112700476,7290112700476,נר גדול לבן כחול שמיים,רגיל,0,4.89,8.00,8.00,מוצרי מכולת ,יח',מוצרי מכולת ,
7290112703187,7290112703187,נרות אותיות HB כסף,רגיל,8,5.90,9.90,9.90,מוצרי יום הולדת ו מתנות ,יח',מוצרי יום הולדת ו מתנות ,
7290112703194,7290112703194,נרות אותיות HB זהב,רגיל,10,5.90,9.90,9.90,מוצרי יום הולדת ו מתנות ,יח',מוצרי יום הולדת ו מתנות ,
7290112703408,7290112703408,נר מספר כסף חלק 0,רגיל,6,3.18,5.90,5.90,מוצרי יום הולדת ו מתנות ,יח',מוצרי יום הולדת ו מתנות ,
7290112703415,7290112703415,נר מספר כסף חלק 1,רגיל,3,3.18,5.90,5.90,מוצרי יום הולדת ו מתנות ,יח',מוצרי יום הולדת ו מתנות ,
7290112703422,7290112703422,נר מספר כסף חלק 2,רגיל,4,3.18,5.90,5.90,מוצרי יום הולדת ו מתנות ,יח',מוצרי יום הולדת ו מתנות ,
7290112703439,7290112703439,נר מספר כסף חלק 3,רגיל,6,3.18,5.90,5.90,מוצרי יום הולדת ו מתנות ,יח',מוצרי יום הולדת ו מתנות ,
7290112703446,7290112703446,נר מספר כסף חלק 4,רגיל,11,3.18,5.90,5.90,מוצרי יום הולדת ו מתנות ,יח',מוצרי יום הולדת ו מתנות ,
7290112703453,7290112703453,נר מספר כסף חלק 5,רגיל,9,3.18,5.90,5.90,מוצרי יום הולדת ו מתנות ,יח',מוצרי יום הולדת ו מתנות ,
7290112703460,7290112703460,נר מספר כסף חלק 6,רגיל,10,3.18,5.90,5.90,מוצרי יום הולדת ו מתנות ,יח',מוצרי יום הולדת ו מתנות ,
7290112703477,7290112703477,נר מספר כסף חלק 7,רגיל,12,3.18,5.90,5.90,מוצרי יום הולדת ו מתנות ,יח',מוצרי יום הולדת ו מתנות ,
7290112703484,7290112703484,נר מספר כסף חלק 8,רגיל,9,3.18,5.90,5.90,מוצרי יום הולדת ו מתנות ,יח',מוצרי יום הולדת ו מתנות ,
7290112703491,7290112703491,נר מספר כסף חלק 9,רגיל,7,3.18,5.90,5.90,מוצרי יום הולדת ו מתנות ,יח',מוצרי יום הולדת ו מתנות ,
7290112704030,7290112704030,שלישיית ביצי שוקולד (חלב נוכרי)-הלו קיטי,רגיל,2,12.62,19.90,19.90,מוצרי יום הולדת ו מתנות ,יח',מוצרי יום הולדת ו מתנות ,
7290112706386,7290112706386,לב חלול -רוז גולד,רגיל,0,8.90,15.00,15.00,מוצרי מכולת ,יח',מוצרי מכולת ,
7290112707482,7290112707482,זיקוק 15סמ 5גר - 6יח כסוף,רגיל,3,12.90,20.90,20.90,מוצרי יום הולדת ו מתנות ,יח',מוצרי יום הולדת ו מתנות ,
7290112707512,7290112707512,זיקוק 7 סמ,רגיל,5,5.90,10.00,10.00,מוצרי מכולת ,יח',מוצרי מכולת ,
7290112708212,7290112708212,סרט קשירה,רגיל,0,8.38,15.90,15.90,מוצרי יום הולדת ו מתנות ,יח',מוצרי יום הולדת ו מתנות ,
7290112720948,7290112720948,זרוע ווואן טאצ' EXON,רגיל,0,0.00,60.00,60.00,מוצרי מכולת ,יח',מוצרי מכולת ,
7290112913487,7290112913487,מקס ברנר 1/24 חטיף חלבון,רגיל,22,13.99,20.90,21.90,חטיפים מתוקים ,יח',חטיפים מתוקים ,
7290112914811,7290112914811,מקס ברנר 1/24 חטיף חלבון,רגיל,7,13.99,20.90,21.90,חטיפים מתוקים ,יח',חטיפים מתוקים ,
7290112914958,7290112914958,מקס ברנר 1/24 חטיף חלבון,רגיל,25,13.99,20.90,20.90,חטיפים מתוקים ,יח',חטיפים מתוקים ,
7290112960856,7290112960856,אקסטרים ריבת חלב,רגיל,9,7.99,12.90,12.90,מוצרי מכולת ,יח',מוצרי מכולת ,
7290112961266,7290112961266,בייגלה כפיות פיזור איטלקי 12*300גרם,רגיל,0,7.50,17.90,17.90,חטיפים מלוחים ,יח',חטיפים מלוחים ,
7290112961327,7290112961327,בייגלה כפיות פיזור כפרי 300 גרם,רגיל,0,7.50,17.90,17.90,חטיפים מלוחים ,יח',חטיפים מלוחים ,
7290112961372,7290112961372,פריכיות דקות קינמון,רגיל,14,7.33,10.90,10.90,חטיפים מלוחים ,יח',חטיפים מלוחים ,
7290112961464,7290112961464,פריכיות דקות מתובלות,רגיל,0,0.00,10.90,10.90,מוצרי מכולת ,יח',מוצרי מכולת ,
7290112961600,7290112961600,ביסלי וחברים מיקס,רגיל,0,0.00,10.00,10.00,מוצרי מכולת ,יח',מוצרי מכולת ,
7290112962003,7290112962003,קראנצ וניל עוגיות,רגיל,5,7.96,13.00,13.00,מוצרי מכולת ,יח',מוצרי מכולת ,
7290112962522,7290112962522,ביסלי שום בצל,רגיל,0,0.00,6.00,6.00,מוצרי מכולת ,יח',מוצרי מכולת ,
7290112962584,7290112962584,ביסלי שווארמה,רגיל,0,3.45,7.00,7.00,מוצרי מכולת ,יח',מוצרי מכולת ,
7290112962751,7290112962751,אוראו אימפלס,רגיל,0,7.89,13.00,13.00,מוצרי מכולת ,יח',מוצרי מכולת ,
7290112962942,7290112962942,בונזור בורקס תפו""ח אדמה גדול,רגיל,0,0.00,0.00,0.00,מוצרי מכולת ,יח',מוצרי מכולת ,
7290112963307,7290112963307,ביס לבנה אפוי קפוא (140יח,רגיל,1,144.48,189.43,189.43,מוצרי שימוש מטבח -חנות ,יח',מוצרי שימוש מטבח -חנות ,
7290112963543,7290112963543,קוראסון שוקולד חלבי 55*106,רגיל,0,3.76,0.00,0.00,מוצרי מכולת ,יח',מוצרי מכולת ,
7290112963697,7290112963697,עוגיות שוקולד צ'יפס,רגיל,0,0.00,0.00,0.00,מוצרי מכולת ,יח',מוצרי מכולת ,
7290112963802,7290112963802,קוראסון שקדים 45*113,רגיל,0,0.00,0.00,0.00,מוצרי מכולת ,יח',מוצרי מכולת ,
7290112963895,7290112963895,קרקר דק כפרי,רגיל,0,0.00,14.90,14.90,מוצרי מכולת ,יח',מוצרי מכולת ,
7290112964175,7290112964175,אפרופו פופקורן,רגיל,0,0.00,9.90,9.90,מוצרי מכולת ,יח',מוצרי מכולת ,
7290112964373,7290112964373,אפרופו גבינה,רגיל,0,0.00,6.00,6.00,מוצרי מכולת ,יח',מוצרי מכולת ,
7290112964410,7290112964410,אלף האיים רוטב,רגיל,0,8.90,13.90,13.90,מוצרי בית,יח',מוצרי בית,
7290112964434,7290112964434,רוטב קיסר לסלט 295 גרם ,רגיל,0,8.90,13.90,14.90,מוצרי בית,יח',מוצרי בית,
7290112964458,7290112964458,רוטב לסלט וינגריט,רגיל,8,9.68,13.90,14.90,מוצרי בית,יח',מוצרי בית,
7290112964472,7290112964472,רוטב שום,רגיל,0,0.00,7.00,7.00,מוצרי מכולת ,יח',מוצרי מכולת ,
7290112965165,7290112965165,מרק נמס פטריות,רגיל,0,4.61,8.90,8.90,חטיפים מלוחים ,יח',חטיפים מלוחים ,
7290112965240,7290112965240,רגע חם מרק עגבניות,רגיל,0,4.30,9.00,9.00,מוצרי מכולת ,יח',מוצרי מכולת ,
7290112965264,7290112965264,מרק חם נמס אפונה,רגיל,0,4.30,9.00,9.00,מוצרי מכולת ,יח',מוצרי מכולת ,
7290112965301,7290112965301,מרק חם בטעם שקדי מרק,רגיל,0,0.00,9.00,9.00,מוצרי מכולת ,יח',מוצרי מכולת ,
7290112965660,7290112965660,חטיף פיטנס מלח+פלפל25גר,רגיל,0,3.10,6.90,7.90,חטיפים מלוחים ,יח',חטיפים מלוחים ,
7290112965684,7290112965684,חטיף פיטנס עשבי תיבול 25ג,רגיל,0,3.10,6.90,7.90,חטיפים מלוחים ,יח',חטיפים מלוחים ,
7290112965707,7290112965707,פיטניס צ'ילי מעודן,רגיל,0,0.00,6.50,6.50,מוצרי מכולת ,יח',מוצרי מכולת ,
7290112965745,7290112965745,במסלי בצל מעושן 60 גר,רגיל,0,0.00,6.90,6.90,מוצרי מכולת ,יח',מוצרי מכולת ,
7290112965806,7290112965806,ביסלי פריסטייל חמוץ חריף,רגיל,0,2.55,7.90,7.90,מוצרי מכולת ,יח',מוצרי מכולת ,
7290112965882,7290112965882,במבה קרם עוגיות 60 גרם,רגיל,0,0.00,4.06,4.06,מוצרי מכולת ,יח',מוצרי מכולת ,
7290112966070,7290112966070,לחמית כוסמין וגרעיני דלעת,רגיל,0,0.00,7.64,7.64,מוצרי מכולת ,יח',מוצרי מכולת ,
7290112966186,7290112966186,אפרופו מצופה שוקולד,רגיל,0,0.00,6.00,6.00,מוצרי מכולת ,יח',מוצרי מכולת ,
7290112966209,7290112966209,אפרופו מצופה שוקלד לבן,רגיל,0,0.00,6.00,6.00,מוצרי מכולת ,יח',מוצרי מכולת ,
7290112966247,7290112966247,לחמית כוסמין,רגיל,0,0.00,7.64,7.64,מוצרי מכולת ,יח',מוצרי מכולת ,
7290112966445,7290112966445,במבה מתוקה 100 גרם,רגיל,12,6.37,9.90,10.90,חטיפים מלוחים ,יח',חטיפים מלוחים ,
7290112966629,7290112966629,במבה במילוי קרם שוקלד בלונד,רגיל,0,0.00,8.00,8.00,מוצרי מכולת ,יח',מוצרי מכולת ,
7290112967114,7290112967114,חטיפי פריכיות עם קטניות פלפל שחור,רגיל,0,0.00,10.90,10.90,מוצרי מכולת ,יח',מוצרי מכולת ,
7290112967138,7290112967138,אסם בייגלה שמינות ללא גולטן ,רגיל,0,11.63,19.90,19.90,חטיפים מלוחים ,יח',חטיפים מלוחים ,
7290112967381,7290112967381,פריכיות קטניות ומלח ים,רגיל,0,7.33,10.90,10.90,חטיפים מלוחים ,יח',חטיפים מלוחים ,
7290112967572,7290112967572,רוטב ברביקיו 290 מ״ל,רגיל,12,9.63,13.90,13.90,מוצרי בית,יח',מוצרי בית,
7290112967978,7290112967978,פופקו מלח ים,רגיל,0,0.00,6.90,6.90,מוצרי מכולת ,יח',מוצרי מכולת ,
7290112968449,7290112968449,וצבר סלט כרוב אדום 6*250 גרם,רגיל,0,9.57,12.90,12.90,מוצרי מקרר ,יח',מוצרי מקרר ,
7290112968562,7290112968562,גליליות שוקולד,רגיל,0,0.00,6.00,6.00,מוצרי מכולת ,יח',מוצרי מכולת ,
7290112968807,7290112968807,פיטנס קרקר דק סלק,רגיל,0,8.08,12.90,13.90,חטיפים מלוחים ,יח',חטיפים מלוחים ,
7290112968821,7290112968821,פיטנס קרקר דק בטטה,רגיל,-2,9.13,12.90,13.90,חטיפים מלוחים ,יח',חטיפים מלוחים ,
7290112969446,7290112969446,פריכיות 3 דגנים דקות,רגיל,0,0.00,15.90,15.90,מוצרי מכולת ,יח',מוצרי מכולת ,
7290112969484,7290112969484,פריכיות בר קטניות,רגיל,0,0.00,15.90,15.90,מוצרי מכולת ,יח',מוצרי מכולת ,
7290112969538,7290112969538,מנה חמה נודלס ויאטנמי חריף,רגיל,0,4.58,8.90,8.90,חטיפים מלוחים ,יח',חטיפים מלוחים ,
7290112969965,7290112969965,מנה חמה נודלס תאילנדי חריף,רגיל,0,4.68,8.90,8.90,חטיפים מלוחים ,יח',חטיפים מלוחים ,
7290112969989,7290112969989,מנה חמה נודלס קוריאני חריף,רגיל,35,4.58,8.90,8.90,חטיפים מלוחים ,יח',חטיפים מלוחים ,
7290112970824,7290112970824,בוסטר התנעה עם מד לחץ אוויר,רגיל,0,0.00,480.00,480.00,מוצרי מכולת ,יח',מוצרי מכולת ,
7290113192355,7290113192355,בית השיטה חרוזית ירוק 12 * 275 גרם,רגיל,0,10.74,16.00,16.00,מוצרי מכולת ,יח',מוצרי מכולת ,
7290113192386,7290113192386,זיתים ירוקים,רגיל,0,0.00,12.90,12.90,מוצרי מכולת ,יח',מוצרי מכולת ,
7290113192393,7290113192393,קוקטייל זיתים,רגיל,8,0.00,12.90,12.90,מוצרי מכולת ,יח',מוצרי מכולת ,
7290113192478,7290113192478,10-12 במלח 560ג,רגיל,0,6.70,11.90,10.90,מוצרי בית,יח',מוצרי בית,
7290113192508,7290113192508,בית השיטה - מלפפון מלח טבעי 13-17  קטן,רגיל,0,9.24,14.00,14.00,מוצרי מכולת ,יח',מוצרי מכולת ,
7290113192515,7290113192515,במלח 18-25 560 גר,רגיל,5,8.90,15.90,15.90,מוצרי בית,יח',מוצרי בית,
7290113192539,7290113192539,מלפפונים במלח,רגיל,-6,0.00,8.00,8.00,מוצרי מכולת ,יח',מוצרי מכולת ,
7290113192546,7290113192546,מלפפון בחומץ 7-9 560 גרם,רגיל,-3,5.90,11.90,12.90,מוצרי בית,יח',מוצרי בית,
7290113193031,7290113193031,שחור חרוזית קלמטה560 ,רגיל,6,10.50,15.90,16.90,מוצרי בית,יח',מוצרי בית,
7290113302334,7290113302334,חטיף עוף פריך בצורת עצם 85 ג׳,רגיל,15,7.68,13.90,18.90,בעלי חיים ,יח',בעלי חיים ,
7290113302372,7290113302372,חטיף רצועות בונזו ברווז 80ג׳,רגיל,10,7.68,13.90,18.90,בעלי חיים ,יח',בעלי חיים ,
7290113317567,7290113317567,שקית 10בלונים מטאלי-לבן,רגיל,-9,3.18,5.90,5.90,מוצרי יום הולדת ו מתנות ,יח',מוצרי יום הולדת ו מתנות ,
7290113317574,7290113317574,שקית 10בלונים מטאלי-שחור,רגיל,1,3.18,5.90,5.90,מוצרי יום הולדת ו מתנות ,יח',מוצרי יום הולדת ו מתנות ,
7290113317581,7290113317581,שקית 10בלונים מטאלי-זהב,רגיל,2,3.18,5.90,5.90,מוצרי יום הולדת ו מתנות ,יח',מוצרי יום הולדת ו מתנות ,
7290113317598,7290113317598,שקית 10בלונים מטאלי-כסף,רגיל,0,3.18,5.90,5.90,מוצרי יום הולדת ו מתנות ,יח',מוצרי יום הולדת ו מתנות ,
7290113317604,7290113317604,שקית 10בלונים מטאלי-אדום,רגיל,-5,3.18,5.90,5.90,מוצרי יום הולדת ו מתנות ,יח',מוצרי יום הולדת ו מתנות ,
7290113317611,7290113317611,שקית 10בלונים מטאלי-ורוד,רגיל,0,3.18,5.90,5.90,מוצרי יום הולדת ו מתנות ,יח',מוצרי יום הולדת ו מתנות ,
7290113317635,7290113317635,שקית 10בלונים מטאלי-סגול,רגיל,4,3.18,5.90,5.90,מוצרי יום הולדת ו מתנות ,יח',מוצרי יום הולדת ו מתנות ,
7290113317642,7290113317642,שקית 10בלונים מטאלי-ירוק,רגיל,2,3.18,5.90,5.90,מוצרי יום הולדת ו מתנות ,יח',מוצרי יום הולדת ו מתנות ,
7290113319790,7290113319790,זר בלונים happy birthday,רגיל,0,11.90,25.00,25.00,מוצרי מכולת ,יח',מוצרי מכולת ,
7290113594319,7290113594319,מארז סוכריות על מקל,רגיל,0,16.90,38.00,38.00,מוצרי מכולת ,יח',מוצרי מכולת ,
7290113594579,7290113594579,שלישיית ביצי שוקולד (חלב נוכרי)-מפרץהרפתקאות,רגיל,0,12.62,19.90,19.90,מוצרי יום הולדת ו מתנות ,יח',מוצרי יום הולדת ו מתנות ,
7290113595286,7290113595286,עגלה תינוק נסיכה נולדה,רגיל,0,12.90,18.00,18.00,מוצרי מכולת ,יח',מוצרי מכולת ,
7290113595293,7290113595293,תינוק נולד בלון,רגיל,0,12.90,18.00,18.00,מוצרי מכולת ,יח',מוצרי מכולת ,
7290113595309,7290113595309,מוצץ תינוק בלון,רגיל,0,12.90,18.00,18.00,מוצרי מכולת ,יח',מוצרי מכולת ,
7290113595316,7290113595316,מוצץ תינוק נסיך נולד,רגיל,1,12.90,18.00,18.00,מוצרי מכולת ,יח',מוצרי מכולת ,
7290113595453,7290113595453,לב באהבה שחור,רגיל,0,4.50,8.00,8.00,מוצרי מכולת ,יח',מוצרי מכולת ,
7290113598010,7290113598010,בורא בלונים 7 יח' כתר קונפטי,רגיל,0,14.00,30.00,30.00,מוצרי מכולת ,יח',מוצרי מכולת ,
7290113598027,7290113598027,בלונים 7 יח' כתר,רגיל,0,14.00,20.00,20.00,מוצרי מכולת ,יח',מוצרי מכולת ,
7290114100229,7290114100229,מעמד רכב CYC,רגיל,0,30.00,59.90,59.90,אבזרי סלולר ו חשמל ,יח',אבזרי סלולר ו חשמל ,
7290114100236,7290114100236,מעמד לרכב CYCLEBASE,רגיל,0,30.00,59.90,59.90,אבזרי סלולר ו חשמל ,יח',אבזרי סלולר ו חשמל ,
7290114100250,7290114100250,מעמד לרכב CYCLELONG,רגיל,0,30.00,59.90,59.90,אבזרי סלולר ו חשמל ,יח',אבזרי סלולר ו חשמל ,
7290114100502,7290114100502,- Cycle Car 2A 2USBמטען רכב,רגיל,-3,10.50,24.90,37.90,אבזרי סלולר ו חשמל ,יח',אבזרי סלולר ו חשמל ,
7290114102339,7290114102339,מטען רכב CycleCYCPD20W,רגיל,0,12.00,34.90,34.90,אבזרי סלולר ו חשמל ,יח',אבזרי סלולר ו חשמל ,
7290114102346,7290114102346,מטען רכב CycleCYCPD20W + כבל טייפ*O,רגיל,0,16.36,49.90,49.90,אבזרי סלולר ו חשמל ,יח',אבזרי סלולר ו חשמל ,
7290114110365,766041121783,תוסף לדלק K44 קיט,רגיל,8,55.00,100.00,100.00,שמנים,יח',שמנים,
7290114110372,7290114110372,תוסף K44 בנזין,רגיל,0,52.00,100.00,100.00,שמנים,יח',שמנים,
7290114110389,7290114110389,K44 תוסף+מתנה,רגיל,12,57.50,99.00,99.00,שמנים,יח',שמנים,
7290114110396,7290114110396,קיט דאבל תוסף דלק ושמן בנזין 115+ 208,רגיל,1,95.00,170.00,170.00,שמנים,יח',שמנים,
7290114110419,7290114110419,תוסף K44 סולר,רגיל,0,40.00,100.00,100.00,שמנים,יח',שמנים,
7290114310024,7290114310024,שמנת 100 טרה,רגיל,0,1.40,3.50,3.50,מוצרי מכולת ,יח',מוצרי מכולת ,
7290114310215,7290114310215,שמנת מתוקה,רגיל,0,4.79,10.00,10.00,מוצרי מכולת ,יח',מוצרי מכולת ,
7290114310222,7290114310222,חלב 1.5 מועשר,רגיל,0,8.39,13.00,13.00,מוצרי מכולת ,יח',מוצרי מכולת ,
7290114310239,7290114310239,חלב דל לקטוז 1.50 ליטר,רגיל,0,9.96,13.00,13.00,מוצרי מכולת ,יח',מוצרי מכולת ,
7290114310246,7290114310246,צ'אנק 125 ג',רגיל,0,12.70,22.00,22.00,מוצרי מכולת ,יח',מוצרי מכולת ,
7290114310338,7290114310338,צפתית 5%^,רגיל,0,12.23,20.00,20.00,מוצרי מכולת ,יח',מוצרי מכולת ,
7290114310345,7290114310345,מעדן תות 1.5%,רגיל,0,2.09,4.00,4.00,מוצרי מכולת ,יח',מוצרי מכולת ,
7290114310352,7290114310352,תפוח פטל HEAVEN,רגיל,0,4.33,6.50,6.50,מוצרי מכולת ,יח',מוצרי מכולת ,
7290114310369,7290114310369,תות אננס HEAVEN,רגיל,0,4.33,6.00,6.00,מוצרי מכולת ,יח',מוצרי מכולת ,
7290114310376,7290114310376,מנגו פסיפלורה HEAVEN,רגיל,0,4.33,6.00,6.00,מוצרי מכולת ,יח',מוצרי מכולת ,
7290114310406,7290114310406,מעדן קצף תות,רגיל,0,3.09,6.90,6.90,מוצרי מקרר ,יח',מוצרי מקרר ,
7290114310475,7290114310475,נעם 200 ג' פיקנטי,רגיל,0,17.10,22.00,22.00,מוצרי מכולת ,יח',מוצרי מכולת ,
7290114310482,7290114310482,נעם מעושן 200 גר',רגיל,0,14.60,25.00,25.00,מוצרי מכולת ,יח',מוצרי מכולת ,
7290114310543,7290114310543,קפוצינו אקטיב טרה,רגיל,0,4.68,6.50,6.50,מוצרי מכולת ,יח',מוצרי מכולת ,
7290114310550,7290114310550,צפתית 5% טרה,רגיל,0,12.23,25.00,25.00,מוצרי מכולת ,יח',מוצרי מכולת ,
7290114310553,7290114310553,פטה עז 200 גר',רגיל,0,16.85,25.90,25.90,מוצרי מקרר ,יח',מוצרי מקרר ,
7290114310628,7290114310628,וניל עוגיות 1 ליטר טרה,רגיל,0,10.00,14.00,14.00,מוצרי מכולת ,יח',מוצרי מכולת ,
7290114310673,7290114310673,לאבנה 9% 250 ג',רגיל,0,8.62,15.00,15.00,מוצרי מכולת ,יח',מוצרי מכולת ,
7290114310895,7290114310895,סמפלי תות מנגו מארז 8 טרה,רגיל,0,24.80,32.00,32.00,מוצרי מכולת ,יח',מוצרי מכולת ,
7290114310932,7290114310932,פרופ רימון תפוז טרה,רגיל,0,4.07,7.00,7.00,מוצרי מכולת ,יח',מוצרי מכולת ,
7290114310949,7290114310949,פרופ קינמון תפוח,רגיל,0,4.07,5.50,5.50,מוצרי מכולת ,יח',מוצרי מכולת ,
7290114311007,7290114311007,ריבועי מיקס ביו,רגיל,0,4.67,6.50,6.50,מוצרי מכולת ,יח',מוצרי מכולת ,
7290114311014,7290114311014,קפוצ'ינו טרה,רגיל,0,4.06,8.00,8.00,מוצרי מכולת ,יח',מוצרי מכולת ,
7290114311021,7290114311021,וניל עוגיות טרה,רגיל,0,4.06,8.00,8.00,מוצרי מכולת ,יח',מוצרי מכולת ,
7290114311038,7290114311038,שמנת מתוקה 250321%,רגיל,0,4.79,8.00,8.00,מוצרי מכולת ,יח',מוצרי מכולת ,
7290114311045,7290114311045,סימפלי בננה 3%,רגיל,0,4.68,7.00,7.00,מוצרי מכולת ,יח',מוצרי מכולת ,
7290114311090,7290114311090,גרנולה דבש MIX,רגיל,0,4.67,6.50,6.50,מוצרי מכולת ,יח',מוצרי מכולת ,
7290114311106,7290114311106,גרנולה סילאן MIX,רגיל,0,5.26,7.50,7.50,מוצרי מכולת ,יח',מוצרי מכולת ,
7290114311168,7290114311168,נעם 200 כמהין,רגיל,0,14.60,22.00,22.00,מוצרי מכולת ,יח',מוצרי מכולת ,
7290114311175,7290114311175,נעם 200 זיתים,רגיל,0,14.60,22.00,22.00,מוצרי מכולת ,יח',מוצרי מכולת ,
7290114311298,7290114311298,פרופ תות בננה,רגיל,0,3.65,7.00,7.00,מוצרי מכולת ,יח',מוצרי מכולת ,
7290114311304,7290114311304,קצ. תות,רגיל,0,3.65,8.00,8.00,מוצרי מכולת ,יח',מוצרי מכולת ,
7290114311328,7290114311328,חלב נטול 12%- טרה ,רגיל,0,6.86,10.90,10.90,מוצרי מקרר ,יח',מוצרי מקרר ,
7290114311496,7290114311496,חלב מועד,רגיל,0,0.00,6.23,6.23,מוצרי מכולת ,יח',מוצרי מכולת ,
7290114311557,7290114311557,מרלו גרנול מייפ,רגיל,0,4.72,12.00,12.00,מוצרי מכולת ,יח',מוצרי מכולת ,
7290114408745,7290114408745,תיק ערכת עזרה ראשונה,רגיל,2,21.19,34.90,34.90,מחלקה לא פעילה ,יח',מחלקה לא פעילה ,
7290114608589,7290114608589,טריאקי 700 מ״ל,רגיל,8,9.50,17.90,18.90,מוצרי בית,יח',מוצרי בית,
7290114651998,7290114651998,בלון ספרה 0 כסף,רגיל,7,14.00,20.00,20.00,מוצרי יום הולדת ו מתנות ,יח',מוצרי יום הולדת ו מתנות ,
7290114652025,7290114652025,בלון ספרה 3,רגיל,0,14.00,20.00,20.00,מוצרי מכולת ,יח',מוצרי מכולת ,
7290114652049,7290114652049,בלון ספרה 5,רגיל,6,14.00,20.00,20.00,מוצרי יום הולדת ו מתנות ,יח',מוצרי יום הולדת ו מתנות ,
7290114652056,7290114652056,בלון ספרה 6,רגיל,7,14.00,20.00,20.00,מוצרי יום הולדת ו מתנות ,יח',מוצרי יום הולדת ו מתנות ,
7290114652063,7290114652063,בלון ספרה 7,רגיל,5,14.00,20.00,20.00,מוצרי יום הולדת ו מתנות ,יח',מוצרי יום הולדת ו מתנות ,
7290114652070,7290114652070,בלון ספרה 8,רגיל,4,14.00,20.00,20.00,מוצרי מכולת ,יח',מוצרי מכולת ,
7290114652087,7290114652087,בלון ספרה 9,רגיל,8,4.20,15.90,15.90,מוצרי יום הולדת ו מתנות ,יח',מוצרי יום הולדת ו מתנות ,
7290114654548,7290114654548,בוקט בלונים 9 יח' לבן שחור,רגיל,0,10.90,16.00,16.00,מוצרי מכולת ,יח',מוצרי מכולת ,
7290114654883,7290114654883,באנר HB -זהב ורוד,רגיל,0,7.50,12.00,12.00,מוצרי מכולת ,יח',מוצרי מכולת ,
7290114657563,7290114657563,נרות יום הולדת צבעי פסטל- 12 יח,רגיל,2,3.50,5.90,5.90,מוצרי יום הולדת ו מתנות ,יח',מוצרי יום הולדת ו מתנות ,
7290114658041,7290114658041,נרות לבן -זהב,רגיל,0,3.19,6.00,6.00,מוצרי מכולת ,יח',מוצרי מכולת ,
7290114659635,7290114659635,סוכריוה על מקל 18,רגיל,0,0.40,3.00,3.00,מוצרי מכולת ,יח',מוצרי מכולת ,
7290114760134,7290114760134,מעדן סויה בטעם וניל,רגיל,12,2.79,4.90,,מוצרי מקרר ,יח',מוצרי מקרר ,
7290114762800,7290114762800,מעדן סויה שוקולד 125 גרם,רגיל,12,2.79,4.90,,מוצרי מקרר ,יח',מוצרי מקרר ,
7290115070125,7290115070125,בלון מיילר 18,רגיל,0,4.50,25.00,25.00,מוצרי מכולת ,יח',מוצרי מכולת ,
7290115072136,7290115072136,I LOVE YOU מארז שוקלד,רגיל,0,4.29,9.00,9.00,מוצרי מכולת ,יח',מוצרי מכולת ,
7290115075540,7290115075540,עגול יום הולדת לב רוז גולד,רגיל,0,4.50,8.00,8.00,מוצרי מכולת ,יח',מוצרי מכולת ,
7290115079173,7290115079173,HB קשת לבבות בלון,רגיל,0,4.50,8.00,8.00,מוצרי מכולת ,יח',מוצרי מכולת ,
7290115079340,7290115079340,שקית 10בלונים מקרון פסטל-מיקס,רגיל,-2,2.75,4.90,4.90,מוצרי יום הולדת ו מתנות ,יח',מוצרי יום הולדת ו מתנות ,
7290115079371,7290115079371,בקבוק נוריסטה 3,רגיל,0,28.90,40.00,40.00,מוצרי מכולת ,יח',מוצרי מכולת ,
7290115079388,7290115079388,בקבוק 500 נירוסטה,רגיל,0,28.90,40.00,40.00,מוצרי מכולת ,יח',מוצרי מכולת ,
7290115079401,7290115079401,בקבוק נוריסטה 2,רגיל,0,28.90,40.00,40.00,מוצרי מכולת ,יח',מוצרי מכולת ,
7290115079999,7290115079999,שקית 10בלונים מקרון-ורוד בייבי,רגיל,2,2.75,4.90,4.90,מוצרי יום הולדת ו מתנות ,יח',מוצרי יום הולדת ו מתנות ,
7290115181180,7290115181180,היטס טריאה אמבר חדש,רגיל,12,25.42,35.00,38.90, כל הסיגריות,יח', כל הסיגריות,
7290115181203,7290115181203,היטס טריאה צהוב,רגיל,11,25.42,35.00,38.90, כל הסיגריות,יח', כל הסיגריות,
7290115181241,7290115181241,היטס טיארה ברונז,רגיל,10,25.42,35.00,38.90, כל הסיגריות,יח', כל הסיגריות,
7290115181289,7290115181289,היטס טיראה סגול,רגיל,15,25.42,35.00,38.90, כל הסיגריות,יח', כל הסיגריות,
7290115190014,7290115190014,מרלבורו רד,רגיל,440,33.46,46.00,47.90, כל הסיגריות,יח', כל הסיגריות,
7290115190038,7290115190038,מרלבורו רד סופט,רגיל,27,33.46,46.00,47.90, כל הסיגריות,יח', כל הסיגריות,
7290115190052,7290115190052,מרלבורו פלייבור מיקס,רגיל,23,33.46,46.00,46.00, כל הסיגריות,יח', כל הסיגריות,
7290115190076,7290115190076,מרלבורו גולד 100 ארוך,רגיל,39,33.46,46.00,47.90, כל הסיגריות,יח', כל הסיגריות,
7290115190090,7290115190090,מרלבורו גולד קצר,רגיל,472,33.46,46.00,48.90, כל הסיגריות,יח', כל הסיגריות,
7290115190137,7290115190137,מרלבורו פיין טאץ,רגיל,57,30.27,41.00,41.00, כל הסיגריות,יח', כל הסיגריות,
7290115190151,7290115190151,מרלבורו טאץ,רגיל,187,30.27,41.00,41.00, כל הסיגריות,יח', כל הסיגריות,
7290115190175,7290115190175,פרלמנט סופר סלימס,רגיל,19,37.44,50.00,52.00, כל הסיגריות,יח', כל הסיגריות,
7290115190199,7290115190199,פרלמנט נייט 100 ארוך,רגיל,54,37.44,50.00,52.00, כל הסיגריות,יח', כל הסיגריות,
7290115190212,7290115190212,פרלמנט בלו ארוך 100,רגיל,22,37.44,50.00,52.00, כל הסיגריות,יח', כל הסיגריות,
7290115190236,7290115190236,פרלמנט בלו קצר,רגיל,26,37.44,50.00,52.00, כל הסיגריות,יח', כל הסיגריות,
7290115190250,7290115190250,פרלמנט נייט קצר,רגיל,400,37.44,50.00,52.00, כל הסיגריות,יח', כל הסיגריות,
7290115190274,7290115190274,פרלמנט סיילבר,רגיל,10,37.44,50.00,52.00, כל הסיגריות,יח', כל הסיגריות,
7290115190335,7290115190335,ל.מ בלו 100 ארוך,רגיל,60,30.27,41.00,45.00, כל הסיגריות,יח', כל הסיגריות,
7290115190359,7290115190359,ל.מ בלו קצר,רגיל,82,30.27,41.00,45.00, כל הסיגריות,יח', כל הסיגריות,
7290115190373,7290115190373,ל.מ פורוארד,רגיל,68,30.27,41.00,45.00, כל הסיגריות,יח', כל הסיגריות,
7290115190397,7290115190397,ל.מ רד,רגיל,52,30.27,41.00,45.00, כל הסיגריות,יח', כל הסיגריות,
7290115190434,7290115190434,ל.מ וייב,רגיל,14,30.27,41.00,45.00, כל הסיגריות,יח', כל הסיגריות,
7290115190458,7290115190458,נקסט אדג',רגיל,60,26.29,35.00,35.00, כל הסיגריות,יח', כל הסיגריות,
7290115190472,7290115190472,נקסט פיין אדג,רגיל,43,26.29,35.00,35.00, כל הסיגריות,יח', כל הסיגריות,
7290115190496,7290115190496,נקסט פיין 100,רגיל,28,27.88,37.00,38.00, כל הסיגריות,יח', כל הסיגריות,
7290115190519,7290115190519,נקסט פיין קצר,רגיל,42,27.88,37.00,38.00, כל הסיגריות,יח', כל הסיגריות,
7290115190533,7290115190533,נקסט ריסס ארוך 100,רגיל,10,26.29,35.00,35.00, כל הסיגריות,יח', כל הסיגריות,
7290115190557,7290115190557,נקסט ריסס קצר,רגיל,7,26.29,35.00,35.00, כל הסיגריות,יח', כל הסיגריות,
7290115190571,7290115190571,נקסט לילך,רגיל,17,27.88,37.00,38.00, כל הסיגריות,יח', כל הסיגריות,
7290115190595,7290115190595,נקסט אורג'ינל,רגיל,61,27.88,37.00,38.00, כל הסיגריות,יח', כל הסיגריות,
7290115190618,7290115190618,טבק מרלבורו רד,רגיל,12,67.61,105.00,105.00, כל הסיגריות,יח', כל הסיגריות,
7290115190632,7290115190632,טבק מרלבורו גולד,רגיל,17,67.61,105.00,105.00, כל הסיגריות,יח', כל הסיגריות,
7290115190656,7290115190656,טבק נקסט פיין,רגיל,0,73.89,110.00,110.00, כל הסיגריות,יח', כל הסיגריות,
7290115190670,7290115190670,טבק נקסט אוריגינל,רגיל,0,69.27,110.00,99.00, כל הסיגריות,יח', כל הסיגריות,
7290115190892,7290115190892,מרלבורו פיוז'ן קפסולה,רגיל,13,28.68,39.00,39.00, כל הסיגריות,יח', כל הסיגריות,
7290115190939,7290115190939,ל.מ קפסולה קליק,רגיל,10,27.08,37.00,43.00, כל הסיגריות,יח', כל הסיגריות,
7290115190953,7290115190953,פרלמנט סוהו נייט,רגיל,42,31.87,43.00,44.90, כל הסיגריות,יח', כל הסיגריות,
7290115191035,7290115191035,מרלבורו סאמר ספלאש,רגיל,16,28.68,39.00,39.00, כל הסיגריות,יח', כל הסיגריות,
7290115191097,7290115191097,מרלבורו דאבל פיוזין,רגיל,12,28.68,39.00,37.90, כל הסיגריות,יח', כל הסיגריות,
7290115191332,7290115191332,מרלבורו טאץ XL,רגיל,31,30.27,41.00,41.00, כל הסיגריות,יח', כל הסיגריות,
7290115200003,7290115200003,פתיבר פינוקי וניל 220גרם,רגיל,11,10.23,15.90,14.90,חטיפים מתוקים ,יח',חטיפים מתוקים ,
7290115200027,7290115200027,פתי בר פינוקי שוקו 220ג,רגיל,0,10.23,13.90,14.90,חטיפים מתוקים ,יח',חטיפים מתוקים ,
7290115200737,7290115200737,במבה כדורים,רגיל,0,0.00,8.00,8.00,מוצרי מכולת ,יח',מוצרי מכולת ,
7290115200829,7290115200829,ביסלי בלאגן מיקס 150 גר',רגיל,0,0.00,12.90,12.90,מוצרי מכולת ,יח',מוצרי מכולת ,
7290115200881,7290115200881,אסם בייגלה שטוח. שמשם. מליחות מעודנ 12*300ג,רגיל,6,7.50,17.90,17.90,חטיפים מלוחים ,יח',חטיפים מלוחים ,
7290115200928,7290115200928,ביסלי קראנץ' מיקס 150 ג',רגיל,0,0.00,7.77,7.77,מוצרי מכולת ,יח',מוצרי מכולת ,
7290115200942,7290115200942,ביסלי זעתר,רגיל,0,0.00,6.00,6.00,מוצרי מכולת ,יח',מוצרי מכולת ,
7290115201031,7290115201031,פתיבר-דובונים,רגיל,23,10.23,15.90,14.90,חטיפים מתוקים ,יח',חטיפים מתוקים ,
7290115201376,7290115201376,פופקו מיקס מתוק מלוח,רגיל,0,0.00,6.90,6.90,מוצרי מכולת ,יח',מוצרי מכולת ,
7290115201550,7290115201550,ביסלי קרנבל מיקס,רגיל,21,7.55,10.90,11.90,חטיפים מלוחים ,יח',חטיפים מלוחים ,
7290115201680,7290115201680,ביסלי ברביקיו 70 גרם,רגיל,16,2.90,6.90,7.90,חטיפים מלוחים ,יח',חטיפים מלוחים ,
7290115201703,7290115201703,ביסלי ברביקיו 200 גרם,רגיל,1,6.78,13.90,14.90,חטיפים מלוחים ,יח',חטיפים מלוחים ,
7290115201727,7290115201727,ביסלי בצל 200 גרם,רגיל,6,6.78,13.90,13.90,חטיפים מלוחים ,יח',חטיפים מלוחים ,
7290115201741,7290115201741,ביסלי בצל 70 גרם,רגיל,39,2.90,6.90,7.90,חטיפים מלוחים ,יח',חטיפים מלוחים ,
7290115201765,7290115201765,לחמנית פרנה 160*40 גרם ,רגיל,520,3.75,5.00,5.00,מוצרי שימוש מטבח -חנות ,יח',מוצרי שימוש מטבח -חנות ,
7290115201840,7290115201840,במבה לבבות,רגיל,0,0.00,5.00,5.00,מוצרי מכולת ,יח',מוצרי מכולת ,
7290115201864,7290115201864,במבה אין סייד אוט 60 גר',רגיל,0,0.00,4.75,4.75,מוצרי מכולת ,יח',מוצרי מכולת ,
7290115201888,7290115201888,במבה במילוי קרמל מלוח,רגיל,0,0.00,6.00,6.00,מוצרי מכולת ,יח',מוצרי מכולת ,
7290115201901,7290115201901,במבה ביגלה מלוח 60 ג,רגיל,0,0.00,7.00,7.00,מוצרי מכולת ,יח',מוצרי מכולת ,
7290115201925,7290115201925,במבה כוכבים,רגיל,0,0.00,8.00,8.00,מוצרי מכולת ,יח',מוצרי מכולת ,
7290115201949,7290115201949,במבה מאנצ צדר 45*60גרם,רגיל,65,2.90,6.90,6.90,חטיפים מלוחים ,יח',חטיפים מלוחים ,
7290115202687,7290115202687,חומוס עם חריף חדש 375גרם,רגיל,0,9.24,13.90,13.90,מוצרי מקרר ,יח',מוצרי מקרר ,
7290115202892,7290115202892,שמן 3*5 ליטר,רגיל,0,0.00,0.00,0.00,מוצרי מכולת ,יח',מוצרי מכולת ,
7290115202939,7290115202939,מנה חמה מוקפץ עוף פטריות,רגיל,0,4.60,8.90,8.90,חטיפים מלוחים ,יח',חטיפים מלוחים ,
7290115202953,7290115202953,מנה חמה-נודלס ברוטב קארי,רגיל,0,4.10,8.90,8.90,חטיפים מלוחים ,יח',חטיפים מלוחים ,
7290115202977,7290115202977,מנה חמה נודלס ברוטב סויה,רגיל,0,4.00,8.90,8.90,חטיפים מלוחים ,יח',חטיפים מלוחים ,
7290115203172,7290115203172,במבה פרו 80 ג'ר,רגיל,38,2.70,6.90,12.80,חטיפים מלוחים ,יח',חטיפים מלוחים ,
7290115203882,7290115203882,פיטניס שום פלפל,רגיל,0,0.00,6.50,6.50,מוצרי מכולת ,יח',מוצרי מכולת ,
7290115204018,7290115204018,מנה חמה פסטה איטלקי,רגיל,0,5.05,8.90,8.90,חטיפים מלוחים ,יח',חטיפים מלוחים ,
7290115204056,7290115204056,קטשופ מופחת סוכר 690 גרם ,רגיל,-8,9.90,14.90,15.90,מוצרי בית,יח',מוצרי בית,
7290115204544,7290115204544,במבה במילוי קרם עוגיות 150,רגיל,0,8.05,12.90,12.90,מוצרי מכולת ,יח',מוצרי מכולת ,
7290115204896,7290115204896,ערגליות אננס,רגיל,0,0.00,8.00,8.00,מוצרי מכולת ,יח',מוצרי מכולת ,
7290115204919,7290115204919,במבה ביגלה מלוח,רגיל,0,0.00,12.90,12.90,מוצרי מכולת ,יח',מוצרי מכולת ,
7290115204957,7290115204957,לחמית איטלקית,רגיל,0,0.00,7.64,7.64,מוצרי מכולת ,יח',מוצרי מכולת ,
7290115205169,7290115205169,עוגיית שוקולד נוגט,רגיל,0,0.00,0.00,0.00,מוצרי מכולת ,יח',מוצרי מכולת ,
7290115205176,7290115205176,קרקר דק כפרי פיטנס 140 גר,רגיל,1,9.13,12.90,13.90,חטיפים מלוחים ,יח',חטיפים מלוחים ,
7290115205312,7290115205312,קרקר דק זיתי קלמטה 16*140גרם,רגיל,0,8.08,12.90,13.90,חטיפים מלוחים ,יח',חטיפים מלוחים ,
7290115205541,7290115205541,פיטנס חומוס,רגיל,0,3.85,10.00,10.00,מוצרי מכולת ,יח',מוצרי מכולת ,
7290115205930,7290115205930,במבה פופקו,רגיל,0,0.00,10.00,10.00,מוצרי מכולת ,יח',מוצרי מכולת ,
7290115205978,7290115205978,בתי בר אצבעות שוקלד,רגיל,0,8.76,15.00,15.00,מוצרי מכולת ,יח',מוצרי מכולת ,
7290115206210,7290115206210,במבה במילוי קרמל מלוח,רגיל,0,0.00,11.50,11.50,מוצרי מכולת ,יח',מוצרי מכולת ,
7290115206333,7290115206333,עוגיות מיני שוקוצ׳יפס 12*225גרם חדש,רגיל,8,9.03,13.90,14.90,חטיפים מתוקים ,יח',חטיפים מתוקים ,
7290115206531,7290115206531,קרמוגית בייגלה,רגיל,0,8.35,16.00,16.00,מוצרי מכולת ,יח',מוצרי מכולת ,
7290115206593,7290115206593,ג'ביטה דגנים,רגיל,0,0.00,0.00,0.00,מוצרי מכולת ,יח',מוצרי מכולת ,
7290115206616,7290115206616,ג'בטה לבנה אפוי 45 יח',רגיל,0,0.00,0.00,0.00,מוצרי מכולת ,יח',מוצרי מכולת ,
7290115206708,7290115206708,במבה IN SIDE OUT,רגיל,0,0.00,13.00,13.00,מוצרי מכולת ,יח',מוצרי מכולת ,
7290115206852,7290115206852,אסם ביסלי סטיקס,רגיל,0,4.06,7.00,7.00,מוצרי מכולת ,יח',מוצרי מכולת ,
7290115206890,7290115206890,במבה אסם סטיקס המבורגר,רגיל,0,4.06,7.00,7.00,מוצרי מכולת ,יח',מוצרי מכולת ,
7290115207149,7290115207149,במבה אפרופו,רגיל,0,0.00,9.90,9.90,מוצרי מכולת ,יח',מוצרי מכולת ,
7290115207644,7290115207644,ביגלה קרקר ,רגיל,0,8.97,12.90,12.90,חטיפים מלוחים ,יח',חטיפים מלוחים ,
7290115208009,7290115208009,ויטמינציק ענבים 1 ל,רגיל,6,12.00,21.90,22.90,משקאות ,יח',משקאות ,
7290115208047,7290115208047,ויטמינציק פטל 1 ל,רגיל,10,12.00,21.90,22.90,משקאות ,יח',משקאות ,
7290115208245,7290115208245,ובייגלה פיטנס סלק 12*150גרם,רגיל,-1,7.07,11.90,12.90,חטיפים מלוחים ,יח',חטיפים מלוחים ,
7290115208269,7290115208269,ובייגלה פיטנס בטטה 12*150גרם,רגיל,8,8.54,11.90,12.90,חטיפים מלוחים ,יח',חטיפים מלוחים ,
7290115208306,7290115208306,בסלי טוויסט  70 גרם,רגיל,-1,3.62,5.90,5.90,חטיפים מלוחים ,יח',חטיפים מלוחים ,
7290115208320,7290115208320,אפרופו ביסלי בצל,רגיל,0,4.06,7.90,7.90,מוצרי מכולת ,יח',מוצרי מכולת ,
7290115208528,7290115208528,"קרמוגית קרם בטעם טירמיסו אסם, 200 גרם ",רגיל,0,9.10,14.90,14.90,חטיפים מתוקים ,יח',חטיפים מתוקים ,
7290115208801,7290115208801,לחמית דבש ואגוזים,רגיל,0,0.00,15.00,15.00,מוצרי מכולת ,יח',מוצרי מכולת ,
7290115209020,7290115209020,"מנה חמה בטעם מק&צ'יז, 58 גרם",רגיל,11,5.97,8.90,8.90,חטיפים מלוחים ,יח',חטיפים מלוחים ,
7290115209044,7290115209044,מקאציז ספייסי 12*59גרם,רגיל,11,7.41,8.90,10.90,חטיפים מלוחים ,יח',חטיפים מלוחים ,
7290115209273,7290115209273,במבה בטעם קפה,רגיל,0,0.00,7.00,7.00,מוצרי מכולת ,יח',מוצרי מכולת ,
7290115670202,7290115670202,חטיף דגנים פסק זמן,רגיל,0,0.00,18.90,18.90,מוצרי מכולת ,יח',מוצרי מכולת ,
7290115670301,7290115670301,חטיף שוקולד במילוי קרם קוקוס,רגיל,0,6.00,6.00,6.00,מוצרי מכולת ,יח',מוצרי מכולת ,
7290115670394,290115670394,שוקולד פרה,רגיל,0,4.27,0.00,0.00,מוצרי מכולת ,יח',מוצרי מכולת ,
7290115670585,7290115670585,מקופלת לבנה,רגיל,0,2.40,6.00,6.00,מוצרי מכולת ,יח',מוצרי מכולת ,
7290115670677,7290115670677,גרנולה טרופיים,רגיל,0,0.00,20.00,20.00,חטיפים מתוקים ,יח',חטיפים מתוקים ,
7290115670684,7290115670684,גרנולה אגוזים 400 גר',רגיל,0,0.00,19.90,19.90,מוצרי מכולת ,יח',מוצרי מכולת ,
7290115670691,7290115670691,גרנולה פירות יער,רגיל,0,12.30,17.00,17.00,מוצרי מכולת ,יח',מוצרי מכולת ,
7290115670707,7290115670707,גרנולה שוקולד ואגוזים,רגיל,0,0.00,19.90,19.90,מוצרי מכולת ,יח',מוצרי מכולת ,
7290115670813,7290115670813,כיףכפ שוקו בננה,רגיל,0,0.00,6.00,6.00,מוצרי מכולת ,יח',מוצרי מכולת ,
7290115670820,7290115670820,כיף כף,רגיל,0,0.00,6.00,6.00,מוצרי מכולת ,יח',מוצרי מכולת ,
7290115671001,7290115671001,עוגיות שוקוציפס חלב,רגיל,0,8.00,12.00,12.00,מוצרי מכולת ,יח',מוצרי מכולת ,
7290115671025,7290115671025,רבע לשבע מוס קרמל מלוח,רגיל,0,0.00,18.00,18.00,מוצרי מכולת ,יח',מוצרי מכולת ,
7290115671148,7290115671148,סוכריות פריש ענבים,רגיל,0,2.43,5.90,5.90,מוצרי מכולת ,יח',מוצרי מכולת ,
7290115671261,7290115671261,מאגדת שלישיית אגוז,רגיל,0,18.55,24.00,24.00,מוצרי מכולת ,יח',מוצרי מכולת ,
7290115671339,7290115671339,מיני פינוקיות בראוניז בייגל בוטן,רגיל,3,9.23,14.90,14.90,מוצרי מכולת ,יח',מוצרי מכולת ,
7290115671346,7290115671346,מיני פינוקיות,רגיל,0,9.23,14.90,15.90,חטיפים מתוקים ,יח',חטיפים מתוקים ,
7290115671353,7290115671353,מיני פינוקיות וניל,רגיל,0,9.35,13.00,13.00,מוצרי מכולת ,יח',מוצרי מכולת ,
7290115671360,7290115671360,טעמי לבן,רגיל,0,0.00,5.00,5.00,מוצרי מכולת ,יח',מוצרי מכולת ,
7290115671612,7290115671612,חטיף פרפקט במילוי קרם קרמל,רגיל,0,0.00,24.00,24.00,מוצרי מכולת ,יח',מוצרי מכולת ,
7290115672190,7290115672190,עוגיות שוקולד צ'יפס מריר,רגיל,0,0.00,12.00,12.00,מוצרי מכולת ,יח',מוצרי מכולת ,
7290115672213,7290115672213,עוגת שמרים קראנץ,רגיל,0,12.83,0.00,0.00,מוצרי מכולת ,יח',מוצרי מכולת ,
7290115673135,7290115673135,שוקולד פרה עדשים,רגיל,0,4.49,0.00,0.00,מוצרי מכולת ,יח',מוצרי מכולת ,
7290115673197,7290115673197,REAL בוטנים תמרים שקדים,רגיל,0,0.00,6.50,6.50,מוצרי מכולת ,יח',מוצרי מכולת ,
7290115673203,7290115673203,REAL שקדים דבש תמר,רגיל,0,0.00,8.00,8.00,מוצרי מכולת ,יח',מוצרי מכולת ,
7290115673227,7290115673227,REAL שקדים שומשום,רגיל,0,0.00,6.50,6.50,מוצרי מכולת ,יח',מוצרי מכולת ,
7290115673555,7290115673555,בפלות אחת אחת קרם אגוזים,רגיל,0,0.00,19.00,19.00,מוצרי מכולת ,יח',מוצרי מכולת ,
7290115673562,7290115673562,בפלות אחת אחת - קפה נמס,רגיל,0,9.00,19.00,19.00,מוצרי מכולת ,יח',מוצרי מכולת ,
7290115673777,7290115673777,פסק זמן קרמל,רגיל,0,0.00,6.50,6.50,מוצרי מכולת ,יח',מוצרי מכולת ,
7290115674156,7290115674156,שוקולד מיקס עדשים ועוגיות,רגיל,0,0.00,8.00,8.00,מוצרי מכולת ,יח',מוצרי מכולת ,
7290115674187,7290115674187,רבע לשבע מוס פטל,רגיל,0,0.00,18.00,18.00,מוצרי מכולת ,יח',מוצרי מכולת ,
7290115674347,7290115674347,קופסת ממתקים ג,רגיל,0,91.00,127.00,127.00,מוצרי מכולת ,יח',מוצרי מכולת ,
7290115674354,7290115674354,כשל""פ רונה ענקית,רגיל,0,123.00,170.00,170.00,מוצרי מכולת ,יח',מוצרי מכולת ,
7290115674699,7290115674699,חטיף POPPABLES 45 גרם,רגיל,0,0.00,5.00,5.00,מוצרי מכולת ,יח',מוצרי מכולת ,
7290115674712,7290115674712,ברידס קרקר סריאצה,רגיל,0,0.00,15.00,15.00,מוצרי מכולת ,יח',מוצרי מכולת ,
7290115674729,7290115674729,BREADZ מקלות מלפפון,רגיל,0,0.00,15.00,15.00,מוצרי מכולת ,יח',מוצרי מכולת ,
7290115674736,7290115674736,BREADS מקלות חרדל,רגיל,0,0.00,0.00,0.00,מוצרי מכולת ,יח',מוצרי מכולת ,
7290115674743,7290115674743,BREADZ פיתה מלח ים,רגיל,0,0.00,0.00,0.00,מוצרי מכולת ,יח',מוצרי מכולת ,
7290115674750,7290115674750,BREADZ מלפפון,רגיל,0,9.65,15.00,15.00,מוצרי מכולת ,יח',מוצרי מכולת ,
7290115674774,7290115674774,BREADS קרקר קינואה,רגיל,0,0.00,0.00,0.00,מוצרי מכולת ,יח',מוצרי מכולת ,
7290115674903,7290115674903,צ'יטוס גבינה חריף,רגיל,0,0.00,6.90,6.90,מוצרי מכולת ,יח',מוצרי מכולת ,
7290115675337,7290115675337,דוריטוס שום עם טוויסט 70 גרם,רגיל,0,2.20,5.90,5.90,חטיפים מלוחים ,יח',חטיפים מלוחים ,
7290115675580,7290115675580,QUAKER חטיף בוטנים,רגיל,0,0.00,8.00,8.00,מוצרי מכולת ,יח',מוצרי מכולת ,
7290115675696,7290115675696,דגני בוקר שיבולת שועל עם אגוזים ושקדים,רגיל,0,0.00,29.00,29.00,מוצרי מכולת ,יח',מוצרי מכולת ,
7290115675702,7290115675702,דגני בוקר שיבולת שועל עם פירות,רגיל,0,0.00,29.00,29.00,מוצרי מכולת ,יח',מוצרי מכולת ,
7290115675719,7290115675719,קוואקר שוקולד,רגיל,0,17.66,29.90,29.90,מוצרי מכולת ,יח',מוצרי מכולת ,
7290115676037,7290115676037,דנונה ריפרש תות,רגיל,0,3.79,8.00,8.00,מוצרי מכולת ,יח',מוצרי מכולת ,
7290115676044,7290115676044,דנונה ריפרש אפרסק,רגיל,0,3.79,8.00,8.00,מוצרי מכולת ,יח',מוצרי מכולת ,
7290115676693,7290115676693,תפוציפס מלח חומץ 50 גרם,רגיל,0,2.78,5.90,5.90,חטיפים מלוחים ,יח',חטיפים מלוחים ,
7290115676990,7290115676990,תפוח אדמה בטעם מלח וחומץ,רגיל,74,2.80,6.00,6.00,מוצרי מכולת ,יח',מוצרי מכולת ,
7290115677089,7290115677089,קונפיטורת תפוח וקינמון,רגיל,0,9.00,15.00,15.00,מוצרי מכולת ,יח',מוצרי מכולת ,
7290115677140,7290115677140,תפוצ'פס WAVY פפריקה,רגיל,0,7.99,13.00,13.00,מוצרי מכולת ,יח',מוצרי מכולת ,
7290115677959,7290115677959,גוואקמולי 220 1,רגיל,-5,11.89,18.90,18.90,מוצרי מקרר ,יח',מוצרי מקרר ,
7290115678376,7290115678376,מעדן הגולן שוקו ,רגיל,28,2.04,3.90,3.90,מוצרי מקרר ,יח',מוצרי מקרר ,
7290115678666,7290115678666,אחלה נשנוש טחינה,רגיל,0,8.66,12.90,12.90,מוצרי מכולת ,יח',מוצרי מכולת ,
7290115678987,7290115678987,ממרח רבע לשבע,רגיל,0,0.00,16.00,16.00,מוצרי מכולת ,יח',מוצרי מכולת ,
7290115679595,7290115679595,מגש טופז שופ,רגיל,0,0.00,100.00,100.00,מוצרי מכולת ,יח',מוצרי מכולת ,
7290115679847,7290115679847,דוריטוס מתובל חריף,רגיל,0,0.00,9.90,9.90,מוצרי מכולת ,יח',מוצרי מכולת ,
7290115679960,7290115679960,ציטוס פפוקורן בטעם טבעי,רגיל,0,3.02,6.00,6.00,מוצרי מכולת ,יח',מוצרי מכולת ,
7290115917901,7290115917901,סוללת גיבוי שחור,רגיל,0,0.00,110.00,110.00,מוצרי מכולת ,יח',מוצרי מכולת ,
7290115917918,7290115917918,סוללת גיבוי 10000,רגיל,0,0.00,100.00,100.00,מוצרי מכולת ,יח',מוצרי מכולת ,
7290116073408,7290116073408,רצועות שעון חכם,רגיל,0,5.00,30.00,30.00,מוצרי מכולת ,יח',מוצרי מכולת ,
7290116074825,7290116074825,אוזניות בלוטוס K-39 SPT,רגיל,0,0.00,100.00,100.00,מוצרי מכולת ,יח',מוצרי מכולת ,
7290116078564,7290116078564,מגן גלקסי S22 AJUR,רגיל,0,12.00,39.90,39.90,אבזרי סלולר ו חשמל ,יח',אבזרי סלולר ו חשמל ,
7290116078601,7290116078601,מגן גלקסי S22 PLUS,רגיל,0,12.00,40.00,40.00,מוצרי מכולת ,יח',מוצרי מכולת ,
7290116131726,7290116131726,ביגלה בצפוי שוקלד ,רגיל,0,8.10,13.90,13.90,חטיפים מתוקים ,יח',חטיפים מתוקים ,
7290116131733,7290116131733,ביגלה צפוי שוקלד מריר,רגיל,0,8.10,13.90,14.90,חטיפים מתוקים ,יח',חטיפים מתוקים ,
7290116240022,7290116240022,שקית 10בלונים מקרון-תכלת,רגיל,-3,2.75,4.90,4.90,מוצרי יום הולדת ו מתנות ,יח',מוצרי יום הולדת ו מתנות ,
7290116244495,7290116244495,זר לראש 9 פרחים,רגיל,0,9.50,15.00,15.00,מוצרי מכולת ,יח',מוצרי מכולת ,
7290116244549,7290116244549,זר לראש לבן,רגיל,0,7.50,15.00,15.00,מוצרי מכולת ,יח',מוצרי מכולת ,
7290116244563,7290116244563,זר לראש לבן מנטה,רגיל,0,7.50,15.00,15.00,מוצרי מכולת ,יח',מוצרי מכולת ,
7290116244587,7290116244587,זר לראש-שמנת קפה,רגיל,2,7.90,12.90,12.90,מוצרי יום הולדת ו מתנות ,יח',מוצרי יום הולדת ו מתנות ,
7290116244952,7290116244952,סוכריות קישוט 25 גר' - חד קרן,רגיל,0,5.50,10.00,10.00,מוצרי מכולת ,יח',מוצרי מכולת ,
7290116244969,7290116244969,סוכריות קישוט - פסטל,רגיל,0,5.50,10.00,10.00,מוצרי מכולת ,יח',מוצרי מכולת ,
7290116244976,7290116244976,סוכריות - זהב שחור,רגיל,0,5.50,10.00,10.00,מוצרי מכולת ,יח',מוצרי מכולת ,
7290116244983,7290116244983,סוכריות -זהב לבן,רגיל,0,5.50,10.00,10.00,מוצרי מכולת ,יח',מוצרי מכולת ,
7290116247168,7290116247168,בלון מיילר לניפוח בהליום,רגיל,0,7.50,28.00,28.00,מוצרי מכולת ,יח',מוצרי מכולת ,
7290116247182,7290116247182,בלון מיילר לניפוח בהליום,רגיל,0,7.50,28.00,28.00,מוצרי מכולת ,יח',מוצרי מכולת ,
7290116530109,7290116530109,קליק נוגט שוקולד לבן,רגיל,0,4.51,7.90,7.90,מוצרי מכולת ,יח',מוצרי מכולת ,
7290116530314,7290116530314,קליק כריות BLACK דר=אבל שוקולד,רגיל,0,0.00,7.00,7.00,מוצרי מכולת ,יח',מוצרי מכולת ,
7290116530321,7290116530321,קליק כריות BLACK,רגיל,0,0.00,7.00,7.00,מוצרי מכולת ,יח',מוצרי מכולת ,
7290116530871,7290116530871,נשנוש קרקר דגדג,רגיל,0,11.60,16.00,16.00,מוצרי מכולת ,יח',מוצרי מכולת ,
7290116531175,7290116531175,קליק עוגיות,רגיל,0,0.00,5.00,5.00,מוצרי מכולת ,יח',מוצרי מכולת ,
7290116531281,7290116531281,קליק שקית מיקס,רגיל,0,3.23,7.00,7.00,מוצרי מכולת ,יח',מוצרי מכולת ,
7290116531311,7290116531311,קליק בלאק אנד וייט,רגיל,0,2.40,7.00,7.00,מוצרי מכולת ,יח',מוצרי מכולת ,
7290116531328,7290116531328,קליק בלאק,רגיל,0,2.40,6.00,6.00,מוצרי מכולת ,יח',מוצרי מכולת ,
7290116531731,7290116531731,כשלפ שוגי משפחתי,רגיל,0,12.00,17.00,17.00,מוצרי מכולת ,יח',מוצרי מכולת ,
7290116531748,7290116531748,כשלפ קליק שוקו מיקס,רגיל,0,7.97,11.90,11.90,חטיפים מתוקים ,יח',חטיפים מתוקים ,
7290116531946,7290116531946,דואדרנת Axe אקס ספריי EFIC,רגיל,0,8.90,18.90,19.90,מוצרי ניקיון ו טיפוח אישי,יח',מוצרי ניקיון ו טיפוח אישי,
7290116532011,7290116532011,חטיף קליק נוגט 35 גרם,רגיל,16,4.80,7.90,8.90,חטיפים מתוקים ,יח',חטיפים מתוקים ,
7290116532028,7290116532028,כשלפ קליק אוקיי נוגט,רגיל,0,3.40,6.00,6.00,מוצרי מכולת ,יח',מוצרי מכולת ,
7290116532035,7290116532035,כשלפ קליק קורנפלקס,רגיל,0,7.97,11.90,11.90,חטיפים מתוקים ,יח',חטיפים מתוקים ,
7290116532042,7290116532042,כשלפ קליק כריות,רגיל,0,7.97,11.90,11.90,חטיפים מתוקים ,יח',חטיפים מתוקים ,
7290116532240,7290116532240,קליק טבלה דגנים ועוגיות,רגיל,-19,5.05,11.90,12.90,חטיפים מתוקים ,יח',חטיפים מתוקים ,
7290116532264,7290116532264,גודיז מאגרת י,רגיל,0,20.98,31.90,31.90,גלידות ,יח',גלידות ,
7290116532776,7290116532776,שפתון וזלין אורגינל 10 ג,רגיל,5,7.50,12.90,12.90,מוצרי ניקיון ו טיפוח אישי,יח',מוצרי ניקיון ו טיפוח אישי,
7290116532783,7290116532783,שפתון רוזי 10 גרם,רגיל,2,7.90,13.00,13.00,מוצרי ניקיון ו טיפוח אישי,יח',מוצרי ניקיון ו טיפוח אישי,
7290116532882,7290116532882,נשנשים בצל איירביס,רגיל,0,9.45,13.90,13.90,מוצרי מכולת ,יח',מוצרי מכולת ,
7290116532899,7290116532899,תלמה נשנושים איירביס פלאפל  155 גרם (,רגיל,0,11.60,15.90,15.90,חטיפים מתוקים ,יח',חטיפים מתוקים ,
7290116532905,7290116532905,נשנושים ברביקיו  איירבאס,רגיל,0,9.45,13.90,13.90,מוצרי מכולת ,יח',מוצרי מכולת ,
7290116533001,7290116533001,קליק ביגלה לבן,רגיל,0,6.93,9.90,9.90,חטיפים מתוקים ,יח',חטיפים מתוקים ,
7290116533018,7290116533018,קליק ביגלה שוקלד לבם,רגיל,0,7.97,11.90,11.90,חטיפים מתוקים ,יח',חטיפים מתוקים ,
7290116534442,7290116534442,קליק חטיף צקרם חלב 38 גרמ,רגיל,48,4.80,7.90,7.90,חטיפים מתוקים ,יח',חטיפים מתוקים ,
7290116534459,7290116534459,קליק חטיף קרם חלב עוגיות,רגיל,23,4.80,7.90,7.90,חטיפים מתוקים ,יח',חטיפים מתוקים ,
7290116534749,7290116534749,ג׳ל פטרוליום 100% טהור 88,רגיל,45,9.50,17.90,18.90,מוצרי ניקיון ו טיפוח אישי,יח',מוצרי ניקיון ו טיפוח אישי,
7290116534909,7290116534909,רוטב שום שמיר הלמנס 295ג,רגיל,13,8.30,13.90,13.90,מוצרי מכולת ,יח',מוצרי מכולת ,
7290116535869,7290116535869,קליק כריות בלאק ש.חלב 65,רגיל,0,4.70,11.90,11.90,חטיפים מתוקים ,יח',חטיפים מתוקים ,
7290116536255,7290116536255,דגני בוקר עוגי 500 ג,רגיל,4,14.50,24.90,24.90,מוצרי בית,יח',מוצרי בית,
7290116536323,7290116536323,מ. אקסטרא בייבי צהוב 960 מל בד,רגיל,10,10.90,18.90,18.90,מוצרי ניקיון ו טיפוח אישי,יח',מוצרי ניקיון ו טיפוח אישי,
7290116536378,7290116536378,איירביס פלאפל 50 גרם,רגיל,0,4.30,9.90,9.90,חטיפים מתוקים ,יח',חטיפים מתוקים ,
7290116536385,7290116536385,איירביס בצל 50 גרם,רגיל,0,4.80,9.90,9.90,חטיפים מלוחים ,יח',חטיפים מלוחים ,
7290116536392,7290116536392,תלמה נשנושים איירביס,רגיל,0,4.80,9.90,9.90,חטיפים מלוחים ,יח',חטיפים מלוחים ,
7290116536408,7290116536408,נשנושים שמנת בצל 60 גרם,רגיל,0,4.30,9.90,9.90,מוצרי מכולת ,יח',מוצרי מכולת ,
7290116536774,7290116536774,קליק אין קרם נוגט 38 גרם,רגיל,-139,4.80,7.90,8.90,חטיפים מתוקים ,יח',חטיפים מתוקים ,
7290116536781,7290116536781,קליק אין קרם חלב 38 גרם OK ג',רגיל,8,4.80,7.90,8.90,חטיפים מתוקים ,יח',חטיפים מתוקים ,
7290116537351,7290116537351,כריות נוגט 686 ג,רגיל,4,23.10,33.90,33.90,מוצרי בית,יח',מוצרי בית,
7290116537375,7290116537375,קליק כריות 65 גרם ,רגיל,15,4.87,9.90,12.90,חטיפים מתוקים ,יח',חטיפים מתוקים ,
7290116914862,7290116914862,קנדיטוי עגול עם סוכריות,רגיל,0,6.90,13.00,13.00,מוצרי מכולת ,יח',מוצרי מכולת ,
7290116914893,7290116914893,קנדי טוי - גלגל מיניונים עם סוכריות,רגיל,0,7.50,12.00,12.00,מוצרי מכולת ,יח',מוצרי מכולת ,
7290116930435,7290116930435,שמיח GO עם דובדבן,רגיל,0,4.18,10.00,10.00,מוצרי מכולת ,יח',מוצרי מכולת ,
7290116930466,7290116930466,יופלה שייק מנגוובננה,רגיל,0,0.00,10.00,10.00,מוצרי מכולת ,יח',מוצרי מכולת ,
7290116930657,7290116930657,גו תנובה חלבון,רגיל,0,3.90,10.00,10.00,מוצרי מכולת ,יח',מוצרי מכולת ,
7290116931104,7290116931104,יוגורט גו סמיך אננס,רגיל,0,4.18,10.00,10.00,מוצרי מכולת ,יח',מוצרי מכולת ,
7290116931579,7290116931579,יוגורט תנובה,רגיל,0,3.80,10.00,10.00,מוצרי מכולת ,יח',מוצרי מכולת ,
7290116931586,7290116931586,יוגרט GOLD,רגיל,0,3.80,10.00,10.00,מוצרי מכולת ,יח',מוצרי מכולת ,
7290116931593,7290116931593,תנובה חטיף חלבון אגוזי  לוז שוקלד,רגיל,0,7.53,12.90,12.90,חטיפים מתוקים ,יח',חטיפים מתוקים ,
7290116931678,7290116931678,גבינת פלפל,רגיל,0,0.00,14.00,14.00,מוצרי מכולת ,יח',מוצרי מכולת ,
7290116932194,7290116932194,תנובה GO חטיף חלבון בייגלה עם מלח 50גרם,רגיל,0,6.95,12.00,12.00,מוצרי מכולת ,יח',מוצרי מכולת ,
7290116932200,7290116932200,תנובה GO חטיף חלבון בייגלה עם שומשום,רגיל,0,6.95,11.90,11.90,מוצרי מקרר ,יח',מוצרי מקרר ,
7290116933009,7290116933009,חטיף חלבון גו שמנת שוקולד לל""ס 60 גרם,רגיל,0,7.53,12.90,12.90,חטיפים מתוקים ,יח',חטיפים מתוקים ,
7290116933016,7290116933016,חטיף חלבון גו בוטנים  לל""ס 60 גרם תנובה,רגיל,0,7.53,12.90,12.90,חטיפים מתוקים ,יח',חטיפים מתוקים ,
7290116933023,7290116933023,חטיף חלבון גו שקדים עם מלח  לל""ס 60 גרם,רגיל,0,7.53,12.90,12.90,חטיפים מתוקים ,יח',חטיפים מתוקים ,
7290116934174,7290116934174,חטיף חלבון עם קוקוס,רגיל,0,7.53,12.90,12.90,חטיפים מתוקים ,יח',חטיפים מתוקים ,
7290116934198,7290116934198,חטיף חלבון עם קרם קרמל,רגיל,0,7.53,12.90,12.90,חטיפים מתוקים ,יח',חטיפים מתוקים ,
7290116934402,7290116934402,"יוגורט חלבון יופלה GO אוורירי מנגו , 200 גרם",רגיל,8,4.39,6.50,6.50,מוצרי מקרר ,יח',מוצרי מקרר ,
7290116935607,7290116935607,"משקה גו בטעם אייס קפה, 340 מ""ל",רגיל,20,5.89,8.90,8.90,מוצרי מקרר ,יח',מוצרי מקרר ,
7290116935621,7290116935621,יוגורט GO בנגיעות וניל,רגיל,7,4.39,6.50,6.50,מוצרי מקרר ,יח',מוצרי מקרר ,
7290117620090,7290117620090,תושבת לדגמי טסלה מיכרו,רגיל,0,35.00,74.90,74.90,אבזרי סלולר ו חשמל ,יח',אבזרי סלולר ו חשמל ,
7290117620373,7290117620373,אוזניות בלוטוס שחור MIR,רגיל,0,89.00,130.00,130.00,מוצרי מכולת ,יח',מוצרי מכולת ,
7290117620380,7290117620380,אוזניות בלוטוס לבן 40,רגיל,0,89.00,129.90,129.90,אבזרי סלולר ו חשמל ,יח',אבזרי סלולר ו חשמל ,
7290117620854,7290117620854,סללות טעינה 10000 MAH 22 .5 W,רגיל,0,79.00,179.90,179.90,אבזרי סלולר ו חשמל ,יח',אבזרי סלולר ו חשמל ,
7290117620939,7290117620939,סלולה טעינה שחור MP10000,רגיל,0,59.00,120.00,120.00,מוצרי  אלקטרונים ,יח',מוצרי  אלקטרונים ,
7290117620946,7290117620946,סוללת טעינה לבן MIR,רגיל,0,59.00,120.00,120.00,מוצרי מכולת ,יח',מוצרי מכולת ,
7290117621080,7290117621080,מטען רכב טי סי,רגיל,0,27.00,59.90,59.90,אבזרי סלולר ו חשמל ,יח',אבזרי סלולר ו חשמל ,
7290117621097,7290117621097,מטעו  רכב c to c 18w,רגיל,0,27.00,59.90,59.90,אבזרי סלולר ו חשמל ,יח',אבזרי סלולר ו חשמל ,
7290117621103,7290117621103,מטעו  רכב  IPHONE to C   W18,רגיל,0,27.00,59.90,59.90,אבזרי סלולר ו חשמל ,יח',אבזרי סלולר ו חשמל ,
7290117621110,7290117621110,מ.רכב מהיר 120W +כבל 100 W,רגיל,0,79.00,129.90,129.90,אבזרי סלולר ו חשמל ,יח',אבזרי סלולר ו חשמל ,
7290117621790,7290117621790,סוללת טעינה 5000MAH,רגיל,0,89.00,200.00,200.00,מוצרי  אלקטרונים ,יח',מוצרי  אלקטרונים ,
7290117621868,7290117621868,אוזניות ANC אפור בהיר MIR MANC300,רגיל,1,119.00,239.80,239.80,אבזרי סלולר ו חשמל ,יח',אבזרי סלולר ו חשמל ,
7290117622179,7290117622179,כבל to lightning 1.2 m mir usb tpe,רגיל,0,4.00,19.90,19.90,אבזרי סלולר ו חשמל ,יח',אבזרי סלולר ו חשמל ,
7290117622230,7290117622230,טיפ סי טו איפון 2.1,רגיל,0,7.00,29.90,29.90,אבזרי סלולר ו חשמל ,יח',אבזרי סלולר ו חשמל ,
7290117622292,7290117622292,Usb to tybe-c,רגיל,0,9.00,34.90,34.90,אבזרי סלולר ו חשמל ,יח',אבזרי סלולר ו חשמל ,
7290117622315,7290117622315,טיפ סי יו סי סילקון 1.2M,רגיל,0,9.00,35.00,35.00,מוצרי מכולת ,יח',מוצרי מכולת ,
7290117622339,7290117622339,טי פ סי מטען,רגיל,0,10.00,44.90,44.90,אבזרי סלולר ו חשמל ,יח',אבזרי סלולר ו חשמל ,
7290117622353,7290117622353,כבל סילקון 1.2 M MIR 27 W,רגיל,0,10.00,35.00,35.00,מוצרי מכולת ,יח',מוצרי מכולת ,
7290117622421,7290117622421,אוזניה קשת BT 110MBTOE AJUR,רגיל,2,79.00,130.00,130.00,אבזרי סלולר ו חשמל ,יח',אבזרי סלולר ו חשמל ,
7290117622575,7290117622575,מטען קיר מיני מהיר 30MWC,רגיל,3,35.00,65.00,65.00,אבזרי סלולר ו חשמל ,יח',אבזרי סלולר ו חשמל ,
7290117623855,7290117623855,תושבת אלמניון מגנט,רגיל,0,35.00,69.90,69.90,אבזרי סלולר ו חשמל ,יח',אבזרי סלולר ו חשמל ,
7290117623886,7290117623886,3 מטענים ב אחד,רגיל,0,21.00,49.90,49.90,אבזרי סלולר ו חשמל ,יח',אבזרי סלולר ו חשמל ,
7290117624005,7290117624005,אוזניה יוט METC 420,רגיל,4,25.00,49.90,49.90,אבזרי סלולר ו חשמל ,יח',אבזרי סלולר ו חשמל ,
7290117624012,7290117624012,אוזניה חוט 310 METC,רגיל,-3,25.00,45.00,45.00,אבזרי סלולר ו חשמל ,יח',אבזרי סלולר ו חשמל ,
7290117624234,7290117624234,אוזניות שחורות,רגיל,0,89.00,159.90,159.90,אבזרי סלולר ו חשמל ,יח',אבזרי סלולר ו חשמל ,
7290117821374,7290117821374,ביצת הפתעה 2,רגיל,0,3.69,7.00,7.00,מוצרי מכולת ,יח',מוצרי מכולת ,
7290117821442,7290117821442,ביצת הפתעה עם סוכריות כדורגל,רגיל,0,4.99,10.00,10.00,מוצרי מכולת ,יח',מוצרי מכולת ,
7290117821473,7290117821473,ביצת הפתעה דינוזאור,רגיל,0,9.50,15.00,15.00,מוצרי מכולת ,יח',מוצרי מכולת ,
7290117825907,7290117825907,ממתק ליקריץ מקלות 35 גרם,רגיל,0,1.49,5.00,5.00,מוצרי מכולת ,יח',מוצרי מכולת ,
7290117826058,7290117826058,ממתק ליקריץ,רגיל,0,6.90,18.00,18.00,מוצרי מכולת ,יח',מוצרי מכולת ,
7290117826065,7290117826065,ממתק ליקריץ פירות,רגיל,0,6.90,18.00,18.00,מוצרי מכולת ,יח',מוצרי מכולת ,
7290117827703,7290117827703,ממתק ליקריץ מקלות,רגיל,0,1.85,5.00,5.00,מוצרי מכולת ,יח',מוצרי מכולת ,
7290117829943,7290117829943,בקבוק ספורט 550טורגיז,רגיל,0,18.90,45.00,45.00,מוצרי מכולת ,יח',מוצרי מכולת ,
7290117860045,7290117860045,הוואי שמפו לשיער 700 מל,רגיל,6,9.55,15.90,16.90,מוצרי ניקיון ו טיפוח אישי,יח',מוצרי ניקיון ו טיפוח אישי,
7290117860090,7290117860090,הוואי מרכך לשיער 700 מל,רגיל,1,9.55,15.90,16.90,מוצרי ניקיון ו טיפוח אישי,יח',מוצרי ניקיון ו טיפוח אישי,
7290117860144,7290117860144,הוואי שמפו למניעת קשקשים  700 מל,רגיל,0,9.55,15.90,16.90,משקאות ,יח',משקאות ,
7290117860946,7290117860946,הוואי תחליב רחצה 1/12 יוגורט,רגיל,0,9.55,16.00,16.00,מוצרי מכולת ,יח',מוצרי מכולת ,
7290117907603,7290117907603,חמוציות בציפוי שוקולד 18,רגיל,9,13.50,19.90,19.90,חטיפים מתוקים ,יח',חטיפים מתוקים ,
7290117907627,7290117907627,אגוזי לוז שוקולד חלב 180,רגיל,8,13.50,19.90,18.90,חטיפים מתוקים ,יח',חטיפים מתוקים ,
7290117907658,7290117907658,פקאן בציפוי שוקולד מריר,רגיל,4,13.50,19.90,18.90,חטיפים מתוקים ,יח',חטיפים מתוקים ,
7290117907665,7290117907665,פיקן שוקלד ,רגיל,0,13.50,19.90,19.90,פיצוחים,יח',פיצוחים,
7290118093138,7290118093138,מטען קיר ראש PD 20W,רגיל,0,23.00,22.90,22.90,אבזרי סלולר ו חשמל ,יח',אבזרי סלולר ו חשמל ,
7290118340201,7290118340201,דובי לבן זהב,רגיל,0,23.90,45.00,45.00,מוצרי מכולת ,יח',מוצרי מכולת ,
7290118340218,7290118340218,דובי לבן לב אדום,רגיל,0,23.90,45.00,45.00,מוצרי מכולת ,יח',מוצרי מכולת ,
7290118350040,7290118350040,קיסמי שיניים 500 קופסה שקד,רגיל,33,2.70,4.90,4.90,מוצרי בית,יח',מוצרי בית,
7290118350583,7290118350583,כוס חמה 7.5 50יח שקד,רגיל,1,2.50,4.90,5.90,מוצרי בית,יח',מוצרי בית,
7290118351269,7290118351269,ת+מ 2ר מלבן בינוני 5 יח,רגיל,7,4.90,8.90,9.90,מוצרי בית,יח',מוצרי בית,
7290118351276,7290118351276,ת+מ 29ר מלבן קטן 10 יח,רגיל,22,4.90,8.90,9.90,מוצרי בית,יח',מוצרי בית,
7290118351535,7290118351535,מנגל נירוסטה עם רגליים גריל,רגיל,6,47.90,89.90,89.90,מוצרי חצר תחנה ,יח',מוצרי חצר תחנה ,
7290118351955,7290118351955,סט צלחת כסף+שקוף 20יח 10+7.5,רגיל,0,13.90,25.90,26.90,מוצרי בית,יח',מוצרי בית,
7290118352709,7290118352709,מפה אלבד שחור בקופסה 10*1.2,רגיל,4,11.90,19.90,20.90,מוצרי בית,יח',מוצרי בית,
7290118420217,7290118420217,אוסם בייגלה שטוחים מצופ שוקלד חלב 120 גרם,רגיל,4,7.90,12.90,13.90,חטיפים מלוחים ,יח',חטיפים מלוחים ,
7290118420347,7290118420347,חטיפי קרקר ביסלי בצל 12*150גרם,רגיל,0,8.97,12.90,13.90,חטיפים מלוחים ,יח',חטיפים מלוחים ,
7290118421252,7290118421252,ביגלה שטוחים קרמל 120ג,רגיל,3,7.90,14.90,13.90,חטיפים מתוקים ,יח',חטיפים מתוקים ,
7290118421436,7290118421436,במבה מתוק,רגיל,0,3.39,7.00,7.00,מוצרי מכולת ,יח',מוצרי מכולת ,
7290118421559,7290118421559,ביסלי חלפיניו 24 *60 גרם,רגיל,0,2.70,6.90,6.90,חטיפים מלוחים ,יח',חטיפים מלוחים ,
7290118421603,7290118421603,אפורופו קרמל 40 גרם,רגיל,0,3.60,4.90,4.90,חטיפים מלוחים ,יח',חטיפים מלוחים ,
7290118421801,7290118421801,קרם פתיבר 40*60גרם,רגיל,0,4.36,7.90,7.90,חטיפים מלוחים ,יח',חטיפים מלוחים ,
7290118422402,7290118422402,במבה במילוי קרם פתיבר 60 גרם,רגיל,0,4.36,6.90,6.90,חטיפים מלוחים ,יח',חטיפים מלוחים ,
7290118422501,7290118422501,אסם צ׳יפס ברביקיו 32*45גרם,רגיל,0,3.08,6.90,6.90,חטיפים מלוחים ,יח',חטיפים מלוחים ,
7290118422525,7290118422525,אסם צ׳יפק קלאסי 32*45גרם,רגיל,0,3.08,6.90,6.90,חטיפים מלוחים ,יח',חטיפים מלוחים ,
7290118422723,7290118422723,ערגליות מינים בטעם תות 12*300ג,רגיל,13,7.83,13.90,13.90,חטיפים מתוקים ,יח',חטיפים מתוקים ,
7290118423669,7290118423669,אפרופו טיובס בצל 50 גרם ,רגיל,0,4.30,7.90,8.90,חטיפים מלוחים ,יח',חטיפים מלוחים ,
7290118423683,7290118423683,אסם בייגלה שטוחים בטעם חמוץ חריף 12*300ג,רגיל,0,7.40,17.90,17.90,חטיפים מלוחים ,יח',חטיפים מלוחים ,
7290118424062,7290118424062,במבה במילוי וופל בלגי,רגיל,1,3.50,7.90,7.90,חטיפים מלוחים ,יח',חטיפים מלוחים ,
7290118424086,7290118424086,במבה במלוי בלגיקי 150 גרם,רגיל,2,7.84,13.90,13.90,חטיפים מלוחים ,יח',חטיפים מלוחים ,
7290118424871,7290118424871,מנה חמה מק&צ׳יז סלסה 52ג,רגיל,9,6.40,8.90,10.90,חטיפים מלוחים ,יח',חטיפים מלוחים ,
7290118424895,7290118424895,מק אנד גיז,רגיל,0,6.90,11.90,11.90,חטיפים מתוקים ,יח',חטיפים מתוקים ,
7290118425083,7290118425083,מנה חמה נודלס בטעמ קרי,רגיל,0,6.25,8.90,8.90,חטיפים מלוחים ,יח',חטיפים מלוחים ,
7290118425113,7290118425113,מנה חמה נודלס הודי חריך,רגיל,0,6.25,8.90,8.90,חטיפים מלוחים ,יח',חטיפים מלוחים ,
7290118425144,7290118425144,מנה חמה נודלס הודי חריף,רגיל,0,6.25,8.90,8.90,חטיפים מלוחים ,יח',חטיפים מלוחים ,
7290118425526,7290118425526,רוטב סויה קלאסי אסם 290,רגיל,14,11.84,19.90,20.90,מוצרי בית,יח',מוצרי בית,
7290118425601,7290118425601,חטיפי טורטיה שום בצל ,רגיל,1,6.46,11.90,12.90,חטיפים מלוחים ,יח',חטיפים מלוחים ,
7290118425700,7290118425700,במילוי מרשמלו על האש 40*60גרם,רגיל,0,4.61,7.90,7.90,חטיפים מלוחים ,יח',חטיפים מלוחים ,
7290118425793,7290118425793,במבה מיקס ברביקיו 150 גרם,רגיל,25,8.53,13.90,14.90,חטיפים מלוחים ,יח',חטיפים מלוחים ,
7290118425816,7290118425816,במבה בסלי  בצל מיקס 150 גרם,רגיל,17,7.85,13.90,14.90,חטיפים מלוחים ,יח',חטיפים מלוחים ,
7290118425830,7290118425830,במבה ביסלי גריל מיקס 150 מיקס,רגיל,13,7.84,13.90,14.90,חטיפים מלוחים ,יח',חטיפים מלוחים ,
7290118425878,7290118425878,חומוס חלק 150גרם חדש,רגיל,-6,4.86,7.90,7.90,מוצרי מקרר ,יח',מוצרי מקרר ,
7290118425892,7290118425892,וצבר חומוס עם חריף 12*150גרם חדש,רגיל,0,4.86,7.90,7.90,מוצרי מקרר ,יח',מוצרי מקרר ,
7290118426202,7290118426202,במבה ביסלי גריל מיקס 70 גרם,רגיל,59,3.90,6.90,7.90,חטיפים מלוחים ,יח',חטיפים מלוחים ,
7290118426226,7290118426226,במבה ביסלי בצל מיקס 70 גרם,רגיל,57,3.90,6.90,7.90,חטיפים מלוחים ,יח',חטיפים מלוחים ,
7290118426240,7290118426240,במבה ביסלי ברביקיו מיקס 70 גרם,רגיל,32,3.90,6.90,7.90,חטיפים מלוחים ,יח',חטיפים מלוחים ,
7290118426967,7290118426967,אפרופו לחם שום 50 גרם ,רגיל,0,4.06,6.90,6.90,חטיפים מלוחים ,יח',חטיפים מלוחים ,
7290118427001,7290118427001,במבה במילוי אייס קפה ,רגיל,0,4.61,7.90,8.90,חטיפים מלוחים ,יח',חטיפים מלוחים ,
7290118427223,7290118427223,במבה מאנצ ברביקיו 45*60ג,רגיל,38,3.20,6.90,6.90,חטיפים מלוחים ,יח',חטיפים מלוחים ,
7290118427322,7290118427322,פתי בר אצבעות שוקולד 180 ג,רגיל,12,10.23,15.90,15.90,חטיפים מתוקים ,יח',חטיפים מתוקים ,
7290118427445,7290118427445,ואסם מיני קרמוגית שוקו 12*200גרם,רגיל,0,9.10,14.90,14.90,חטיפים מתוקים ,יח',חטיפים מתוקים ,
7290118427582,7290118427582,מרק בסגנון ראמן ספייסי 18*70גרם,רגיל,0,8.00,16.90,16.90,חטיפים מלוחים ,יח',חטיפים מלוחים ,
7290118427629,7290118427629,מרק בסגנון ראמן 18*70גרם,רגיל,14,9.25,14.90,16.90,חטיפים מלוחים ,יח',חטיפים מלוחים ,
7290118427643,7290118427643,ווק נודלס ברוטב פאד תאי 18*70גרם,רגיל,0,11.50,14.90,16.90,חטיפים מלוחים ,יח',חטיפים מלוחים ,
7290118427667,7290118427667,מנה חמה ווק אורז בסגנון סצוין 70 גרם ,רגיל,0,8.10,12.90,14.90,חטיפים מלוחים ,יח',חטיפים מלוחים ,
7290118427681,7290118427681,מנה חמה ווק אורז בסגנון תילנדי 70 גרם ,רגיל,6,9.50,12.90,14.90,חטיפים מלוחים ,יח',חטיפים מלוחים ,
7290118427704,7290118427704,מנה חמה מרק בסגנון טום ,רגיל,7,9.25,14.90,14.90,חטיפים מלוחים ,יח',חטיפים מלוחים ,
7290118427728,7290118427728,מנה חמה אורז קארי ירוק 70,רגיל,0,8.00,12.90,14.90,חטיפים מתוקים ,יח',חטיפים מתוקים ,
7290118428046,7290118428046,ואסם פתי בר פינוקי שוקו אישי 30*24.6ג,רגיל,3,1.90,6.90,6.90,חטיפים מתוקים ,יח',חטיפים מתוקים ,
7290118428299,7290118428299,ופיטנס קרקר דק כוסמין ובצל מקורמל 16*140ג,רגיל,-8,9.13,12.90,13.90,חטיפים מלוחים ,יח',חטיפים מלוחים ,
7290118428466,7290118428466,ערגליות בטעם מייפל 12*270גרם,רגיל,0,8.05,13.90,13.90,חטיפים מתוקים ,יח',חטיפים מתוקים ,
7290118428527,7290118428527,מנ. חמה מק&צ׳יז ברביקיו 52,רגיל,0,6.40,11.90,11.90,חטיפים מלוחים ,יח',חטיפים מלוחים ,
7290118428558,7290118428558,אסם קרוטונים בסגנון מקסיקני 12*180גרם,רגיל,9,11.14,16.90,16.90,חטיפים מתוקים ,יח',חטיפים מתוקים ,
7290118428770,7290118428770,אפרופו טיובס חמוץ חריף 50 גרם ,רגיל,0,4.30,7.90,8.90,חטיפים מלוחים ,יח',חטיפים מלוחים ,
7290118428817,7290118428817,ופיטנס בר פריכיות שוקולד חלב אישי 25*14ג,רגיל,-5,2.20,6.90,6.90,חטיפים מתוקים ,יח',חטיפים מתוקים ,
7290118428930,7290118428930,והבית עוגת מייפל 8*340גרם,רגיל,0,16.17,19.90,19.90,חטיפים מתוקים ,יח',חטיפים מתוקים ,
7290118428954,7290118428954,ופיטנס בר גרנולה שוקולד דיספליי 8 20*38ג,רגיל,0,3.08,6.90,6.90,חטיפים מתוקים ,יח',חטיפים מתוקים ,
7290118482222,7290118482222,בלו משקה 150 מ"ל,רגיל,-1,2.10,3.90,3.90,משקאות ,יח',משקאות ,
7290118874836,7290118874836,ממתק שטחים,רגיל,0,3.29,12.00,12.00,מוצרי מכולת ,יח',מוצרי מכולת ,
7290118878438,7290118878438,זוג תותחי קונפטי 11 סמ- מיק פרצופים,רגיל,0,3.50,10.00,10.00,מוצרי מכולת ,יח',מוצרי מכולת ,
7290118878865,7290118878865,ממתק ליקריץ 200 גרם - שטיחים בציפוי סוכרצבעוני בטעמי פירות,רגיל,9,6.89,11.90,11.90,מוצרי יום הולדת ו מתנות ,יח',מוצרי יום הולדת ו מתנות ,
7290118879541,7290118879541,בלון מיילר 18 - יום הולדת שמח לבן,רגיל,1,4.50,15.90,15.90,מוצרי יום הולדת ו מתנות ,יח',מוצרי יום הולדת ו מתנות ,
7290118879701,7290118879701,בלון מיילר 18 - לב מזל טוב קונפטי,רגיל,4,4.50,12.90,12.90,מוצרי יום הולדת ו מתנות ,יח',מוצרי יום הולדת ו מתנות ,
7290118879848,7290118879848,בלון מיילר 18 - HB לבן,רגיל,0,4.49,15.90,15.90,מוצרי יום הולדת ו מתנות ,יח',מוצרי יום הולדת ו מתנות ,
7290119040605,7290119040605,עוגיות נסיכה טעם תות 500ג,רגיל,3,9.90,17.90,17.90,חטיפים מתוקים ,יח',חטיפים מתוקים ,
7290119040650,7290119040650,עוגיות נסיכה מיקס 500 גר,רגיל,4,9.90,17.90,18.90,חטיפים מתוקים ,יח',חטיפים מתוקים ,
7290119040704,7290119040704,עוג. מלוח קריספי עגול 500,רגיל,3,9.90,17.90,17.90,חטיפים מתוקים ,יח',חטיפים מתוקים ,
7290119040759,7290119040759,עוג מלוח קריספי ארוך 500ג,רגיל,2,8.50,17.90,17.90,חטיפים מתוקים ,יח',חטיפים מתוקים ,
7290119040858,7290119040858,עוגיות מקלות עלים 500 גר,רגיל,0,8.50,17.90,18.90,חטיפים מתוקים ,יח',חטיפים מתוקים ,
7290119043149,7290119043149,עוגיות בטעם חמאה 500 גרם,רגיל,1,8.50,17.90,18.90,חטיפים מתוקים ,יח',חטיפים מתוקים ,
7290119043743,7290119043743,"עוגיות מרוקאיות 500 גרם,רגיל,0,8.50,17.90,17.90,חטיפים מתוקים ,יח',חטיפים מתוקים ,
7290119043798,7290119043798,עוגיות אוזניות 500 גרם,רגיל,0,8.50,17.90,17.90,חטיפים מתוקים ,יח',חטיפים מתוקים ,
7290119043897,7290119043897,עוגיות רולדה תמר 500 גרם,רגיל,1,9.90,17.90,18.90,חטיפים מתוקים ,יח',חטיפים מתוקים ,
7290119370184,7290119370184,עוגיות שוקלד thins,רגיל,0,11.51,16.90,16.90,חטיפים מתוקים ,יח',חטיפים מתוקים ,
7290119370351,7290119370351,"פסק זמן אצבעות שוקולד לבן, 100",רגיל,0,7.22,12.90,12.90,מוצרי מכולת ,יח',מוצרי מכולת ,
7290119370955,7290119370955,דנונה פרו 25 ט 1,רגיל,0,4.70,6.90,6.90,מוצרי מקרר ,יח',מוצרי מקרר ,
7290119371037,7290119371037,רבע לשבע עוגיות מצופות שוקלד,רגיל,0,13.13,19.90,19.90,חטיפים מתוקים ,יח',חטיפים מתוקים ,
7290119371044,7290119371044,רבע לשבע סנדויצ,רגיל,0,13.13,18.90,18.90,מוצרי מכולת ,יח',מוצרי מכולת ,
7290119371105,7290119371105,חטיף חלבון עם עוגיות,רגיל,0,13.00,19.90,19.90,חטיפים מתוקים ,יח',חטיפים מתוקים ,
7290119371112,7290119371112,פרו חטיף חלבון קרמל,רגיל,0,9.00,14.90,14.90,חטיפים מתוקים ,יח',חטיפים מתוקים ,
7290119371112,7290119371112,פרו חטיף חלבון קרמל,רגיל,0,7.65,14.90,14.90,חטיפים מתוקים ,יח',חטיפים מתוקים ,
7290119371129,7290119371129,חטיף אורייו חלבון,רגיל,0,9.00,14.90,14.90,חטיפים מתוקים ,יח',חטיפים מתוקים ,
7290119371129,7290119371129,חטיף אורייו חלבון,רגיל,0,7.65,14.90,14.90,חטיפים מתוקים ,יח',חטיפים מתוקים ,
7290119372768,7290119372768,מילקי bar,רגיל,0,3.55,6.90,6.90,חטיפים מתוקים ,יח',חטיפים מתוקים ,
7290119373048,7290119373048,טבלת פ.זמן ש.חלב קרם -מלוח,רגיל,0,7.22,12.90,12.90,חטיפים מתוקים ,יח',חטיפים מתוקים ,
7290119373130,7290119373130,רבע לשבע הולס מריר,רגיל,0,13.13,18.90,18.90,מוצרי מכולת ,יח',מוצרי מכולת ,
7290119373345,7290119373345,אנרג׳י פריכיות משולש,רגיל,0,3.43,6.90,6.90,חטיפים מתוקים ,יח',חטיפים מתוקים ,
7290119373581,7290119373581,נמס אייס קרמל 250 גרם,רגיל,0,5.34,9.90,9.90,מוצרי מקרר ,יח',מוצרי מקרר ,
7290119373581,7290119373581,נמס אייס קרמל 250 גרם,רגיל,0,5.34,9.90,9.90,מוצרי מקרר ,יח',מוצרי מקרר ,
7290119373604,7290119373604,קפה קר נמס,רגיל,-1,5.34,9.90,9.90,מוצרי מקרר ,יח',מוצרי מקרר ,
7290119373611,7290119373611,קפה נמס מנות אישיות 50.4,רגיל,10,11.70,19.90,20.90,חטיפים מתוקים ,יח',חטיפים מתוקים ,
7290119373710,7290119373710,חומס אחלה,רגיל,0,7.80,12.00,12.00,מוצרי מכולת ,יח',מוצרי מכולת ,
7290119374632,7290119374632,דירטוס חמוץ מתוק 55 ג,רגיל,0,2.38,5.90,5.90,חטיפים מלוחים ,יח',חטיפים מלוחים ,
7290119377022,7290119377022,דירטוס טאקו,רגיל,0,2.38,6.00,6.00,מוצרי מכולת ,יח',מוצרי מכולת ,
7290119377077,7290119377077,שוקלד פרה רבע לשבע,רגיל,16,7.77,12.90,12.90,חטיפים מתוקים ,יח',חטיפים מתוקים ,
7290119377084,7290119377084,שוקלד פרה בטעם טורט,רגיל,0,7.22,13.00,13.00,מוצרי מכולת ,יח',מוצרי מכולת ,
7290119377091,7290119377091,טבלת שוקלד בטעם אספרסו,רגיל,0,7.22,13.00,13.00,מוצרי מכולת ,יח',מוצרי מכולת ,
7290119377268,7290119377268,דירטוס פלאפל  55 גרם,רגיל,0,2.38,6.00,6.00,מוצרי מכולת ,יח',מוצרי מכולת ,
7290119377411,7290119377411,דנונה פרו 25 ט 1,רגיל,0,4.70,6.50,6.50,מוצרי מקרר ,יח',מוצרי מקרר ,
7290119377480,7290119377480,פרו קראנצ,רגיל,12,4.70,7.90,7.90,חטיפים מתוקים ,יח',חטיפים מתוקים ,
7290119377510,7290119377510,בפלות עם קרם אגוזים,רגיל,0,3.80,5.90,5.90,חטיפים מתוקים ,יח',חטיפים מתוקים ,
7290119377657,7290119377657,שוקלד פרה ברוניז,רגיל,13,4.73,9.90,10.90,חטיפים מתוקים ,יח',חטיפים מתוקים ,
7290119377688,7290119377688,פרו חטיף חלבון טריקו,רגיל,0,7.65,14.90,14.90,חטיפים מתוקים ,יח',חטיפים מתוקים ,
7290119379200,7290119379200,שמן זית 280,רגיל,0,10.00,14.00,14.00,מוצרי מכולת ,יח',מוצרי מכולת ,
7290119380336,7290119380336,אפיפת שוקו כשלפ 200 גרם,רגיל,0,7.20,11.90,11.90,חטיפים מתוקים ,יח',חטיפים מתוקים ,
7290119380640,7290119380640,בפלות אגוז לוז ,רגיל,0,7.20,10.00,10.00,מוצרי מכולת ,יח',מוצרי מכולת ,
7290119380824,7290119380824,משקה קפה קרה שיבולת ,רגיל,-4,5.47,9.90,9.90,מוצרי מקרר ,יח',מוצרי מקרר ,
7290119381036,7290119381036,תפוציפס קראנצ׳ בייגל,רגיל,0,3.02,5.90,5.90,חטיפים מלוחים ,יח',חטיפים מלוחים ,
7290119382224,7290119382224,ש. פרה מארחת בטעםקפה,רגיל,0,7.87,12.90,12.90,חטיפים מתוקים ,יח',חטיפים מתוקים ,
7290119382231,7290119382231,סו מאץ׳ ש. חלב וש. בלו,רגיל,6,12.03,16.90,16.90,חטיפים מתוקים ,יח',חטיפים מתוקים ,
7290119382262,7290119382262,טחינה,רגיל,0,7.80,11.90,11.90,מוצרי מקרר ,יח',מוצרי מקרר ,
7290119382538,7290119382538,פסק זמן לבן,רגיל,0,3.55,7.90,7.90,חטיפים מתוקים ,יח',חטיפים מתוקים ,
7290119382835,7290119382835,סו מאץ׳ ש. חלב במילוי,רגיל,5,12.03,16.90,16.90,חטיפים מתוקים ,יח',חטיפים מתוקים ,
7290119382989,7290119382989,צנצנת בזוקה ענבים לל״ס66,רגיל,0,5.90,11.90,12.90,חטיפים מתוקים ,יח',חטיפים מתוקים ,
7290119383153,7290119383153,פרו חטיף חלבון שקדים,רגיל,0,7.65,12.90,12.90,חטיפים מתוקים ,יח',חטיפים מתוקים ,
7290119383399,7290119383399,אלפרו משקה ש.ש 1,רגיל,0,8.34,12.90,12.90,מוצרי מקרר ,יח',מוצרי מקרר ,
7290119383535,7290119383535,שכבות בט ו,רגיל,0,2.43,4.90,4.90,מוצרי מקרר ,יח',מוצרי מקרר ,
7290119384068,7290119384068,שוקולד פרה קראצ׳ 100 גר,רגיל,0,6.14,9.90,10.90,חטיפים מתוקים ,יח',חטיפים מתוקים ,
7290119385607,7290119385553,אלפרו משקה סויה 1 ליטר,רגיל,20,7.90,11.90,11.90,מוצרי מקרר ,יח',מוצרי מקרר ,
7290119385768,7290119385768,פרו קראנץ פצפצ,רגיל,7,4.70,6.50,6.50,מוצרי מקרר ,יח',מוצרי מקרר ,
7290119389865,7290119389865,אלפרו משקה ש.ש 1,רגיל,0,4.51,9.90,9.90,מוצרי מקרר ,יח',מוצרי מקרר ,
7290119770199,7290119770199,עין גדי 0.75 (6*4) ספורט פק,רגיל,2,2.16,7.40,8.40,משקאות ,יח',משקאות ,
7290119770847,7290119770847,תפוזינה לימונדה נענע,רגיל,0,2.93,6.90,7.90,משקאות ,יח',משקאות ,
7290119771493,7290119771493,ספרינג אשכוליות 1.5 פק,רגיל,0,6.57,11.90,12.90,משקאות ,יח',משקאות ,
7290119772049,7290119772049,ספר. אפרסק 330 פח שמן פק,רגיל,9,3.47,6.90,7.90,משקאות ,יח',משקאות ,
7290119772292,7290119772292,עין גדי 0.5 ליטר ,רגיל,631,1.18,5.90,6.90,משקאות ,יח',משקאות ,
7290119773640,7290119773640,מפז ענבים 330 זכ פק.,רגיל,0,2.85,6.90,7.90,משקאות ,יח',משקאות ,
7290119773893,7290119773893,שישיה ביטר לימון,רגיל,0,18.46,30.00,30.00,מוצרי מכולת ,יח',מוצרי מכולת ,
7290119774142,7290119774142,ספרינג אננס פסיפפלורה,רגיל,0,6.22,11.90,12.90,משקאות ,יח',משקאות ,
7290119776191,19776191,ספרינג תה אפרסק 330 מ״ל,רגיל,0,3.47,6.90,7.90,משקאות ,יח',משקאות ,
7290119776290,7290119776290,שוויפס תפוזים מוגז 1.5 ליתר,רגיל,9,5.83,11.90,12.90,משקאות ,יח',משקאות ,
7290119776740,7290119776740,מפז. תפוח 330 זכ פק.,רגיל,0,2.85,6.90,7.90,משקאות ,יח',משקאות ,
7290119776849,7290119776849,F&V מנגו בננה מנדרינה 350 מ"ל,רגיל,0,4.00,9.90,10.90,משקאות ,יח',משקאות ,
7290119776894,7290119776894,FUN WATER 1.5 אננס פק.,רגיל,0,5.39,11.90,12.90,משקאות ,יח',משקאות ,
7290119777099,7290119777099,שפס. אננס תות 330 פח פק,רגיל,0,2.59,5.90,6.90,משקאות ,יח',משקאות ,
7290119777143,7290119777143,שפס. פטללימון 330 פח פק,רגיל,0,2.59,5.90,6.90,משקאות ,יח',משקאות ,
7290119777198,7290119777198,שפס. אפרסקאנ נס330 פח פק,רגיל,0,2.59,5.90,6.90,משקאות ,יח',משקאות ,
7290119777594,7290119777594,תפו. תה ירוק ואפרסק 1.5 פק,רגיל,0,6.46,12.90,13.90,משקאות ,יח',משקאות ,
7290119777648,7290119777648,תפו. תה ירוק ולימונענע1.5פ,רגיל,-24,6.46,12.90,13.90,משקאות ,יח',משקאות ,
7290119777693,7290119777693,תפו. תה ירוקאפרסק5. ספטפס,רגיל,0,3.49,6.90,7.90,משקאות ,יח',משקאות ,
7290119777747,7290119777747,תפו. תהירוק לימונענע5. ספטפ,רגיל,0,3.49,6.90,7.90,משקאות ,יח',משקאות ,
7290119777990,7290119777990,מים בטעם אננס -FW,רגיל,0,3.42,7.90,8.90,משקאות ,יח',משקאות ,
7290119778041,7290119778041,שוויפס לימונדה ורודה 330 מ"ל,רגיל,62,3.23,6.90,7.90,משקאות ,יח',משקאות ,
7290119979411,7290118879411,מרשמלו מסולסל ארוך 18 גרם - סוניק,רגיל,60,0.92,1.90,,מוצרי יום הולדת ו מתנות ,יח',מוצרי יום הולדת ו מתנות ,
7290120090309,7290120090309,בלון מיילר 30 זה ילד -מוצץ נקודות,רגיל,4,7.90,11.90,11.90,מוצרי יום הולדת ו מתנות ,יח',מוצרי יום הולדת ו מתנות ,
7290120090408,7290120090408,בלון מיילר 30נסיכה נולדה-מוצץ חלק,רגיל,3,7.90,11.90,11.90,מוצרי יום הולדת ו מתנות ,יח',מוצרי יום הולדת ו מתנות ,
7290120091412,7290120091412,וו בטיחותי 30 ס''מ -סין,רגיל,0,0.00,0.00,0.00,מוצרי יום הולדת ו מתנות ,יח',מוצרי יום הולדת ו מתנות ,
7290120092921,7290120092921,דובי לבן 25ס""מ,רגיל,0,26.25,45.00,45.00,מוצרי מכולת ,יח',מוצרי מכולת ,
7290120663046,7290120663046,בונבוניירה אהבה שוקו נאטס 140 גרם - אגוזיםמצופים שוקולד 1/12,רגיל,1,14.50,21.90,21.90,חטיפים מתוקים ,יח',חטיפים מתוקים ,
7290120663930,7290120663930,לקקן מרשמלו 45 גרם- 24יח׳/8 מיניונים,רגיל,16,3.99,6.90,6.90,מוצרי יום הולדת ו מתנות ,יח',מוצרי יום הולדת ו מתנות ,
7290120664036,7290120664036,לקקן מרשמלו 45 גרם- בוב ספוג,רגיל,20,3.99,6.90,6.90,מוצרי יום הולדת ו מתנות ,יח',מוצרי יום הולדת ו מתנות ,
7290120664081,7290120664081,לקקן מרשמלו 45 גרם- 24יח׳/8 סוניק,רגיל,24,3.09,6.90,6.90,מוצרי יום הולדת ו מתנות ,יח',מוצרי יום הולדת ו מתנות ,
7290120664135,7290120664135,לקקן מרשמלו 45 גרם- 24יח׳/8 מפרץההרפתקאות,רגיל,8,3.99,6.90,6.90,מוצרי יום הולדת ו מתנות ,יח',מוצרי יום הולדת ו מתנות ,
7290120664180,7290120664180,לקקן מרשמלו 45 גרם- 16יח׳/8 הלו קיטי,רגיל,0,3.99,6.90,6.90,מוצרי יום הולדת ו מתנות ,יח',מוצרי יום הולדת ו מתנות ,
7290120667549,7290120667549,חרב בועות סבון 130 מ״ל - ספיידרמן,רגיל,30,4.49,9.90,9.90,מוצרי יום הולדת ו מתנות ,יח',מוצרי יום הולדת ו מתנות ,
7290120667693,7290120667693,חרב בועות סבון 130 מ״ל - הלו קיטי,רגיל,5,4.48,9.90,9.90,מוצרי יום הולדת ו מתנות ,יח',מוצרי יום הולדת ו מתנות ,
7290120667839,7290120667839,ממתק ליקריץ 200 גרם - ממולא ללא ציפוי סוכראדום,רגיל,1,6.89,11.90,11.90,מוצרי יום הולדת ו מתנות ,יח',מוצרי יום הולדת ו מתנות ,
7290120668710,7290120668710,בלון מיילר 31 - מיקי מאוס מועדון חברים,רגיל,5,11.90,20.00,,מוצרי יום הולדת ו מתנות ,יח',מוצרי יום הולדת ו מתנות ,
7290120669048,7290120669048,טבעת יהלום 10 גרם הלו קיטי 24/12,רגיל,0,0.75,2.00,2.00,מוצרי יום הולדת ו מתנות ,יח',מוצרי יום הולדת ו מתנות ,
7290120669093,7290120669093,טבעת יהלום 12 גרם ברבי 24/12,רגיל,1,0.79,2.00,2.00,מוצרי יום הולדת ו מתנות ,יח',מוצרי יום הולדת ו מתנות ,
7290120669390,7290120669390,גומי 100 גרם - אבטיח מסוכר,רגיל,-3,3.73,6.90,6.90,חטיפים מתוקים ,יח',חטיפים מתוקים ,
7290120669444,7290120669444,גומי 100 גרם - בננה צהובה,רגיל,60,4.50,7.90,7.90,חטיפים מתוקים ,יח',חטיפים מתוקים ,
7290120669499,7290120669499,גומי 100 גרם - קולה מבורק,רגיל,57,3.73,6.90,6.90,חטיפים מתוקים ,יח',חטיפים מתוקים ,
7290120669543,7290120669543,גומי 100 גרם - גלידה ממסוכר,רגיל,4,3.73,6.90,6.90,חטיפים מתוקים ,יח',חטיפים מתוקים ,
7290120669642,7290120669642,גומי 100 גרם - פיצה,רגיל,51,3.73,6.90,6.90,חטיפים מתוקים ,יח',חטיפים מתוקים ,
7290120669697,7290120669697,גומי 100 גרם - נחש מוברק,רגיל,15,3.73,6.90,6.90,חטיפים מתוקים ,יח',חטיפים מתוקים ,
7290120669741,7290120669741,גומי 100 גרם - נחש סוכר חמוץ,רגיל,-3,3.78,6.90,6.90,חטיפים מתוקים ,יח',חטיפים מתוקים ,
7290120669796,7290120669796,גומי 100 גרם - דובי מוברק,רגיל,1,3.78,6.90,6.90,חטיפים מתוקים ,יח',חטיפים מתוקים ,
7290120669840,7290120669840,גומי 100 גרם - דובדובן מוברק,רגיל,55,3.73,6.90,6.90,חטיפים מתוקים ,יח',חטיפים מתוקים ,
7290120669895,7290120669895,גומי 100 גרם - לב אהבה מוברק,רגיל,77,3.73,6.90,6.90,חטיפים מתוקים ,יח',חטיפים מתוקים ,
7290120870147,7290120870147,עוגיות בטעם חמאה 340 גרם,רגיל,0,8.50,17.90,17.90,חטיפים מתוקים ,יח',חטיפים מתוקים ,
7290121290005,7290121290005,ווינסטון אדום - חדש ,רגיל,18,31.86,41.00,44.00, כל הסיגריות,יח', כל הסיגריות,
7290121290036,7290121290036,ווינסטון כחול - חדש,רגיל,172,31.86,41.00,44.00, כל הסיגריות,יח', כל הסיגריות,
7290121290067,7290121290067,ווינסטון כחול ארוך - ברקוד חדש ,רגיל,20,31.86,41.00,44.00, כל הסיגריות,יח', כל הסיגריות,
7290121290159,7290121290159,כאמל צהוב ארוך - ברקוד חדש,רגיל,7,30.27,41.00,43.50, כל הסיגריות,יח', כל הסיגריות,
7290121290180,7290121290180,כאמל כחול ,רגיל,39,30.27,41.00,43.50, כל הסיגריות,יח', כל הסיגריות,
7290121290333,7290121290333,כאמל צהוב סופט חדש,רגיל,-2,30.27,41.00,43.50, כל הסיגריות,יח', כל הסיגריות,
7290121290364,7290121290364,ווינסטון קוד - חדש,רגיל,142,30.27,39.00,41.00, כל הסיגריות,יח', כל הסיגריות,
7290121290395,7290121290395,ווינסטון אקווה - ברקוד חדש,רגיל,22,30.27,39.00,41.00, כל הסיגריות,יח', כל הסיגריות,
7290121290456,7290121290456,כאמל קומפקט כחול ,רגיל,0,25.49,32.00,32.00, כל הסיגריות,יח', כל הסיגריות,
7290121290487,7290121290487,ווינסטון קומפקט כחול חדש,רגיל,20,27.08,39.00,41.00, כל הסיגריות,יח', כל הסיגריות,
7290121290630,7290121290630,ווינסטון קומפקט קוד ,רגיל,0,25.49,35.00,35.00, כל הסיגריות,יח', כל הסיגריות,
7290121801447,7290121801447,טלפון סוכריות - מפרץ ההרפתקאות,רגיל,37,4.99,9.90,9.90,מוצרי יום הולדת ו מתנות ,יח',מוצרי יום הולדת ו מתנות ,
7290121801546,7290121801546,טלפון סוכריות - ליגת הצדק,רגיל,9,4.99,9.90,9.90,מוצרי יום הולדת ו מתנות ,יח',מוצרי יום הולדת ו מתנות ,
7290121801980,7290121801980,ממתק ליקריץ 200 גרם - שטיחים בציפוי סוכרתות,רגיל,1,6.89,11.90,11.90,חטיפים מתוקים ,יח',חטיפים מתוקים ,
7290121802031,7290121802031,ממתק ליקריץ 200 גרם - ממולא בציפוי סוכרבלוקים תות,רגיל,1,6.89,11.90,11.90,חטיפים מתוקים ,יח',חטיפים מתוקים ,
7290121802086,7290121802086,ממתק ליקריץ 200 גרם - שטיחים בציפוי סוכרתות בננה,רגיל,-1,6.89,11.90,11.90,מוצרי יום הולדת ו מתנות ,יח',מוצרי יום הולדת ו מתנות ,
7290121802130,7290121802130,ממתק ליקריץ 200 גרם - שטיחים בציפוי סוכרענבים,רגיל,1,6.89,11.90,11.90,מוצרי יום הולדת ו מתנות ,יח',מוצרי יום הולדת ו מתנות ,
7290121802185,7290121802185,ממתק ליקריץ 200 גרם - שטיחים בציפוי סוכרקולה,רגיל,0,6.89,11.90,11.90,מוצרי יום הולדת ו מתנות ,יח',מוצרי יום הולדת ו מתנות ,
7290121806619,7290121806619,בקבוק נירוסטה דופן כפולה 970 מל עם ידית -שחור,רגיל,0,31.90,49.90,49.90,מוצרי יום הולדת ו מתנות ,יח',מוצרי יום הולדת ו מתנות ,
7290121806664,7290121806664,בקבוק נירוסטה דופן כפולה 970 מל עם ידית -תכלת,רגיל,1,31.90,49.90,49.90,מוצרי יום הולדת ו מתנות ,יח',מוצרי יום הולדת ו מתנות ,
7290121806718,7290121806718,בקבוק נירוסטה דופן כפולה 970 מל עם ידית -שמנת,רגיל,0,31.90,49.90,49.90,מוצרי יום הולדת ו מתנות ,יח',מוצרי יום הולדת ו מתנות ,
7290121806763,7290121806763,בקבוק נירוסטה דופן כפולה 970 מל עם ידית -ורוד בייבי,רגיל,1,31.90,49.90,49.90,מוצרי יום הולדת ו מתנות ,יח',מוצרי יום הולדת ו מתנות ,
7290121806885,7290121806985,מקלות ביסקוויט בכוס הלו קיטי,רגיל,260,7.60,1.90,,מוצרי יום הולדת ו מתנות ,יח',מוצרי יום הולדת ו מתנות ,
7290121808453,7290121808453,בקבוק נירוסטה קולה 500 מל זוהר בחושך - הלקיטי,רגיל,0,29.90,49.90,49.90,מוצרי יום הולדת ו מתנות ,יח',מוצרי יום הולדת ו מתנות ,
7290121808507,7290121808507,בקבוק נירוסטה קולה 500 מל זוהר בחושך -ספיידרמן,רגיל,0,29.90,49.90,49.90,מוצרי יום הולדת ו מתנות ,יח',מוצרי יום הולדת ו מתנות ,
7290121808712,7290121808712,כוס נירוסטה דופן כפולה 450 מ״ל - שחור פחם,רגיל,9,22.90,39.90,39.90,מוצרי יום הולדת ו מתנות ,יח',מוצרי יום הולדת ו מתנות ,
7290121808767,7290121808767,כוס נירוסטה דופן כפולה 450 מ״ל - שמנת,רגיל,3,22.90,39.90,39.90,מוצרי יום הולדת ו מתנות ,יח',מוצרי יום הולדת ו מתנות ,
7290121808811,7290121808811,כוס נירוסטה דופן כפולה 450 מ״ל - סגול,רגיל,2,22.90,39.90,39.90,מוצרי יום הולדת ו מתנות ,יח',מוצרי יום הולדת ו מתנות ,
7290121808859,7290121808859,בקבוק קולה נירוסטה 500 מל פקק דמות תלתמימד - סטיץ׳,רגיל,1,29.90,49.90,49.90,מוצרי יום הולדת ו מתנות ,יח',מוצרי יום הולדת ו מתנות ,
7290121808866,7290121808866,כוס נירוסטה דופן כפולה 450 מ״ל - תכלת,רגיל,5,22.90,39.90,39.90,מוצרי יום הולדת ו מתנות ,יח',מוצרי יום הולדת ו מתנות ,
7290121808903,7290121808903,בקבוק קולה נירוסטה 500 מל פקק דמות תלתמימד - מיקי,רגיל,5,29.90,49.90,49.90,מוצרי יום הולדת ו מתנות ,יח',מוצרי יום הולדת ו מתנות ,
7290121808910,7290121808910,כוס נירוסטה דופן כפולה 450 מ״ל - כחול נייבי,רגיל,6,22.90,39.90,39.90,מוצרי יום הולדת ו מתנות ,יח',מוצרי יום הולדת ו מתנות ,
7290121808958,7290121808958,בקבוק קולה נירוסטה 500 מל פקק דמות תלתמימד - מיני,רגיל,3,29.90,49.90,49.90,מוצרי יום הולדת ו מתנות ,יח',מוצרי יום הולדת ו מתנות ,
7290121809009,7290121809009,בקבוק קולה נירוסטה 500 מל פקק דמות תלתמימד - באטמן,רגיל,4,29.90,49.90,49.90,מוצרי יום הולדת ו מתנות ,יח',מוצרי יום הולדת ו מתנות ,
7290122780079,7290122780079,מאנצ׳ צ׳דר 25*150גרם,רגיל,20,6.50,13.90,13.90,חטיפים מלוחים ,יח',חטיפים מלוחים ,
7290122780277,7290122780277,צבר חציל פיקנטי 6*225גרם,רגיל,1,6.79,10.90,10.90,מוצרי מקרר ,יח',מוצרי מקרר ,
7290122780291,7290122780291,צבר מטבוחה מרוקאית 6*225,רגיל,1,6.79,10.90,10.90,מוצרי מקרר ,יח',מוצרי מקרר ,
7290122780352,7290122780352,צבר חציל על האש בטחינה 6,רגיל,0,6.01,10.90,10.90,מוצרי מקרר ,יח',מוצרי מקרר ,
7290122780376,7290122780376,צבר קולסלאו 6*225גרם,רגיל,0,6.01,10.90,10.90,מוצרי מקרר ,יח',מוצרי מקרר ,
7290122781533,7290122781533,דובונים ברביקיו 30*40גרם,רגיל,1,3.20,5.90,5.90,חטיפים מלוחים ,יח',חטיפים מלוחים ,
7290122782738,7290122782738,צבר סלט כרוב אדום 6*225ג,רגיל,0,6.01,10.90,10.90,מוצרי מקרר ,יח',מוצרי מקרר ,
7290220554729,7290220554729,קפסוךות גולדי 1,רגיל,0,9.96,35.00,35.00,מוצרי מכולת ,יח',מוצרי מכולת ,
7290408866450,7290408866450,סביקר MR 815,רגיל,0,316.00,599.90,599.90,אבזרי סלולר ו חשמל ,יח',אבזרי סלולר ו חשמל ,
7290485627943,7290485627943,פולו תרמוס 0.75 ליטר+3 כוסות כחול,רגיל,1,26.00,49.90,49.90,מוצרי חצר תחנה ,יח',מוצרי חצר תחנה ,
7291000129973,7291000129973,זוג סוללות אלקיין LR 20- ג ,רגיל,2,11.90,20.00,20.00,מוצרי  אלקטרונים ,יח',מוצרי  אלקטרונים ,
7291000129980,7291000129980,סלולה אלקליין 9V -LR6,רגיל,9,8.90,25.00,25.00,מוצרי מכולת ,יח',מוצרי מכולת ,
7291000129997,7291000129997,זוג סוללות אלקליין LR14-C-DUALPOWER,רגיל,6,9.90,19.80,19.80,אבזרי סלולר ו חשמל ,יח',אבזרי סלולר ו חשמל ,
7291123652587,7291123652587,סיגריה אלקטרונית2,רגיל,0,0.00,140.00,140.00,מוצרי מכולת ,יח',מוצרי מכולת ,
7291123657858,7291123657858,סיגריה אלקטרונית דום-ענבים אייס,רגיל,0,0.00,100.00,100.00,מוצרי מכולת ,יח',מוצרי מכולת ,
7291123657872,7291123657872,סיגריה אלקטרונית דום-אבטיח אייס,רגיל,0,0.00,100.00,100.00,מוצרי מכולת ,יח',מוצרי מכולת ,
7291123657889,7291123657889,סיגריה אלקטרונית דום-אוכמניות אייס,רגיל,0,0.00,100.00,100.00,מוצרי מכולת ,יח',מוצרי מכולת ,
7291123657896,7291123657896,סיגריה א. תות אייס דום,רגיל,0,0.00,100.00,100.00,מוצרי מכולת ,יח',מוצרי מכולת ,
7291123657902,7291123657902,סיגריה אלקטרונית דום- אפרסק אייס,רגיל,0,0.00,100.00,100.00,מוצרי מכולת ,יח',מוצרי מכולת ,
7291123657926,7291123657926,סיגריה אלקטרונית דום -תפוח אייס,רגיל,0,0.00,100.00,100.00,מוצרי מכולת ,יח',מוצרי מכולת ,
7291123657933,7291123657933,סיגריה אלקטרונית דום- מנגו אייס,רגיל,0,0.00,100.00,100.00,מוצרי מכולת ,יח',מוצרי מכולת ,
7291123657940,7291123657940,סיגריה אלקטרונית דום - מנטה אייס,רגיל,0,0.00,100.00,100.00,מוצרי מכולת ,יח',מוצרי מכולת ,
7291234500550,7291234500550,בריקים להצתה,רגיל,0,0.00,39.00,39.00,מוצרי מכולת ,יח',מוצרי מכולת ,
7291235661477,7291235661477,סוללןת כפתור  23A,רגיל,8,3.50,9.90,11.90,אבזרי סלולר ו חשמל ,יח',אבזרי סלולר ו חשמל ,
7291235661484,7291235661484,סוללות כפתור -27A DUALPOWER ,רגיל,14,3.50,8.90,8.90,אבזרי סלולר ו חשמל ,יח',אבזרי סלולר ו חשמל ,
7291235661613,7291235661613,רביעיית אלקיין סוללות 4AAA,רגיל,2,4.50,10.00,10.00,מוצרי מכולת ,יח',מוצרי מכולת ,
7291235661620,7291235661620,רביעיית סוללות אלקיין DUALPOWER 4AA,רגיל,7,4.50,10.00,10.00,מוצרי מכולת ,יח',מוצרי מכולת ,
7291235661651,7291235661651,זוג סוללות כפתור - CR2025,רגיל,25,3.50,8.00,8.00,מוצרי  אלקטרונים ,יח',מוצרי  אלקטרונים ,
7291235661668,7291235661668,זוג סוללות כפתור-CR2032,רגיל,10,3.50,9.00,9.00,מוצרי מכולת ,יח',מוצרי מכולת ,
7291235661675,7291235661675,סוללןת כפתור  3V,רגיל,3,3.50,9.90,11.90,אבזרי סלולר ו חשמל ,יח',אבזרי סלולר ו חשמל ,
7291235661705,7291235661705,זוג סוללות אלקליין L4AAA,רגיל,7,3.30,8.00,8.00,מוצרי מכולת ,יח',מוצרי מכולת ,
7296049012507,7296049012507,קקמפטאון אוהל פתיחה מהירה ,רגיל,2,109.00,179.90,179.90,מוצרי חצר תחנה ,יח',מוצרי חצר תחנה ,
7296049014457,7296049014457,באלי בקבוק תרמי נירוסטה 750,רגיל,2,29.00,44.90,45.90,משקאות ,יח',משקאות ,
7296049014464,7296049014464,קמפטאון תרמוס נירוסטה 500,רגיל,8,19.00,39.90,39.90,מוצרי חצר תחנה ,יח',מוצרי חצר תחנה ,
7296049014488,7296049014488,קמפטאון תרמוס נירוסטה 1000,רגיל,11,27.00,44.90,44.90,מוצרי חצר תחנה ,יח',מוצרי חצר תחנה ,
7296049014693,7296049014693,מאג תרמי 450 מ״ל פסטל צבעוני 20בדיספליי,רגיל,3,6.90,11.90,11.90,מוצרי חצר תחנה ,יח',מוצרי חצר תחנה ,
7296049015485,7296049015485,משאבה רגלית 3ל׳ 22/16 כולל 3 פיותT01,רגיל,1,14.90,34.90,34.90,מוצרי חצר תחנה ,יח',מוצרי חצר תחנה ,
7296049017519,7296049017519,קוברה מצית גז פירמידה 15ס״מ צבעוני20 דיספליי8990,רגיל,39,1.90,9.90,9.90,מוצרי חצר תחנה ,יח',מוצרי חצר תחנה ,
7296049019162,7296049019162,צידנית רכה 20 ל׳ CASTLE21/31/31 600D BEACH,רגיל,0,15.90,39.90,39.90,מוצרי חצר תחנה ,יח',מוצרי חצר תחנה ,
7296049019186,7296049019186,צידנית רכה 10ל׳ מעוצבת CASTLE20/26/22 600D,רגיל,0,14.90,34.90,34.90,מוצרי חצר תחנה ,יח',מוצרי חצר תחנה ,
7296049022421,7296049022421,כסא במאים+ידיות שחור,רגיל,-1,26.90,64.90,64.90,מוצרי חצר תחנה ,יח',מוצרי חצר תחנה ,
7296049024562,7296049024562,קמפטאון אוהל חוף כחול/אדום200/100/105,רגיל,4,35.00,79.90,79.90,מוצרי חצר תחנה ,יח',מוצרי חצר תחנה ,
7296049024630,7296049024630,קמפטאן כסא דייגים אלקסה שחור,רגיל,1,42.00,89.90,89.90,מוצרי חצר תחנה ,יח',מוצרי חצר תחנה ,
7296049024845,7296049024845,בוס קומקום נירוסטה BOSS B0223001.8,רגיל,0,30.00,59.90,59.90,מוצרי חצר תחנה ,יח',מוצרי חצר תחנה ,
7296049024913,7296049024913,קמפטאון רשת צלייה 49/34/21 ידית עץ,רגיל,0,10.90,19.90,19.90,מוצרי מכולת ,יח',מוצרי מכולת ,
7296049025354,7296049025354,סוזוקי כבל מאריך 4 מ שחור,רגיל,0,18.70,29.90,29.90,אבזרי סלולר ו חשמל ,יח',אבזרי סלולר ו חשמל ,
7296049027778,7296049027778,ערכת קפה בתיק שחור,רגיל,3,59.00,119.90,119.90,מוצרי חצר תחנה ,יח',מוצרי חצר תחנה ,
7296049063547,7296049063547,ערסל יחיד 100/200 ס״מ צבעוני,רגיל,3,39.00,79.90,79.90,מוצרי חצר תחנה ,יח',מוצרי חצר תחנה ,
7296049064001,7296049064001,ערסל זוגי 140/200 ס"מ ברזל ,רגיל,6,49.00,114.90,114.90,מוצרי חצר תחנה ,יח',מוצרי חצר תחנה ,
7296049064339,7296049064339,מחצלת שטח 2/3 יארד 180/270 ס״מ,רגיל,3,26.00,79.90,79.90,מוצרי חצר תחנה ,יח',מוצרי חצר תחנה ,
7296049085068,7296049085068,קמפטאון אוהל פתיחה מהירה INSTANT6 300/210/160 6,רגיל,1,149.00,259.90,259.90,מוצרי חצר תחנה ,יח',מוצרי חצר תחנה ,
7296049123036,7296049123036,מחצלת שטח 4/4 יארד 360/360 ס״מ,רגיל,0,76.00,149.90,149.90,מוצרי חצר תחנה ,יח',מוצרי חצר תחנה ,
7296049123043,7296049123043,מחצלת שטח 3/4 יארד 270/360 ס״מ,רגיל,3,67.00,119.90,119.90,מוצרי חצר תחנה ,יח',מוצרי חצר תחנה ,
7296049123050,7296049123050,מחצלת שטח 3/3 יארד 270/270 ס״מ,רגיל,0,59.00,99.90,99.90,מוצרי חצר תחנה ,יח',מוצרי חצר תחנה ,
7296049161502,7296049161502,כירה גז ניידת 34/27/10 ס״מ - BDZ155,רגיל,1,39.00,99.90,99.90,מוצרי חצר תחנה ,יח',מוצרי חצר תחנה ,
7296049223750,7296049223750,קרחום 200 מ״ל צבעוני,רגיל,8,2.60,8.90,8.90,מוצרי חצר תחנה ,יח',מוצרי חצר תחנה ,
7296049226867,7296049226867,קמפטאון סט 3 בקבוקי ספורט2000/900/300 מל׳ מעורב,רגיל,12,21.90,44.90,44.90,מוצרי חצר תחנה ,יח',מוצרי חצר תחנה ,
7296049227062,7296049227062,צידנית קשיחה 42ל' 50/40/40 כחולCAMPTOWN,רגיל,0,199.00,349.90,349.90,מוצרי חצר תחנה ,יח',מוצרי חצר תחנה ,
7296049227079,7296049227079,צידנית קשיחה 42ל 40\40\50 שחור,רגיל,3,169.00,279.90,279.90,מוצרי חצר תחנה ,יח',מוצרי חצר תחנה ,
7296049227093,7296049227093,מיכל מים 2.3 ל' קשיח 18/19 כחולCAMPTOWN,רגיל,0,21.90,44.90,44.90,מוצרי חצר תחנה ,יח',מוצרי חצר תחנה ,
7296049227154,7296049227154,מיכל מים 8ל׳ קשיח 24/34 כחול,רגיל,0,45.00,84.90,84.90,מוצרי חצר תחנה ,יח',מוצרי חצר תחנה ,
7296049227161,7296049227161,מיכל מים 8 ליטר קשיח 24\34 שחו,רגיל,1,44.00,89.90,89.90,מוצרי חצר תחנה ,יח',מוצרי חצר תחנה ,
7296049228403,7296049228403,קמפטאון צידנית טרולי 50 ליטר כחול BLUE,רגיל,0,79.00,134.90,134.90,מוצרי חצר תחנה ,יח',מוצרי חצר תחנה ,
7296049228427,7296049228427,קמפטאון צידנית טרולי 50 ליטר שחורBLACK,רגיל,2,59.00,119.90,119.90,מוצרי חצר תחנה ,יח',מוצרי חצר תחנה ,
7296049229905,7296049229905,קמפטאון עגלת קמפינג מתקפלת שחורWAGON 75/47/93,רגיל,0,179.00,259.90,259.90,מוצרי חצר תחנה ,יח',מוצרי חצר תחנה ,
7296049258981,7296049258981,דן נפנף,רגיל,1,2.50,7.90,8.90,מוצרי בית,יח',מוצרי בית,
7296049264678,7296049264678,מחצלת שטח 2/2 יארד 180/180 ס״מ,רגיל,11,24.00,64.90,64.90,מוצרי חצר תחנה ,יח',מוצרי חצר תחנה ,
7296049299885,7296049299885,קמפטואן קלקר למים,רגיל,8,16.00,39.90,39.90,מוצרי חצר תחנה ,יח',מוצרי חצר תחנה ,
7296073078579,7296073078579,דבש טבעי מפרחי שדה 350 ג,רגיל,3,11.90,22.00,22.00,מוצרי מכולת ,יח',מוצרי מכולת ,
7296073170860,7296073170860,צ׳יפס קלאסי 1.5 קג,רגיל,0,15.90,27.90,28.90,קפואים מצוננים ,יח',קפואים מצוננים ,
7296073195269,7296073195269,פריכ. אורז מלא+קינואה 110ג ,רגיל,0,4.90,9.90,10.90,מוצרי בית,יח',מוצרי בית,
7296073267188,7296073267188,צמר גפן רפואי 100 גרם,רגיל,32,4.90,8.90,9.90,מוצרי ניקיון ו טיפוח אישי,יח',מוצרי ניקיון ו טיפוח אישי,
7296073383666,7296073383666,סוכר לבן 1 ק״ג,רגיל,17,3.20,5.90,5.90,מוצרי בית,יח',מוצרי בית,
7296073429807,7296073429807,פסטו 180 גרם,רגיל,8,7.50,15.90,16.90,מוצרי בית,יח',מוצרי בית,
7296073429814,7296073429814,צ׳ימיצ׳ורי 180ג שדה אדמה,רגיל,11,7.50,15.90,16.90,מוצרי בית,יח',מוצרי בית,
7296073429821,7296073429821,ממרח זעתר 180ג שדה אדמה,רגיל,11,7.50,15.90,16.90,מוצרי בית,יח',מוצרי בית,
7296073459309,7296073459309,ציפס בטטה זיגזג קפוא500ג,רגיל,9,10.90,19.90,20.90,קפואים מצוננים ,יח',קפואים מצוננים ,
7296073675013,7296073675013,סירופ מייפל טבעי 250 מ״ל,רגיל,9,17.90,32.00,32.00,מוצרי מכולת ,יח',מוצרי מכולת ,
7296073703785,7296073703785,זית כתית נריה 750 מל,רגיל,12,21.50,39.90,40.90,מוצרי בית,יח',מוצרי בית,
7296073705482,7296073705482,ציפס קפוא זיגזג 1.5 ק״ג,רגיל,2,16.50,31.90,32.90,קפואים מצוננים ,יח',קפואים מצוננים ,
7296073705499,7296073705499,צ'יפס קפוא אמריקאי 1.5 ק,רגיל,2,16.50,29.90,30.90,קפואים מצוננים ,יח',קפואים מצוננים ,
7296073722182,7296073722182,3 מטל. מקרופיבר למשטח VIVI,רגיל,0,4.50,9.90,10.90,מוצרי ניקיון ו טיפוח אישי,יח',מוצרי ניקיון ו טיפוח אישי,
7296073722199,7296073722199,9 מטליות לניקוי משטחVIVI,רגיל,3,5.50,9.90,10.90,מוצרי ניקיון ו טיפוח אישי,יח',מוצרי ניקיון ו טיפוח אישי,
7296073722342,7296073722342,מטליות לחות לרצפה50 VIVI,רגיל,18,23.90,37.90,38.90,מוצרי ניקיון ו טיפוח אישי,יח',מוצרי ניקיון ו טיפוח אישי,
7296073723400,7296073723400,זיתי קלמטה 180 גרם,רגיל,10,7.50,15.90,16.90,מוצרי בית,יח',מוצרי בית,
7296073726272,7296073726272,שום 250 גרם,רגיל,4,8.90,15.90,16.90,מוצרי בית,יח',מוצרי בית,
7296073726296,7296073726296,פסטו 250 גרם,רגיל,4,8.90,15.90,16.90,מוצרי בית,יח',מוצרי בית,
7296073726340,7296073726340,חריף 250 גרם,רגיל,8,8.90,15.90,16.90,מוצרי בית,יח',מוצרי בית,
7296102097458,7296102097458,שישיית סודה 1,רגיל,0,0.00,12.00,12.00,מוצרי מכולת ,יח',מוצרי מכולת ,
7297777082563,7297777082565,בצק צבעוני לילדים,רגיל,3,4.24,9.90,,תכשיטים לילדות קטנות ,יח',תכשיטים לילדות קטנות ,
7299011011828,7299011011828,פנטה זירו ,רגיל,0,0.00,0.00,,משקאות ,יח',משקאות ,
7394376621451,7394376621451,משקה שיבולת שועל להקצפה  1 ליטר,רגיל,0,13.18,19.90,19.90,חטיפים מתוקים ,יח',חטיפים מתוקים ,
7417927280881,7417927280881,פילטר פחם  ריליף 5.3,רגיל,0,16.90,30.00,30.00,אבזרי עישון ,יח',אבזרי עישון ,
7417927281734,7417927281734,לה גונטל ברזל (מאחסן קונוס),רגיל,1,9.00,18.90,,אבזרי עישון ,יח',אבזרי עישון ,
7417927283387,7417927283387,גריינדיר פלסטיק צבעוני 24 יח,רגיל,0,30.51,36.00,,מוצרי שימוש מטבח -חנות ,יח',מוצרי שימוש מטבח -חנות ,
7417927284230,7417927284230,שומר סיגריה פלסטיק,רגיל,96,3.00,9.90,,אבזרי עישון ,יח',אבזרי עישון ,
7417927287453,7417927287453,פילטר פחם 6 קצר ,רגיל,0,17.00,30.00,30.00,אבזרי עישון ,יח',אבזרי עישון ,
7427791405310,7427791405310,ס. אלקטרונית משקה אנרגיה,רגיל,0,0.00,60.00,60.00,מוצרי מכולת ,יח',מוצרי מכולת ,
7427791405624,7427791405624,סיגריה אלקטרונית-ענבים,רגיל,0,0.00,60.00,60.00,מוצרי מכולת ,יח',מוצרי מכולת ,
7427791406096,7427791406096,סיגריה אלקטרונית-תפוח נרגילה,רגיל,0,0.00,60.00,60.00,מוצרי מכולת ,יח',מוצרי מכולת ,
7427791408458,7427791408458,ס. אלקטרונית אבטיח אייס,רגיל,0,0.00,60.00,60.00,מוצרי מכולת ,יח',מוצרי מכולת ,
7427791408526,7427791408526,ס. אלקטרונית דובדבן אייס,רגיל,0,0.00,60.00,60.00,מוצרי מכולת ,יח',מוצרי מכולת ,
7427791408694,7427791408694,תפוח אייס סיגריה א.,רגיל,0,0.00,60.00,60.00,מוצרי מכולת ,יח',מוצרי מכולת ,
7427791408830,7427791408830,ס.אלקטרונית טעם מיקס פירות,רגיל,0,0.00,60.00,60.00,מוצרי מכולת ,יח',מוצרי מכולת ,
7427791408908,7427791408908,ענבים אייס סיגריה א.,רגיל,0,0.00,60.00,60.00,מוצרי מכולת ,יח',מוצרי מכולת ,
7427791409066,7427791409066,אוכמניות אייס סיגריה א.,רגיל,0,0.00,60.00,60.00,מוצרי מכולת ,יח',מוצרי מכולת ,
7427791409134,7427791409134,תות אייס סיגריה א.,רגיל,0,0.00,60.00,60.00,מוצרי מכולת ,יח',מוצרי מכולת ,
7427791409202,7427791409202,סוכריות אייס סיגריה א.,רגיל,0,0.00,60.00,60.00,מוצרי מכולת ,יח',מוצרי מכולת ,
7427791409370,7427791409370,ס. אלקטרונית קפה אייס,רגיל,0,0.00,60.00,60.00,מוצרי מכולת ,יח',מוצרי מכולת ,
7427791409448,7427791409448,ס.אלקטרונית תפוח נרגילה,רגיל,0,0.00,60.00,60.00,מוצרי מכולת ,יח',מוצרי מכולת ,
7427791409516,7427791409516,בננה אייס סיגריה א.,רגיל,0,0.00,60.00,60.00,מוצרי מכולת ,יח',מוצרי מכולת ,
7427791409684,7427791409684,אפרסק אייס ס. אלקטרונית,רגיל,0,0.00,60.00,60.00,מוצרי מכולת ,יח',מוצרי מכולת ,
7427791409752,7427791409752,ס.אלקטרונית בטעם אננס אייס,רגיל,0,0.00,60.00,60.00,מוצרי מכולת ,יח',מוצרי מכולת ,
7501013101348,7501013101348,גומיקס מנגו,רגיל,0,5.05,11.90,,משקאות ,יח',משקאות ,
7501013101355,7501013101355,גיומיקס נקטר אפרסק,רגיל,0,5.05,11.90,11.90,מוצרי מכולת ,יח',מוצרי מכולת ,
7501013101362,7501013101362,גומקס קוקוס אננס 473,רגיל,0,5.05,11.00,11.00,מוצרי מכולת ,יח',מוצרי מכולת ,
7501013101393,7501013101393,גומקס אננס 473,רגיל,0,6.52,11.90,12.90,משקאות ,יח',משקאות ,
7501013101393,7501013101393,גומקס אננס 473,רגיל,0,5.05,11.90,12.90,משקאות ,יח',משקאות ,
7501013101430,7501013101430,גימיקס משקה חמוצות,רגיל,0,0.00,10.00,10.00,מוצרי מכולת ,יח',מוצרי מכולת ,
7501013101447,7501013101447,גומקס רימונים 473,רגיל,0,5.48,12.00,12.00,מוצרי מכולת ,יח',מוצרי מכולת ,
7501013102727,7501013102727,גומיקס אננס,רגיל,0,6.52,10.90,11.90,משקאות ,יח',משקאות ,
7501013103304,7501013103304,גומיקס אפרסק,רגיל,0,6.19,10.00,10.00,מוצרי מכולת ,יח',מוצרי מכולת ,
7501013122114,7501013122114,גומקס אננס ליטר,רגיל,0,6.72,9.00,9.00,מוצרי מכולת ,יח',מוצרי מכולת ,
7501013122992,7501013122992,גומקס קוקוס אננס ליטר,רגיל,0,5.37,8.00,8.00,מוצרי מכולת ,יח',מוצרי מכולת ,
7501013138047,7501013138047,יוניקו רימונים קרטון ליטר,רגיל,0,6.72,9.00,9.00,מוצרי מכולת ,יח',מוצרי מכולת ,
7509546688916,7509546688916,כשלפ קולגייט אדומה הגנה 75 מ""ל,רגיל,0,7.70,15.00,15.00,מוצרי מכולת ,יח',מוצרי מכולת ,
7509546688923,7509546688923,קולגייט משחת שיניים הגנה,רגיל,0,9.66,15.00,15.00,מוצרי מכולת ,יח',מוצרי מכולת ,
7542321659632,7542321659632,מגין איפון 13 ;,רגיל,0,8.00,19.90,19.90,אבזרי סלולר ו חשמל ,יח',אבזרי סלולר ו חשמל ,
7613033548192,7613033548192,דגנים פיטנס שוקולד מריר,רגיל,16,17.09,29.90,,חטיפים מלוחים ,יח',חטיפים מלוחים ,
7613035050655,7613035050655,מאגדת גםגם,רגיל,12,13.55,23.90,,גלידות ,יח',גלידות ,
7613035619050,7613035619050,חמשושים מפלצתי,רגיל,-7,5.43,11.90,11.90,גלידות ,יח',גלידות ,
7613035635845,7613035635845,פיטנס גרנולה שוקולד,רגיל,17,8.50,17.90,,חטיפים מלוחים ,יח',חטיפים מלוחים ,
7613035758834,7613035758834,פיטנס גרונלה חמוציות,רגיל,13,8.50,17.90,,מוצרי מכולת ,יח',מוצרי מכולת ,
7613035809857,7613035809857,רוטב עגבניות פרפקטו לפסטה,רגיל,0,0.00,16.00,16.00,מוצרי מכולת ,יח',מוצרי מכולת ,
7613036280327,7613036280327,פרייה גויס דובדבן אפרסק,רגיל,0,3.60,8.00,8.00,מוצרי מכולת ,יח',מוצרי מכולת ,
7613036280334,7613036280334,פרייה אפרסק דובדבן 250 מ""ל,רגיל,0,3.92,8.50,8.50,מוצרי מכולת ,יח',מוצרי מכולת ,
7613036286008,7613036286008,פרייה ג'ויס אננס,רגיל,0,3.90,8.00,8.00,מוצרי מכולת ,יח',מוצרי מכולת ,
7613036286015,7613036286015,פרייס ג'וס אננס מנגו,רגיל,0,3.92,8.50,8.50,מוצרי מכולת ,יח',מוצרי מכולת ,
7613036576734,7613036576734,חמשושים אדום,רגיל,4,5.43,12.00,12.00,מוצרי מכולת ,יח',מוצרי מכולת ,
7613036984379,7613036984379,סטאר בקס -קולמביה,רגיל,0,15.65,27.90,28.90,משקאות ,יח',משקאות ,
7613036984478,7613036984478,קפסולות סטרבקס רוסט,רגיל,0,15.65,27.90,27.90,חטיפים מתוקים ,יח',חטיפים מתוקים ,
7613036984515,7613036984515,וסטארבקס קפסלות אספרסו 57 ג,רגיל,0,15.65,27.90,27.90,מוצרי מקרר ,יח',מוצרי מקרר ,
7613037012095,7613037012095,פיטנס גרנולה שוקולד קינואה,רגיל,22,8.50,17.90,,חטיפים מלוחים ,יח',חטיפים מלוחים ,
7613037276091,7613037276091,מיקס מיני דגני בוקר 200ג,רגיל,1,15.50,21.90,21.90,מוצרי מכולת ,יח',מוצרי מכולת ,
7613037686906,7613037686906,פיטנס שקדים ודבש 355 גרם,רגיל,13,16.73,29.90,30.90,מוצרי בית,יח',מוצרי בית,
7613287914682,7613287914682,נס קפה טייסטרס צ'ויס רוסטרי כהה,רגיל,0,0.00,0.00,,מוצרי קפה (סאשה ),יח',מוצרי קפה (סאשה ),
7613287914705,7613287914705,נס קפה טייסטרס צ'ויס רוסטרי בהיר,רגיל,0,0.00,0.00,,מוצרי קפה (סאשה ),יח',מוצרי קפה (סאשה ),
7614500010013,7614500010013,טובלרון חלב,רגיל,0,11.48,18.00,18.00,מוצרי מכולת ,יח',מוצרי מכולת ,
7614500010310,7614500010310,טובלרון לבן 100 גרם,רגיל,0,6.90,12.90,,חטיפים מלוחים ,יח',חטיפים מלוחים ,
7614500035788,7614500035788,טובלרון - שוק' חלב 200 גרם (10),רגיל,0,11.39,19.90,19.90,חטיפים מתוקים ,יח',חטיפים מתוקים ,
7622010001858,7622010001858,אוראו וניל 176 גרם,רגיל,5,5.59,15.00,15.00,מוצרי מכולת ,יח',מוצרי מכולת ,
7622201050757,7622201050757,מילקה-שוק' חלב עם קרמל 100 גרם,רגיל,-7,5.30,9.90,10.90,חטיפים מתוקים ,יח',חטיפים מתוקים ,
7622201098483,7622201098483,מילקה אוורירי,רגיל,0,7.65,12.00,12.00,מוצרי מכולת ,יח',מוצרי מכולת ,
7622201098513,7622201098513,מילקה אוורירי לבן,רגיל,0,7.65,12.00,12.00,מוצרי מכולת ,יח',מוצרי מכולת ,
7622201098544,7622201098544,מילקה דובדבן,רגיל,0,7.65,12.00,12.00,מוצרי מכולת ,יח',מוצרי מכולת ,
7622201120931,7622201120931,מילקה שוקולד לבן,רגיל,0,5.05,7.90,7.90,חטיפים מתוקים ,יח',חטיפים מתוקים ,
7622201127367,7622201127367,מילקה מיניס אוראו לבן,רגיל,0,10.50,15.90,15.90,חטיפים מתוקים ,יח',חטיפים מתוקים ,
7622201127398,7622201127398,אוראו מינים חלב,רגיל,0,0.00,16.00,16.00,מוצרי מכולת ,יח',מוצרי מכולת ,
7622201137052,7622201137052,טובלרון - שוקולד חלב 200 גרם,רגיל,5,7.65,15.90,14.90,חטיפים מתוקים ,יח',חטיפים מתוקים ,
7622201401900,7622201401900,מילקה עוגיות סנסיישן אוראו 156 גרם,רגיל,9,9.79,15.90,19.90,חטיפים מתוקים ,יח',חטיפים מתוקים ,
7622201402402,7622201402402,חטיף מילקה עוגיות סנסיישן 52 גרם,רגיל,24,3.99,6.90,6.90,חטיפים מתוקים ,יח',חטיפים מתוקים ,
7622201502515,7622201502515,מילקה COOKIE LOOP,רגיל,0,12.00,17.00,17.00,מוצרי מכולת ,יח',מוצרי מכולת ,
7622201802363,7622201802363,מילקה RAISIN NUT,רגיל,0,6.60,11.00,11.00,מוצרי מכולת ,יח',מוצרי מכולת ,
7622201802394,7622201802394,מילקה שוקלד חלב,רגיל,-27,5.05,7.90,8.90,חטיפים מתוקים ,יח',חטיפים מתוקים ,
7622201809188,7622201809188,מילקה ביסקוויט 150 גרם,רגיל,17,9.79,15.90,21.90,חטיפים מתוקים ,יח',חטיפים מתוקים ,
7622201813390,7622201813390,מילקה וואפל במילוי קרם קקאו 150 גרם,רגיל,11,9.79,15.90,19.90,חטיפים מתוקים ,יח',חטיפים מתוקים ,
7622201823733,7622201823733,דיפלומט מילקה טינס,רגיל,1,9.35,15.90,25.90,חטיפים מתוקים ,יח',חטיפים מתוקים ,
7622202013188,7622202013188,מילקה קרם אגוזים 85 גרם,רגיל,23,5.29,9.90,9.90,חטיפים מתוקים ,יח',חטיפים מתוקים ,
7622202049927,7622202049927,בייק רולס בטעם שום 80 גרם,רגיל,-1,4.10,11.90,,חטיפים מלוחים ,יח',חטיפים מלוחים ,
7622202257506,7622202257506,שוקולד מילקה אקסטרה קקאו,רגיל,0,5.50,9.90,,ממתקים ,יח',ממתקים ,
7622202257803,7622202257803,מילקה חום לבן 90 גרם,רגיל,30,5.30,7.90,8.90,חטיפים מתוקים ,יח',חטיפים מתוקים ,
7622202262593,7622202262593,מילקה שוקולד חלב עם אגוזים 90 גרם,רגיל,27,5.30,9.90,10.90,חטיפים מתוקים ,יח',חטיפים מתוקים ,
7622202265648,7622202265648,מילקה שוקולד לבן 90 גרם,רגיל,4,5.30,9.90,10.90,חטיפים מתוקים ,יח',חטיפים מתוקים ,
7622202268298,7622202268298,מילקה שוקולד חלב 90 גרם,רגיל,38,5.30,9.90,10.90,חטיפים מתוקים ,יח',חטיפים מתוקים ,
7622202268738,7622202268738,שוקולד מילקב חלב עם צימוקים ואגוזים,רגיל,0,5.50,9.90,,ממתקים ,יח',ממתקים ,
7622202269738,7622202269738,טבלת שוקולד מילקה חלב עם צימוקם ואגוזים 90 גרם,רגיל,11,5.30,9.90,,ממתקים ,יח',ממתקים ,
7622202291975,7622202291975,עוגת 7 דייז במילוי קקאו,רגיל,0,0.00,0.00,,ממתקים ,יח',ממתקים ,
7622202305221,7622202305221,מילקה שוקולד חלה עם לוטוס 90 גרם,רגיל,16,6.79,9.90,,ממתקים ,יח',ממתקים ,
7622202340499,7622202340499,קרואסון 7Days במילוי קקאו ,רגיל,3,3.11,5.90,,חטיפים מתוקים ,יח',חטיפים מתוקים ,
7622202365829,7622202365829,מילקה שוקולד חלב עם עדשים 90 גרם,רגיל,21,5.30,9.90,,ממתקים ,יח',ממתקים ,
7622210078131,7622210078131,מילקה דיים,רגיל,0,5.05,8.00,8.00,מוצרי מכולת ,יח',מוצרי מכולת ,
7622210163899,7622210163899,שוקולד מילקה עם עדשים 100 גרם,רגיל,-8,5.05,9.90,10.90,חטיפים מתוקים ,יח',חטיפים מתוקים ,
7622210403919,7622210403919,אוראו פאדג לבו 246 ג,רגיל,0,20.90,27.90,27.90,חטיפים מתוקים ,יח',חטיפים מתוקים ,
7622210406354,7622210406354,מילקה אצבעות ביסקוויט 112 גרם,רגיל,29,5.93,15.90,21.90,חטיפים מתוקים ,יח',חטיפים מתוקים ,
7622210453327,7622210453327,מילקה עוגיות סנסיישן 156 גרם,רגיל,17,9.79,15.90,21.90,חטיפים מתוקים ,יח',חטיפים מתוקים ,
7622210464729,7622210464729,אוריו גליל צהוב ,רגיל,0,5.67,9.90,,חטיפים מתוקים ,יח',חטיפים מתוקים ,
7622210597915,7622210597915,מילקה לבבות פרלינים,רגיל,0,12.00,19.90,19.90,חטיפים מתוקים ,יח',חטיפים מתוקים ,
7622210637994,7622210637994,אוראו קראנצ'י בייטס 110 גרם,רגיל,8,7.48,13.90,13.90,חטיפים מתוקים ,יח',חטיפים מתוקים ,
7622210638021,7622210638021,אוראו קראנצ'י בייטס מצופים 110 גרם,רגיל,-71,7.75,13.90,13.90,חטיפים מתוקים ,יח',חטיפים מתוקים ,
7622210656117,7622210656117,MILKA MOMENTS 96 גרם,רגיל,0,0.00,14.00,14.00,מוצרי מכולת ,יח',מוצרי מכולת ,
7622210664150,7622210664150,עוגיות אוראו וניל 396 גרם,רגיל,4,13.70,24.90,,ממתקים ,יח',ממתקים ,
7622210819499,7622210819499,עוגיה במילוי קרם בטעם אגוזים,רגיל,0,0.00,15.90,15.90,מוצרי מכולת ,יח',מוצרי מכולת ,
7622210826053,7622210826053,מילקה אוראו סנדוויץ 92 גרם,רגיל,10,5.30,9.90,10.90,חטיפים מתוקים ,יח',חטיפים מתוקים ,
7622210835338,7622210835338,עוגיות בראוניז,רגיל,0,5.90,9.90,9.90,מוצרי מכולת ,יח',מוצרי מכולת ,
7622210874351,7622210874351,עוגיות מיני אווריו וניל,רגיל,0,0.00,8.00,8.00,מוצרי מכולת ,יח',מוצרי מכולת ,
7622210956163,7622210956163,מילקה בראוניז,רגיל,0,7.65,12.00,12.00,מוצרי מכולת ,יח',מוצרי מכולת ,
7622210984678,7622210984678,מילקה קקאו,רגיל,0,0.00,14.90,14.90,מוצרי מכולת ,יח',מוצרי מכולת ,
7622300270469,7622300270469,ביסקווטים מצופים שוקולד חלב,רגיל,0,0.00,15.90,15.90,מוצרי מכולת ,יח',מוצרי מכולת ,
7622300270506,7622300270506,מילקה גריינס מצופות שוקולד,רגיל,27,9.79,15.90,21.90,חטיפים מתוקים ,יח',חטיפים מתוקים ,
7622300315283,7622300315283,אוראו גליל,רגיל,-5,5.70,9.90,10.90,חטיפים מתוקים ,יח',חטיפים מתוקים ,
7622300356767,7622300356767,מילקה עוגיות שוקולד צ'יפס 168 גרם,רגיל,17,9.79,15.90,19.90,חטיפים מתוקים ,יח',חטיפים מתוקים ,
7622300434373,7622300434373,milka choco jaffa,רגיל,0,0.00,15.00,15.00,מוצרי מכולת ,יח',מוצרי מכולת ,
7622300434472,7622300434472,מילקה CHOCO JAFFA,רגיל,0,0.00,15.90,15.90,מוצרי מכולת ,יח',מוצרי מכולת ,
7622300441715,7622300441715,עוגיות מילקה שוקו מיני,רגיל,-33,9.79,15.90,18.90,חטיפים מתוקים ,יח',חטיפים מתוקים ,
7622300489427,7622300489427,אוריו בטעם וניל,רגיל,-4,11.50,27.90,28.90,חטיפים מתוקים ,יח',חטיפים מתוקים ,
7622300489434,7622300489434,עוגיות אוראו בציפוי שוקולד חלב 246 גרם,רגיל,-1,13.11,27.90,28.90,חטיפים מתוקים ,יח',חטיפים מתוקים ,
7622300498429,7622300498429,טבלת מילקה בטעם תות,רגיל,0,3.70,11.00,11.00,מוצרי מכולת ,יח',מוצרי מכולת ,
7622300503079,7622300503079,מילקה שוקו מו 200 גרם,רגיל,0,9.79,15.90,15.90,חטיפים מתוקים ,יח',חטיפים מתוקים ,
7622300617820,7622300617820,טבלה מילקה אוריו,רגיל,3,5.05,9.90,13.90,חטיפים מתוקים ,יח',חטיפים מתוקים ,
7622300761363,7622300761363,OREO MINI,רגיל,0,0.00,8.00,8.00,מוצרי מכולת ,יח',מוצרי מכולת ,
7622300772314,7622300772314,דיפלומט אוראו חטיף אישי,רגיל,10,4.10,5.90,5.90,חטיפים מתוקים ,יח',חטיפים מתוקים ,
7622400005190,7622400005190,מילקה COWSPOT,רגיל,0,5.05,7.90,7.90,חטיפים מתוקים ,יח',חטיפים מתוקים ,
7640111493693,7640111493693,JAGUAR CLASSIC RED,רגיל,0,0.00,99.00,99.00,מוצרי מכולת ,יח',מוצרי מכולת ,
7640125380101,7640125380101,JOE ריח ליטל,רגיל,0,10.50,20.00,20.00,מוצרי מכולת ,יח',מוצרי מכולת ,
7640186842426,7640186842426,ליטטל גוי,רגיל,-18,9.50,17.90,17.90,מוצרי ריח - לרכב,יח',מוצרי ריח - לרכב,
7640186842457,7640186842457,ליטל גוי מזגן שחורה,רגיל,0,11.00,20.00,20.00,מוצרי מכולת ,יח',מוצרי מכולת ,
7702018468447,7702018468447,עשיריית סכיני בלו 2פלוס- חדש,רגיל,1,16.80,28.90,29.90,מוצרי בית,יח',מוצרי בית,
7702018489619,7702018489619,גילט סכיני גילוח חד פעמי בלו 3,רגיל,8,10.02,17.90,17.90,מוצרי ניקיון ו טיפוח אישי,יח',מוצרי ניקיון ו טיפוח אישי,
7702018980819,7702018980819,ג'ילט סירייס ג׳ל גילוח מרגיע רגיש 200 מל,רגיל,19,12.62,19.90,20.90,מוצרי ניקיון ו טיפוח אישי,יח',מוצרי ניקיון ו טיפוח אישי,
7702018980857,7702018980857,ג'ל גילוח גילט סירייס,רגיל,0,8.24,13.00,13.00,מוצרי מכולת ,יח',מוצרי מכולת ,
7702018980925,7702018980925,גילט ק. גילוח עור רגיל 200 מל,רגיל,11,7.90,13.90,13.90,מוצרי ניקיון ו טיפוח אישי,יח',מוצרי ניקיון ו טיפוח אישי,
7702018980932,7702018980932,גילט ק. גילוח עור רגיש 200 מל,רגיל,5,7.90,13.90,13.90,מוצרי ניקיון ו טיפוח אישי,יח',מוצרי ניקיון ו טיפוח אישי,
7702174085458,7702174085458,"לקקן פינפופ דובדבן, (10יח)",רגיל,7,6.30,12.90,12.90,חטיפים מתוקים ,יח',חטיפים מתוקים ,
7702174085465,7702174085465,לקקן פינפופ צובע לשון (10 יח),רגיל,8,6.30,12.90,12.90,חטיפים מתוקים ,יח',חטיפים מתוקים ,
7754617030150,7754617030150,LED 15w,רגיל,0,2.00,6.00,6.00,אבזרי סלולר ו חשמל ,יח',אבזרי סלולר ו חשמל ,
7754617035551,7754617035551,תאורת חרום נטענת ניידת,רגיל,9,23.50,39.80,48.90,אבזרי סלולר ו חשמל ,יח',אבזרי סלולר ו חשמל ,
7790040423022,7790040423022,בון בון חטיף,רגיל,0,1.09,2.90,2.90,חטיפים מתוקים ,יח',חטיפים מתוקים ,
7790580014216,7790580014216,חטיף בון בון ממולא,רגיל,0,0.96,2.90,2.90,חטיפים מתוקים ,יח',חטיפים מתוקים ,
7790580109646,7790580109646,בן בון XL,רגיל,0,2.00,3.90,3.90,חטיפים מתוקים ,יח',חטיפים מתוקים ,
7790580419738,7790580419738,בון בון  ביצי שוקלד חלב 156 גרם ,רגיל,0,10.00,13.90,13.90,חטיפים מתוקים ,יח',חטיפים מתוקים ,
7805458642108,7805458642108,Men Bag 1,רגיל,0,35.00,70.00,,תכשיטים לילדות קטנות ,יח',תכשיטים לילדות קטנות ,
7805458642115,7805458642115,Men Bag 3,רגיל,2,35.00,70.00,,תכשיטים לילדות קטנות ,יח',תכשיטים לילדות קטנות ,
7805458642122,7805458642122,Men Bag 2,רגיל,0,35.00,70.00,,תכשיטים לילדות קטנות ,יח',תכשיטים לילדות קטנות ,
7891000085387,7891000085387,נס קפה 200 גרם RED MUG,רגיל,0,20.00,34.90,,מוצרי מכולת ,יח',מוצרי מכולת ,
7891024123492,7891024123492,משחת סנסיטיב פרו כשלפ,רגיל,45,16.90,24.90,,מוצרי ניקיון ו טיפוח אישי,יח',מוצרי ניקיון ו טיפוח אישי,
7891438001164,7891438001164,סט סיכנים ,רגיל,1,42.37,60.00,60.00,מוצרי מכולת ,יח',מוצרי מכולת ,
7900160412244,7900160412244,מודם סלולרי BOON,רגיל,4,147.00,257.90,278.90,אבזרי סלולר ו חשמל ,יח',אבזרי סלולר ו חשמל ,
7901235507025,7901235507025,פנס לד מגנט,רגיל,0,20.00,39.90,39.90,מוצרי מכולת ,יח',מוצרי מכולת ,
7901235509616,7901235509616,פנס ליד - PEN מקצועי עם מגנט ,רגיל,1,13.90,19.90,19.90,אבזרי סלולר ו חשמל ,יח',אבזרי סלולר ו חשמל ,
7906991867024,7906991867024,כסא פיקניק ים,רגיל,42,24.90,49.90,49.90,מוצרי חצר תחנה ,יח',מוצרי חצר תחנה ,
8000280106028,8000280106028,טורטינה שישייה חלב 125 גרם,רגיל,12,14.68,24.90,,ממתקים ,יח',ממתקים ,
8000300355031,8000300355031,מגנום סנדוויץ,רגיל,19,7.98,13.90,,גלידות ,יח',גלידות ,
8000300367836,8000300367836,בוקס קראנץ',רגיל,0,0.00,12.00,12.00,מוצרי מכולת ,יח',מוצרי מכולת ,
8000380003723,8000380003723,ליימן גרנד פטיסרי אגוז 100 גרם ,רגיל,0,11.11,16.90,16.90,חטיפים מתוקים ,יח',חטיפים מתוקים ,
8000380003754,8000380003754,גרנד פטירסי קפוצ'ינו,רגיל,0,11.11,15.90,15.90,חטיפים מתוקים ,יח',חטיפים מתוקים ,
8000380003761,8000380003761,גרנד פטיסרי קוקוס 100 גר',רגיל,-9,11.11,16.90,16.90,חטיפים מתוקים ,יח',חטיפים מתוקים ,
8000380004669,8000380004669,לאווקר שוקלד מריר,רגיל,23,10.11,17.90,18.90,חטיפים מתוקים ,יח',חטיפים מתוקים ,
8000380004676,8000380004676,לואקר שקית בטעם וניל 200 גרם,רגיל,10,10.30,17.90,18.90,חטיפים מתוקים ,יח',חטיפים מתוקים ,
8000380004881,8000380004881,קוביות וופל במילוי קרם בטעם טרמיסו 220,רגיל,5,11.91,17.90,17.90,חטיפים מתוקים ,יח',חטיפים מתוקים ,
8000380004911,8000380004911,לואקר אדום,רגיל,27,11.91,17.90,17.90,חטיפים מתוקים ,יח',חטיפים מתוקים ,
8000380004942,8000380004942,וופלים קאודרטיני וניל 250,רגיל,13,11.90,17.90,17.90,חטיפים מתוקים ,יח',חטיפים מתוקים ,
8000380004966,8000380004966,קוודארטיני כחול,רגיל,25,11.91,17.90,18.90,חטיפים מתוקים ,יח',חטיפים מתוקים ,
8000380005598,8000380005598,טורטינה שישייה מריר 125 גרם,רגיל,15,14.68,21.90,22.90,חטיפים מתוקים ,יח',חטיפים מתוקים ,
8000380007219,8000380007219,לואקר אגוזים,רגיל,14,9.43,17.90,17.90,חטיפים מתוקים ,יח',חטיפים מתוקים ,
8000380007257,8000380007257,וופל גרדנה משפחתית,רגיל,10,12.75,16.90,16.90,חטיפים מתוקים ,יח',חטיפים מתוקים ,
8000380007264,8000380007264,וופל לוקיר כחולה 175 גרם,רגיל,20,9.43,17.90,18.90,חטיפים מתוקים ,יח',חטיפים מתוקים ,
8000380007271,8000380007271,וואפל לואקר חלב 175 גרם,רגיל,24,8.68,17.90,18.90,חטיפים מתוקים ,יח',חטיפים מתוקים ,
8000380100163,8000380100163,ליימן טורטינה בקנגרו,רגיל,0,1.28,5.00,5.00,מוצרי מכולת ,יח',מוצרי מכולת ,
8000380106028,8000380106028,לואקר טורטינה חלבמארז,רגיל,-4,14.68,21.90,22.90,חטיפים מתוקים ,יח',חטיפים מתוקים ,
8000380144044,8000380144044,לואקר בטעם שוקולד (חום),רגיל,1,12.75,16.90,16.90,חטיפים מתוקים ,יח',חטיפים מתוקים ,
8000380152728,8000380152728,גרדנה שוקולד 125 גר',רגיל,0,0.00,18.00,18.00,מוצרי מכולת ,יח',מוצרי מכולת ,
8000380153442,8000380153442,לואקר 90 גר' אגוז,רגיל,0,0.00,10.00,10.00,מוצרי מכולת ,יח',מוצרי מכולת ,
8000380153466,8000380153466,לואקר 90 גר' קקאו,רגיל,0,0.00,10.00,10.00,מוצרי מכולת ,יח',מוצרי מכולת ,
8000380153534,8000380153534,טורטינה שישייה לבן 125 גרם,רגיל,11,14.68,21.90,22.90,חטיפים מתוקים ,יח',חטיפים מתוקים ,
8000380156009,8000380156009,בונגור דולומיטים חלב 150 גרם,רגיל,11,18.18,24.90,24.90,חטיפים מתוקים ,יח',חטיפים מתוקים ,
8000380156573,8000380156573,בונ' דולומטים רוז 150 גרם,רגיל,9,18.18,24.90,24.90,חטיפים מתוקים ,יח',חטיפים מתוקים ,
8000380156825,8000380156825,לואקר שוקולד חלב 87 ג',רגיל,0,0.00,12.00,12.00,מוצרי מכולת ,יח',מוצרי מכולת ,
8000380156856,8000380156856,לואקר שוקולד לבן 87 ג',רגיל,0,0.00,12.00,12.00,מוצרי מכולת ,יח',מוצרי מכולת ,
8000380180721,8000380180721,ליימן ופל שוקו חלב 175 ג',רגיל,20,9.43,17.90,15.90,חטיפים מתוקים ,יח',חטיפים מתוקים ,
8000380180745,8000380180745,קוביות וופל בטעם קקאו במילוי קרם חלב,רגיל,8,11.91,17.90,15.90,חטיפים מתוקים ,יח',חטיפים מתוקים ,
8000380180837,8000380180837,פטיסרי לבן קוקוס,רגיל,0,11.11,15.90,16.90,חטיפים מתוקים ,יח',חטיפים מתוקים ,
8000380184316,8000380184316,טבלה לואקר חלב,רגיל,0,5.90,8.90,8.90,מוצרי מכולת ,יח',מוצרי מכולת ,
8000380184330,8000380184330,טבלה לואקר לבן,רגיל,0,5.90,8.90,8.90,מוצרי מכולת ,יח',מוצרי מכולת ,
8000380187164,8000380187164,ליימן מיני לואקר,רגיל,0,13.55,22.00,22.00,מוצרי מכולת ,יח',מוצרי מכולת ,
8000380189281,8000380189281,בשקית 210גר׳ (12),רגיל,0,17.26,24.90,24.90,חטיפים מתוקים ,יח',חטיפים מתוקים ,
8000380189745,8000380189745,ליימן קואדרטיני שוקו-חלב 250,רגיל,0,11.08,17.90,17.90,חטיפים מתוקים ,יח',חטיפים מתוקים ,
8000380192151,8000380192151,טורטינה שישייה,רגיל,0,14.04,20.00,20.00,מוצרי מכולת ,יח',מוצרי מכולת ,
8000380192199,8000380192199,לואקר שוקולד,רגיל,0,8.28,14.90,14.90,מוצרי מכולת ,יח',מוצרי מכולת ,
8000380192588,8000380192588,קאורדיטיני דאבל שוקולד,רגיל,0,11.64,17.90,17.90,מוצרי מכולת ,יח',מוצרי מכולת ,
8000380201396,8000380201396,טורטינה שישייה קרמל 125 גרם,רגיל,14,14.68,21.90,21.90,חטיפים מתוקים ,יח',חטיפים מתוקים ,
8000380201525,8000380201525,ליימן גרנד משפחתי אגוז 126,רגיל,0,11.04,20.00,20.00,מוצרי מכולת ,יח',מוצרי מכולת ,
8000380201549,8000380201549,חטיפי ופל במילוי קרם קוקוס קרטון,רגיל,0,15.90,22.50,22.50,מוצרי מכולת ,יח',מוצרי מכולת ,
8000380205400,8000380205400,ליימן קואדרטיני חמאת בוטנים  250 ג',רגיל,-2,11.91,17.90,18.90,חטיפים מתוקים ,יח',חטיפים מתוקים ,
8000380213498,8000380213498,גלידת לואקר סנדוויץ אגוזים,רגיל,5,27.11,44.90,,גלידות ,יח',גלידות ,
8000380213504,8000380213504,גלידת לואקר טורטינה קלאסי,רגיל,5,27.11,44.90,,גלידות ,יח',גלידות ,
8000380213511,8000380213511,גלידת לואקר טורטינה לבן,רגיל,5,27.11,44.90,,גלידות ,יח',גלידות ,
8000380213597,8000380213597,לואקר מקסי אגוז 200 גר',רגיל,-12,11.47,17.90,17.90,חטיפים מתוקים ,יח',חטיפים מתוקים ,
8000380213924,8000380213924,לואקר ראפי אגוז 50 גר׳ (20),רגיל,0,4.65,7.90,7.90,חטיפים מתוקים ,יח',חטיפים מתוקים ,
8000380213931,8000380213931,לואקר ראפי שוקולד 50 גר׳ (,רגיל,0,4.65,7.90,7.90,חטיפים מתוקים ,יח',חטיפים מתוקים ,
8000380215706,8000380215706,לואקר מקסי שוקולד 200 גר,רגיל,0,11.47,17.90,18.90,חטיפים מתוקים ,יח',חטיפים מתוקים ,
8000500009673,8000500009673,פררו רושה 24 יח שוקולד חלב אגוזי לוז,רגיל,1,36.93,49.90,50.90,חטיפים מתוקים ,יח',חטיפים מתוקים ,
8000500023624,8000500023624,מארז היפי הופ,רגיל,42,12.20,16.00,16.00,מוצרי מכולת ,יח',מוצרי מכולת ,
8000500023976,8000500023976,מארז פררו רפאלו 150 גרם,רגיל,4,13.95,19.90,19.90,חטיפים מתוקים ,יח',חטיפים מתוקים ,
8000500026731,8000500026731,שלישית ביצי הפתעה,רגיל,0,11.37,19.90,19.90,מוצרי מכולת ,יח',מוצרי מכולת ,
8000500028124,8000500028124,קינדר ג'וי שלשה,רגיל,0,11.59,20.90,20.90,חטיפים מתוקים ,יח',חטיפים מתוקים ,
8000500037874,8000500037874,פפרו בונו רושר 200 גרם,רגיל,1,21.40,29.90,30.90,חטיפים מתוקים ,יח',חטיפים מתוקים ,
8000500045497,8000500045497,נוטלה טו-גו זוגות,רגיל,0,7.74,12.00,12.00,מוצרי מכולת ,יח',מוצרי מכולת ,
8000500071083,8000500071083,קינדר שוקולד 200 גרם,רגיל,0,10.10,18.00,18.00,מוצרי מכולת ,יח',מוצרי מכולת ,
8000500094976,8000500094976,כדורי וופל פריך שוקולד פררו שורה 212.5,רגיל,0,26.12,49.90,49.90,מוצרי מכולת ,יח',מוצרי מכולת ,
8000500126325,8000500126325,3 יח' קינדר ג'וי,רגיל,0,0.00,15.00,15.00,מוצרי מכולת ,יח',מוצרי מכולת ,
8000500160466,8000500160466,פררו- רושר 6T קוביה 1,רגיל,0,9.95,15.90,15.90,חטיפים מתוקים ,יח',חטיפים מתוקים ,
8000500167656,8000500167656,פררו-קינדר קאונטרי משפחתי,רגיל,0,6.20,11.90,11.90,חטיפים מתוקים ,יח',חטיפים מתוקים ,
8000500214114,8000500214114,קינדר בואנו מריר,רגיל,60,2.87,6.00,6.00,מוצרי מכולת ,יח',מוצרי מכולת ,
8000500217740,8000500217740,מיני קנדר,רגיל,0,0.00,11.00,11.00,מוצרי מכולת ,יח',מוצרי מכולת ,
8000500224281,8000500224281,נוטלה בי ראדי,רגיל,88,1.60,2.90,6.90,חטיפים מתוקים ,יח',חטיפים מתוקים ,
8000500227848,8000500227848,פררו נוטלה Be Ready,רגיל,9,8.44,13.90,13.90,חטיפים מתוקים ,יח',חטיפים מתוקים ,
8000500241707,8000500241707,מארז country,רגיל,0,0.00,15.00,15.00,מוצרי מכולת ,יח',מוצרי מכולת ,
8000500247150,8000500247150,פררו רושה שוקולד וקוקוס 15 יח,רגיל,7,21.40,32.00,32.00,חטיפים מתוקים ,יח',חטיפים מתוקים ,
8000500247167,8000500247167,פררו רושר,רגיל,0,36.93,49.90,49.90,חטיפים מתוקים ,יח',חטיפים מתוקים ,
8000500256213,8000500256213,קינדר מיני,רגיל,0,8.90,15.90,15.90,חטיפים מתוקים ,יח',חטיפים מתוקים ,
8000500267035,8000500267035,פררו- קינדר דליס עשיריה,רגיל,-742,1.53,3.90,4.90,חטיפים מתוקים ,יח',חטיפים מתוקים ,
8000500267103,8000500267103,מארז קינדר דליס,מכלול,168,18.30,25.00,25.00,מוצרי מכולת ,יח',מוצרי מכולת ,
8000500269169,8000500269169,מארז קינד 5 יח' קארדס,רגיל,0,10.11,19.90,19.90,חטיפים מתוקים ,יח',חטיפים מתוקים ,
8000500289877,8000500289877,פרירו קינדר שוק לבן 200 ג,רגיל,0,13.55,19.90,19.90,חטיפים מתוקים ,יח',חטיפים מתוקים ,
8000500310397,8000500310397,פררו נוטלהה,רגיל,32,12.50,21.90,21.90,חטיפים מתוקים ,יח',חטיפים מתוקים ,
8000500310427,8000500310427,נוטלה בסקויט,רגיל,0,20.95,30.00,30.00,מוצרי מכולת ,יח',מוצרי מכולת ,
8000500328750,8000500328750,פפרו רושה בטעם שוקולד מריר 14 יח,רגיל,0,0.00,32.00,32.00,מוצרי מכולת ,יח',מוצרי מכולת ,
8000500338827,8000500338827,טיק טק מיקסרס קולה,רגיל,0,4.01,7.00,7.00,מוצרי מכולת ,יח',מוצרי מכולת ,
8000500359358,8000500359358,נוטלה BISCUITS,רגיל,24,2.74,5.90,6.80,חטיפים מתוקים ,יח',חטיפים מתוקים ,
8000500359488,8000500359488,שוקלד חלב פרירו ראצי,רגיל,-4,10.58,14.90,14.90,חטיפים מתוקים ,יח',חטיפים מתוקים ,
8000500359556,8000500359556,פררו-טבלת רפאלו שוקלד ,רגיל,0,10.90,14.90,14.90,חטיפים מתוקים ,יח',חטיפים מתוקים ,
8000500359815,8000500359815,שוקלד מריר מעולה שברי אגוזי לוז,רגיל,9,10.58,14.90,15.90,חטיפים מתוקים ,יח',חטיפים מתוקים ,
8000500359884,8000500359884,פרירו ראצי שוקלד לבן,רגיל,-3,10.58,14.90,14.90,חטיפים מתוקים ,יח',חטיפים מתוקים ,
8000500363539,8000500363539,גלידה מארז  פררו רושר ,רגיל,0,26.00,42.90,42.90,גלידות ,יח',גלידות ,
8000500365571,8000500365571,גלידה מארז רפאלו ,רגיל,0,26.00,42.90,42.90,גלידות ,יח',גלידות ,
8000500366073,8000500366073,פררו נוטלה 276גרם,רגיל,0,15.70,28.90,28.90,חטיפים מתוקים ,יח',חטיפים מתוקים ,
8000500384763,8000500384763,קינדרר טרונקי,רגיל,0,2.30,3.90,3.90,חטיפים מתוקים ,יח',חטיפים מתוקים ,
8000500384794,8000500384794,קינדר טרונקי 90 גרם,רגיל,0,8.90,15.90,15.90,חטיפים מתוקים ,יח',חטיפים מתוקים ,
8000500385807,8000500385807,קינדר קארדס דאו,רגיל,0,18.13,25.00,25.00,מוצרי מכולת ,יח',מוצרי מכולת ,
8000500390641,8000500390641,פררו ביצי קינדר בואנו 80 גר׳,רגיל,0,8.95,15.90,15.90,חטיפים מתוקים ,יח',חטיפים מתוקים ,
8000500391228,8000500391228,פררו קינדר קינדריני 250,רגיל,82,15.50,20.90,20.90,חטיפים מתוקים ,יח',חטיפים מתוקים ,
8000500396780,8000500396780,וופל במילוי קרם אגוזי לוז חלבי,רגיל,0,9.00,14.90,14.90,מוצרי מכולת ,יח',מוצרי מכולת ,
8000500406427,8000500406427,מאגדת שלגון קינדר,רגיל,25,27.11,44.90,,גלידות ,יח',גלידות ,
8000500407059,8000500407059,גלידה  מארז פררו רושר ,רגיל,0,26.00,42.90,42.90,גלידות ,יח',גלידות ,
8000500409534,8000500409534,פררו כריסמס סנטה מיני,רגיל,0,10.38,15.90,15.90,חטיפים מתוקים ,יח',חטיפים מתוקים ,
8000500418482,8000500418482,קינדר שוקובוס,רגיל,0,10.00,19.90,19.90,חטיפים מתוקים ,יח',חטיפים מתוקים ,
8000500425183,8000500425183,פיינט נוטלה  230 גרם ,רגיל,8,27.11,37.90,37.90,גלידות ,יח',גלידות ,
8000500447895,8000500447895,טבלה רושר לוז+שוקולד 90גרם,רגיל,0,10.90,14.90,14.90,חטיפים מתוקים ,יח',חטיפים מתוקים ,
8000500454121,8000500454121,קינדר בואנו דארק שלישייה,רגיל,184,7.90,15.90,,ממתקים ,יח',ממתקים ,
8000920585603,8000920585603,מגנום סנדוויץ,רגיל,-4,8.68,14.90,,גלידות ,יח',גלידות ,
8000920704974,8000920704974,בן אנד גריל בראוניז 150 גרם,רגיל,8,7.62,13.90,,גלידות ,יח',גלידות ,
8001003202035,8001003202035,יוגוטה ג'לי תות אננס,רגיל,0,0.00,7.00,7.00,מוצרי מכולת ,יח',מוצרי מכולת ,
8001060042094,8001060042094,פסטו עגבניות פרווה ,רגיל,0,6.80,0.00,0.00,מוצרי שימוש מטבח -חנות ,יח',מוצרי שימוש מטבח -חנות ,
8001090558145,8001090558145,אורל משחה פרואקספרט לניקוי עמוק 75 מ"ל ,רגיל,11,7.43,17.90,,מוצרי ניקיון ו טיפוח אישי,יח',מוצרי ניקיון ו טיפוח אישי,
8001090899286,8001090899286,אולוויז תח פליטנום דואו לילה בטוח,רגיל,3,13.70,39.90,,מוצרי ניקיון ו טיפוח אישי,יח',מוצרי ניקיון ו טיפוח אישי,
8001160001786,8001160001786,גטורייד קול בלו,רגיל,0,5.48,8.90,,משקאות ,יח',משקאות ,
8001160001892,8001160001892,גטורייד תפוז אדום,רגיל,-1,5.48,8.90,,משקאות ,יח',משקאות ,
8001620011935,8001620011935,סן בנדטו מוגז 500 שישייה,רגיל,0,10.10,13.00,13.00,מוצרי מכולת ,יח',מוצרי מכולת ,
8001620014967,8001620014967,סאן בנדאטו שישיה 0.5 ליטר,רגיל,0,0.00,12.90,12.90,מוצרי מכולת ,יח',מוצרי מכולת ,
8001620015629,8001620015629,פרוטה תפוז ותפוז אדום,רגיל,0,4.68,10.00,10.00,מוצרי מכולת ,יח',מוצרי מכולת ,
8001620019177,8001620019177,סנ בנדטו טעם ענבים,רגיל,0,2.70,7.00,7.00,מוצרי מכולת ,יח',מוצרי מכולת ,
8001620023259,8001620023259,אולה מים מוגזים בטעם ליים,רגיל,0,2.41,6.90,7.90,משקאות ,יח',משקאות ,
8001620023266,8001620023266,אולה מים מוגזים בטעם אננס,רגיל,0,2.30,6.90,7.90,משקאות ,יח',משקאות ,
8001620023273,8001620023273,אולה מים מוגזים בטעם אפרסק,רגיל,0,2.41,6.90,7.90,משקאות ,יח',משקאות ,
8001620023280,8001620023280,אולה מים מוגזים  בטעם אבטיח,רגיל,0,2.41,6.90,7.90,משקאות ,יח',משקאות ,
8001841041360,8001841041360,מגבוני פמפרס רגיל,רגיל,-38,2.66,5.90,,מוצרי ניקיון ו טיפוח אישי,יח',מוצרי ניקיון ו טיפוח אישי,
8001841041391,8001841041391,מגבוני פמפרס לעור רגיש,רגיל,-43,2.66,5.90,,מוצרי ניקיון ו טיפוח אישי,יח',מוצרי ניקיון ו טיפוח אישי,
8001841053684,8001841053684,אולוויז תחבושות עבור לונג 12 יחי ,רגיל,0,6.17,11.90,,מוצרי ניקיון ו טיפוח אישי,יח',מוצרי ניקיון ו טיפוח אישי,
8001841053806,8001841053806,אולוויז תחבושת עבור לילה ,רגיל,0,6.17,11.90,,מוצרי ניקיון ו טיפוח אישי,יח',מוצרי ניקיון ו טיפוח אישי,
8001841062624,8001841062624,בוני פמפרס ללא בישום רבעייה,רגיל,12,13.60,29.90,,מוצרי ניקיון ו טיפוח אישי,יח',מוצרי ניקיון ו טיפוח אישי,
8001841077949,8001841077949,פמפרס מגבונים בניחוח רענן,רגיל,12,13.60,29.90,,מוצרי ניקיון ו טיפוח אישי,יח',מוצרי ניקיון ו טיפוח אישי,
8001841137216,8001841137216,שולדרס מרכך למגע רך כמשי 275 מ״ל,רגיל,3,11.03,18.90,19.90,מוצרי ניקיון ו טיפוח אישי,יח',מוצרי ניקיון ו טיפוח אישי,
8004030026018,8004030026018,סלט מקסיקני עם טונה 160ג,רגיל,8,12.90,24.00,24.00,מוצרי מכולת ,יח',מוצרי מכולת ,
8004030845046,8004030845046,סלט אורז עם טונה 160 גרם,רגיל,28,12.90,24.00,24.00,מוצרי מכולת ,יח',מוצרי מכולת ,
8004030860001,8004030860001,אנסלטיסמה קוסקוס+טונה160,רגיל,25,12.90,24.00,24.00,מוצרי מכולת ,יח',מוצרי מכולת ,
8004905550327,8004905550327,עוגת ciaocio בטעם קפצינו,רגיל,0,0.00,3.00,3.00,מוצרי מכולת ,יח',מוצרי מכולת ,
8004905550341,8004905550341,עוגת CIAO MILK בטעם וניל,רגיל,0,0.00,3.00,3.00,מוצרי מכולת ,יח',מוצרי מכולת ,
8005200486526,8005200486526,נסטי אפרסק 500 מ""ל טמפו,רגיל,0,1.88,5.00,5.00,מוצרי מכולת ,יח',מוצרי מכולת ,
8005803010371,8005803010371,גריסיני עם רוזמרין,רגיל,0,4.33,14.90,14.90,מוצרי מכולת ,יח',מוצרי מכולת ,
8006290803514,8006290803514,מים סודה  Ferrarelle 330 מ"ל ,רגיל,-8,4.49,7.90,8.90,משקאות ,יח',משקאות ,
8006540452110,8006540452110,אולוויז תחבושת עבור נורמלי ,רגיל,1,6.17,11.90,,מוצרי ניקיון ו טיפוח אישי,יח',מוצרי ניקיון ו טיפוח אישי,
8006540544068,8006540544068,ג'ילט קליר גל קול וייב 70מל חדש,רגיל,31,12.35,22.90,23.90,מוצרי ניקיון ו טיפוח אישי,יח',מוצרי ניקיון ו טיפוח אישי,
8006540544143,8006540544143,ג'ילט קליר גל ספורט 70מל חדש,רגיל,2,12.35,22.90,23.90,מוצרי ניקיון ו טיפוח אישי,יח',מוצרי ניקיון ו טיפוח אישי,
8006540688892,8006540688892,אולוויז מגן תחתון דואו ללא ריח לונג 48 1,רגיל,0,13.63,19.90,20.90,מוצרי ניקיון ו טיפוח אישי,יח',מוצרי ניקיון ו טיפוח אישי,
8006540769973,8006540769973,אולוויז מגן תחתון מגה-פק פרש נורמל 76 יח,רגיל,4,14.13,21.90,22.90,מוצרי ניקיון ו טיפוח אישי,יח',מוצרי ניקיון ו טיפוח אישי,
8006540806494,8006540806494,אולוויז מגן תחתון מגה-פק אקסטרה לונג 58,רגיל,0,14.13,21.90,22.90,מוצרי ניקיון ו טיפוח אישי,יח',מוצרי ניקיון ו טיפוח אישי,
8006540822371,8006540822371,אולוויז תחבושות דואו לונג 24 יח׳,רגיל,0,12.00,19.90,20.90,מוצרי ניקיון ו טיפוח אישי,יח',מוצרי ניקיון ו טיפוח אישי,
8006540822555,8006540822555,אולוויז תחבושות דואו לילה 20 יח׳,רגיל,12,12.00,17.90,18.90,מוצרי ניקיון ו טיפוח אישי,יח',מוצרי ניקיון ו טיפוח אישי,
8006540990568,8006540990568,אולוויז תחבושות DM לילה 16 יח׳,רגיל,-5,12.90,21.90,22.90,מוצרי ניקיון ו טיפוח אישי,יח',מוצרי ניקיון ו טיפוח אישי,
8007178223547,8007178223547,קרם בלסמי מצומצם 250 מ״ל,רגיל,3,18.53,33.00,33.00,מוצרי מכולת ,יח',מוצרי מכולת ,
8007178223578,8007178223578,חומץ בלסמי ג'קובזי 250 מ״ל,רגיל,3,11.45,18.00,18.00,מוצרי מכולת ,יח',מוצרי מכולת ,
8008343200486,8008343200486,פסטה רומו פוזילי 500 גרם,רגיל,12,5.50,9.90,10.90,מוצרי בית,יח',מוצרי בית,
8008343201179,8008343201179,ניוקי רומו 500 גרם,רגיל,0,8.38,14.00,14.00,מוצרי מכולת ,יח',מוצרי מכולת ,
8008343201377,8008343201377,פסטה רומו רדיאטורי 500גר,רגיל,6,5.50,9.90,10.90,מוצרי בית,יח',מוצרי בית,
8018080454714,8018080454714,אוזניות אלחותי - אדום ,רגיל,0,50.00,89.90,,אבזרי סלולר ו חשמל ,יח',אבזרי סלולר ו חשמל ,
8018080454769,8018080454769,אוזניות אלחותי - כחול,רגיל,0,50.00,89.90,,אבזרי סלולר ו חשמל ,יח',אבזרי סלולר ו חשמל ,
8018080454776,8018080454776,אוזניות אלחותי - בלאק ,רגיל,0,50.00,89.90,,אבזרי סלולר ו חשמל ,יח',אבזרי סלולר ו חשמל ,
8018080454790,8018080454790,אוזניות אלחותי - אדום ,רגיל,1,50.00,89.90,,אבזרי סלולר ו חשמל ,יח',אבזרי סלולר ו חשמל ,
8018080454813,8018080454813,אוזניות אלחותי - כחול בהיר,רגיל,0,50.00,89.90,,אבזרי סלולר ו חשמל ,יח',אבזרי סלולר ו חשמל ,
8018080454820,8018080454820,אוזניות אלחותי - טורקיז ,רגיל,0,50.00,89.90,,אבזרי סלולר ו חשמל ,יח',אבזרי סלולר ו חשמל ,
8051369003821,8051369003821,מגנום וופל קרמיל בלונדינית,רגיל,9,7.99,13.90,,גלידות ,יח',גלידות ,
8051369005306,8051369005306,גלידה אוראו סנדוויץ ,רגיל,0,6.80,11.90,11.90,גלידות ,יח',גלידות ,
8051369006051,8051369006051,מאגדת לוטוס סנדוויץ,רגיל,11,27.11,44.90,,גלידות ,יח',גלידות ,
8055517373477,8055517373477,אייס צידנית קשיחה 24 ליטר ICEGO איטליה,רגיל,2,66.00,109.90,109.90,מוצרי חצר תחנה ,יח',מוצרי חצר תחנה ,
8055517373484,8055517373484,אייס צידנית קשיחה 30 ליטר ICEGOאיטליה 1300,רגיל,0,80.00,149.90,149.90,מוצרי חצר תחנה ,יח',מוצרי חצר תחנה ,
8056254460635,8056254460635,טבעת מעיכה לעיסוי,רגיל,0,16.00,30.00,30.00,מוצרי ריח - לרכב,יח',מוצרי ריח - לרכב,
8056254460642,8056254460642,טבעת מעיכה לעיסוי,רגיל,0,16.00,30.00,30.00,מוצרי ריח - לרכב,יח',מוצרי ריח - לרכב,
8056254460659,8056254460659,טבעת מעיכה לעיסוי,רגיל,0,16.00,30.00,30.00,מוצרי ריח - לרכב,יח',מוצרי ריח - לרכב,
8056254460741,8056254460741,טבעת מעיכה לעיסוי,רגיל,27,16.00,30.00,30.00,מוצרי ריח - לרכב,יח',מוצרי ריח - לרכב,
8076808070882,8076808070882,ברילה 250 גרם,רגיל,12,9.90,17.90,18.90,מוצרי בית,יח',מוצרי בית,
8076809513395,8076809513395,פומודורו ברילה 400ג,רגיל,-2,10.50,17.90,20.90,מוצרי בית,יח',מוצרי בית,
8076809513654,8076809513654,לרוטב בולונז 400 גר,רגיל,7,10.50,19.90,20.90,מוצרי בית,יח',מוצרי בית,
8076809513692,8076809513692,לפסטה נפוליטנה 400גר,רגיל,-3,10.50,19.90,20.90,מוצרי בית,יח',מוצרי בית,
8076809513739,8076809513739,בזיליקום ברילה 400גר,רגיל,0,10.50,19.90,19.90,מוצרי בית,יח',מוצרי בית,
8076809514774,8076809514774,פפרדלה פסטה ביצים 250גר,רגיל,13,13.50,26.00,26.00,מוצרי מכולת ,יח',מוצרי מכולת ,
8076809523714,8076809523714,טליאטלה אטריות 500 גרם,רגיל,10,12.90,24.00,24.00,מוצרי מכולת ,יח',מוצרי מכולת ,
8076809523738,8076809523738,ברילה 500 גרם,רגיל,15,15.90,27.90,28.90,מוצרי בית,יח',מוצרי בית,
8278540177380,8278540177380,משחת שיניים מקס פרש,רגיל,20,7.90,17.90,,מוצרי ניקיון ו טיפוח אישי,יח',מוצרי ניקיון ו טיפוח אישי,
8410000810004,8410000810004,אוריאו קלסיק,רגיל,-1,19.45,24.90,24.90,חטיפים מתוקים ,יח',חטיפים מתוקים ,
8410031918236,8410031918236,סוכריה על מקל ,רגיל,0,0.57,2.00,2.00,חטיפים מתוקים ,יח',חטיפים מתוקים ,
8410066140190,8410066140190,קטשופ היינץ 700 גרם1,רגיל,2,7.49,12.90,,מוצרי בית,יח',מוצרי בית,
8410076600622,8410076600622,שיבולת שועל ושוקלד מריר,רגיל,0,10.31,17.00,17.00,מוצרי מכולת ,יח',מוצרי מכולת ,
8410076610379,8410076610379,נאצ'ר ואלי פרואטין שוקולד,רגיל,0,14.90,24.90,,חטיפים מלוחים ,יח',חטיפים מלוחים ,
8410076610492,8410076610492,חטיף בוטנים ושיבולת שועל,רגיל,0,9.90,17.90,,חטיפים מלוחים ,יח',חטיפים מלוחים ,
8410076610508,8410076610508,צ'ואי בוטנים בציפוי שוקולד,רגיל,0,10.31,17.00,17.00,מוצרי מכולת ,יח',מוצרי מכולת ,
8410076620613,8410076620613,בוטנים עם ציפוי בטעם שוקלד,רגיל,0,0.00,18.00,18.00,מוצרי מכולת ,יח',מוצרי מכולת ,
8410076620941,8410076620941,קרם אגוזי לוז וקקאו,רגיל,0,0.00,18.00,18.00,מוצרי מכולת ,יח',מוצרי מכולת ,
8410076800633,8410076800633,חטיף נייצר ואלי מריר,רגיל,0,3.33,5.00,5.00,מוצרי מכולת ,יח',מוצרי מכולת ,
8410104045111,8410104045111,פיניש מלח למדיח 2 ק״ג,רגיל,4,10.90,19.90,20.90,מוצרי בית,יח',מוצרי בית,
8410179100043,8410179100043,שמן זית כתית מעולה 750 מל,רגיל,-1,27.90,44.90,44.90,מוצרי בית,יח',מוצרי בית,
8410202330027,8410202330027,ORGANIC VANILLA,רגיל,0,0.00,12.90,12.90,מוצרי מכולת ,יח',מוצרי מכולת ,
8410202330041,8410202330041,ORANIC STRAWBERRY,רגיל,0,0.00,10.90,10.90,מוצרי מכולת ,יח',מוצרי מכולת ,
8410202330072,8410202330072,ORGANIC GREEN APPLE,רגיל,0,0.00,10.90,10.90,מוצרי מכולת ,יח',מוצרי מכולת ,
8410202330126,8410202330126,ORGANIC NEW CAR,רגיל,0,0.00,12.90,12.90,מוצרי מכולת ,יח',מוצרי מכולת ,
8410202330140,8410202330140,ORANIC NO SMOKING,רגיל,0,0.00,10.90,10.90,מוצרי מכולת ,יח',מוצרי מכולת ,
8410202330157,8410202330157,ORANIC OCEAN,רגיל,0,0.00,10.90,10.90,מוצרי מכולת ,יח',מוצרי מכולת ,
8410202330454,8410202330454,ORGANIC COOL BLACK,רגיל,0,3.00,10.90,10.90,גלידות ,יח',גלידות ,
8410376044393,8410376044393,עוגיות סנדוויץ ללת״ס210ג,רגיל,2,10.48,15.90,15.90,חטיפים מתוקים ,יח',חטיפים מתוקים ,
8410707003983,8410707003983,מיץ אננס JUVER,רגיל,0,0.00,15.00,15.00,מוצרי מכולת ,יח',מוצרי מכולת ,
8410707003990,8410707003990,מיץJUVA תפוזים,רגיל,0,0.00,15.00,15.00,מוצרי מכולת ,יח',מוצרי מכולת ,
8410707004041,8410707004041,מיץ תפוחים JUVAR,רגיל,0,0.00,15.00,15.00,מוצרי מכולת ,יח',מוצרי מכולת ,
8410707004058,8410707004058,מיץ לימון JUVAR,רגיל,0,0.00,15.00,15.00,מוצרי מכולת ,יח',מוצרי מכולת ,
8410707004126,8410707004126,מיץ ענבים JUVER,רגיל,0,0.00,15.00,15.00,מוצרי מכולת ,יח',מוצרי מכולת ,
8410805004844,8410805004844,סוכריות,רגיל,0,1.00,0.90,0.90,חטיפים מתוקים ,יח',חטיפים מתוקים ,
8410805008071,8410805008071,לקקן ואבקת סוכר דובדבן,רגיל,0,0.00,4.00,4.00,מוצרי מכולת ,יח',מוצרי מכולת ,
8410805017127,8410805017127,סוכריות,רגיל,0,1.00,0.90,0.90,חטיפים מתוקים ,יח',חטיפים מתוקים ,
8411037892490,8411037892490,בראוניז שוקולד וסוכריות 200 גרם,רגיל,7,7.44,13.90,13.90,חטיפים מתוקים ,יח',חטיפים מתוקים ,
8412247010131,8412247010131,שמן זית סיירה 750 מ"ל,רגיל,8,23.50,39.90,,מוצרי מכולת ,יח',מוצרי מכולת ,
8412497002412,8412497002412,בקבוק בוגרים נירוסטה 515 מל מיקי,רגיל,0,49.90,60.00,60.00,מוצרי מכולת ,יח',מוצרי מכולת ,
8412497002511,8412497002511,בקבוק בוגרים נירוסטה 515 מל מיני,רגיל,1,49.90,60.00,60.00,מוצרי מכולת ,יח',מוצרי מכולת ,
8412766074256,8412766074256,מצת ברזל,רגיל,0,8.50,20.00,20.00,מוצרי מכולת ,יח',מוצרי מכולת ,
8413295300205,8413295300205,תרמוס במי מלח,רגיל,0,6.72,12.90,12.90,חטיפים מתוקים ,יח',חטיפים מתוקים ,
8414775012298,8414775012298,נייר גלגול SMK בינוני,רגיל,0,3.00,9.00,9.00,אבזרי עישון ,יח',אבזרי עישון ,
8414775012328,8414775012328,קונוס SMK KING SIZE + FILTERS,רגיל,0,3.50,7.00,7.00,מוצרי מכולת ,יח',מוצרי מכולת ,
8414775015879,8414775015879,נייר +פילטר קצר,רגיל,6,3.00,7.00,7.00,אבזרי עישון ,יח',אבזרי עישון ,
8414775019945,8414775019945,נייר אדום קטן,רגיל,0,0.69,4.00,4.00,אבזרי עישון ,יח',אבזרי עישון ,
8414775019969,8414775019969,נייר קטן -כחול דק,רגיל,42,1.20,4.00,4.00,אבזרי עישון ,יח',אבזרי עישון ,
8414775020026,8414775020026,פילטר ארוך,רגיל,0,1.66,7.00,7.00,אבזרי עישון ,יח',אבזרי עישון ,
8423207208703,8423207208703,מרבה סלים דליס מהדורה מיוחדת,רגיל,0,9.52,17.90,17.90,חטיפים מתוקים ,יח',חטיפים מתוקים ,
8423371000462,8423371000462,קוקטייל מיקס סאליסול ,רגיל,0,3.15,4.90,,פיצוחים,יח',פיצוחים,
8423371000516,8423371000516,פיצוחי SALYSOL שקדים מתוק,רגיל,0,3.15,6.00,6.00,מוצרי מכולת ,יח',מוצרי מכולת ,
8423371000530,8423371000530,בוטנים מלוחים סאליסול 60 גרם ,רגיל,1,3.15,4.90,,פיצוחים,יח',פיצוחים,
8423371000653,8423371000653,פיצוחי SALYSOL בוטנים דבש ומלח,רגיל,0,3.15,6.00,6.00,מוצרי מכולת ,יח',מוצרי מכולת ,
8423371002312,8423371002312,חטיף בוטנים עם צ'ילי,רגיל,0,0.00,15.00,15.00,מוצרי מכולת ,יח',מוצרי מכולת ,
8423371005078,8423371005078,פיצוחי SALYSOL בוטנים ואגוזים,רגיל,0,3.15,6.00,6.00,מוצרי מכולת ,יח',מוצרי מכולת ,
8423371007690,8423371007690,דובוני גומי מסוכרים,רגיל,14,3.51,7.90,8.90,חטיפים מתוקים ,יח',חטיפים מתוקים ,
8423371007706,8423371007706,סוכריות גומי בטעמי תות,רגיל,8,3.51,7.90,7.90,חטיפים מתוקים ,יח',חטיפים מתוקים ,
8423371007713,8423371007713,סוכריות גומי בטעמי פירות,רגיל,31,3.51,7.90,7.90,חטיפים מתוקים ,יח',חטיפים מתוקים ,
8423371008147,8423371008147,סוכריות חמוצות בטעמי פירות ,רגיל,13,3.51,7.90,8.90,חטיפים מתוקים ,יח',חטיפים מתוקים ,
8423371008154,8423371008154,סוכריות חמוצות בטעמי פירות ,רגיל,6,3.51,7.90,8.90,חטיפים מתוקים ,יח',חטיפים מתוקים ,
8424465819656,8424465819656,דונטס קיט קאט,רגיל,0,5.67,6.70,,מאפים (גדרון - שמרים ),יח',מאפים (גדרון - שמרים ),
8425206000081,8425206000081,ריבת חלב מרדל 450 גרם,רגיל,1,13.90,26.00,26.00,מוצרי מכולת ,יח',מוצרי מכולת ,
8432406120020,8432406120020,בלנדר BLACK+DECKER,רגיל,1,265.00,400.00,400.00,מוצרי מכולת ,יח',מוצרי מכולת ,
8432406160064,8432406160064,hand blender,רגיל,0,0.00,250.00,250.00,מוצרי מכולת ,יח',מוצרי מכולת ,
8432406680050,8432406680050,טוסטיר,רגיל,1,190.00,300.00,300.00,מוצרי  אלקטרונים ,יח',מוצרי  אלקטרונים ,
8434165466333,8434165466333,מיני קרקר עגול 350 ג' קריט,רגיל,10,7.60,13.90,14.90,חטיפים מתוקים ,יח',חטיפים מתוקים ,
8434832430056,8434832430056,מאפרת זכוכית,רגיל,-3,10.16,18.90,,אבזרי עישון ,יח',אבזרי עישון ,
8437020396011,8437020396011,פטל מוקפא בשוקלד לבן,רגיל,-11,27.11,37.90,37.90,גלידות ,יח',גלידות ,
8437020396028,8437020396028,פטל מוקפא בשוקלד מריר,רגיל,4,27.11,37.90,37.90,גלידות ,יח',גלידות ,
8437020396158,8437020396158,פראנוי פינק,רגיל,1,27.11,39.90,,גלידות ,יח',גלידות ,
8445290964595,8445290964595,דגני בוקר קיטקט 330 גרם,רגיל,5,17.90,26.90,27.90,מוצרי בית,יח',מוצרי בית,
8445291638839,8445291638839,צ׳יריוס ט. דבש ושקדים 500ג ,רגיל,0,11.90,21.90,22.90,מוצרי בית,יח',מוצרי בית,
8445291964983,8445291964983,וקראנץ וופל 30*30גרם,רגיל,37,2.90,6.90,6.90,חטיפים מתוקים ,יח',חטיפים מתוקים ,
8447218206404,8447218206404,מצת קליפר סוליד 2 48 יח,רגיל,0,0.00,0.00,,מוצרי שימוש מטבח -חנות ,יח',מוצרי שימוש מטבח -חנות ,
8447218231918,8447218231918,פילטר פחם  ריליף 5.3,רגיל,0,17.00,30.00,30.00,אבזרי עישון ,יח',אבזרי עישון ,
8447218261410,8447218261410,מצת קליפר חיות 48 יח,רגיל,0,84.75,100.00,,מוצרי שימוש מטבח -חנות ,יח',מוצרי שימוש מטבח -חנות ,
8447218270528,8447218270528,מצת קליפר איחולים 48 יח,רגיל,0,84.75,100.00,,מוצרי שימוש מטבח -חנות ,יח',מוצרי שימוש מטבח -חנות ,
8458458459314,8458458459314,מזרק גומיות,רגיל,0,0.00,3.00,3.00,מוצרי מכולת ,יח',מוצרי מכולת ,
8536442301341,8536442301341,צמיד חרוזים בהרכבה עצמית,רגיל,0,15.00,30.00,30.00,תכשיטים לילדות קטנות ,יח',תכשיטים לילדות קטנות ,
8536442302270,8536442302270,סיכות שיער מעוצבות/גומיות קנדי,רגיל,0,4.00,7.90,7.90,תכשיטים לילדות קטנות ,יח',תכשיטים לילדות קטנות ,
8536442302683,8536442302683, מדבקות ציפורניים,רגיל,0,7.50,14.90,14.90,תכשיטים לילדות קטנות ,יח',תכשיטים לילדות קטנות ,
8536442302881,8536442302881,קשת בד קנדי,רגיל,0,8.00,15.90,15.90,תכשיטים לילדות קטנות ,יח',תכשיטים לילדות קטנות ,
8536442302997,8536442302997,מחק חד קרן/ארטיק,רגיל,0,4.00,7.90,7.90,תכשיטים לילדות קטנות ,יח',תכשיטים לילדות קטנות ,
8536442303055,8536442303055,צמיד פנינים רקדנית בלט/סט שרשראות קנדי,רגיל,0,11.50,21.90,21.90,תכשיטים לילדות קטנות ,יח',תכשיטים לילדות קטנות ,
8588005759670,8588005759670,משקה מוגז PILOT,רגיל,0,2.13,5.90,6.90,משקאות ,יח',משקאות ,
8595600903438,8595600903438,בקבוק ריח תליה BLUE OCEAN,רגיל,0,0.00,15.00,15.00,מוצרי מכולת ,יח',מוצרי מכולת ,
8595600906057,8595600906057,מפזר ריח למזגו X RIDE WOOD,רגיל,0,0.00,15.00,15.00,מוצרי מכולת ,יח',מוצרי מכולת ,
8595600906064,8595600906064,מפזר ריח מזגן ארטוס X RIDE GUM,רגיל,0,0.00,15.00,15.00,מוצרי מכולת ,יח',מוצרי מכולת ,
8595600906071,8595600906071,מפזר ריח למזגן X RIDE BREEZE,רגיל,0,0.00,15.00,15.00,מוצרי מכולת ,יח',מוצרי מכולת ,
8595600906347,8595600906347,בקבוק תליה DUST PINK,רגיל,0,0.00,15.00,15.00,מוצרי מכולת ,יח',מוצרי מכולת ,
8595600906675,8595600906675,פנינים ריחניים,רגיל,0,0.00,15.00,15.00,מוצרי מכולת ,יח',מוצרי מכולת ,
8595600908990,8595600908990,שקיק ריח לוונדר,רגיל,0,0.00,15.00,15.00,מוצרי מכולת ,יח',מוצרי מכולת ,
8595600910191,8595600910191,לטאה ריחנית לתלייה,רגיל,0,3.00,12.00,12.00,מוצרי מכולת ,יח',מוצרי מכולת ,
8595600910825,8595600910825,שקיק ריח בריזה,רגיל,0,0.00,15.00,15.00,מוצרי מכולת ,יח',מוצרי מכולת ,
8595600910832,8595600910832,שקיק ריח רכב חדש,רגיל,0,0.00,15.00,15.00,מוצרי מכולת ,יח',מוצרי מכולת ,
8595600914076,8595600914076,בקבוקון ריח וניל,רגיל,0,0.00,10.00,10.00,מוצרי מכולת ,יח',מוצרי מכולת ,
8595600914083,8595600914083,בקבוקון לתלייה טרופי,רגיל,0,0.00,10.00,10.00,מוצרי מכולת ,יח',מוצרי מכולת ,
8595600914113,8595600914113,בקבוקון ריח אוקיינוס,רגיל,0,0.00,10.00,10.00,מוצרי מכולת ,יח',מוצרי מכולת ,
8595600914137,8595600914137,מארז בקבוקני ריח ארטוס,רגיל,0,0.00,10.00,10.00,מוצרי מכולת ,יח',מוצרי מכולת ,
8595600915035,8595600915035,מארז 3 יח' ריח ניו קאר,רגיל,0,0.00,10.00,10.00,מוצרי מכולת ,יח',מוצרי מכולת ,
8606018615827,8606018615827,פינט אוראו גלידה 300 גרם,רגיל,11,16.94,27.00,27.00,מוצרי מכולת ,יח',מוצרי מכולת ,
8606018615841,8606018615841,פיינט מילקה גלידה,רגיל,0,15.90,27.00,27.00,מוצרי מכולת ,יח',מוצרי מכולת ,
8606018615865,8606018615865,פיינט מילקה,רגיל,0,15.90,27.00,27.00,מוצרי מכולת ,יח',מוצרי מכולת ,
8606018616282,8606018616282,גלידה טילון מילקה 100 מ"ל ,רגיל,0,7.50,12.90,12.90,גלידות ,יח',גלידות ,
8606018617074,8606018617074,גלידה פירולו תות 73 מ"ל ,רגיל,0,3.80,6.90,6.90,גלידות ,יח',גלידות ,
8651016009165,8651016009165,מקלוני צ'יפס ומטבל ברבקיו,רגיל,24,5.35,8.90,,חטיפים מלוחים ,יח',חטיפים מלוחים ,
8680096066283,8680096066283,עכבר אלחוטי כחול,רגיל,0,0.00,65.00,65.00,מוצרי מכולת ,יח',מוצרי מכולת ,
8680096066313,8680096066313,עכבר אלחוטי ורוד,רגיל,0,0.00,65.00,65.00,מוצרי מכולת ,יח',מוצרי מכולת ,
8680096066320,8680096066320,עכבר אלחוטי טורקיז,רגיל,0,0.00,65.00,65.00,מוצרי מכולת ,יח',מוצרי מכולת ,
8680096076411,8680096076411,אייפון ליטנינג 1M,רגיל,0,0.00,35.00,35.00,מוצרי מכולת ,יח',מוצרי מכולת ,
8680096110825,8680096110825,שולחן גימינג אדום שחור,רגיל,0,0.00,620.00,620.00,מוצרי מכולת ,יח',מוצרי מכולת ,
8681282303052,8681282303052,אל שאהיה,רגיל,0,0.00,6.00,6.00,מוצרי מכולת ,יח',מוצרי מכולת ,
8681305250011,8681305250011,חלבה עם פיסטוקים,רגיל,0,0.00,14.90,14.90,מוצרי מכולת ,יח',מוצרי מכולת ,
8681305250028,8681305250028,חלבה,רגיל,0,0.00,12.90,12.90,מוצרי מכולת ,יח',מוצרי מכולת ,
8681823035695,8681823035695,מגבונים לחים,רגיל,0,2.00,5.00,5.00,מוצרי מכולת ,יח',מוצרי מכולת ,
8682911640876,8682911640876,מגבונים לחים,רגיל,0,0.00,5.00,5.00,מוצרי מכולת ,יח',מוצרי מכולת ,
8683130012666,8683130012666,מגנום לבן עוגיות,רגיל,0,8.95,13.90,13.90,גלידות ,יח',גלידות ,
8683323063024,8683323063024,שטוחים בטעם תותי פרוטי,רגיל,0,0.00,8.90,8.90,מוצרי מכולת ,יח',מוצרי מכולת ,
8683363414107,8683363414107,גריקן מסטיק תותי פרוטי,רגיל,0,5.90,10.00,10.00,מוצרי מכולת ,יח',מוצרי מכולת ,
8690120060170,8690120060170,חטיף נמבר וואן,רגיל,0,0.00,3.00,3.00,מוצרי מכולת ,יח',מוצרי מכולת ,
8690504011422,8690504011422,עוגיות ASORTI KURABIYE,רגיל,0,0.00,6.90,6.90,מוצרי מכולת ,יח',מוצרי מכולת ,
8690504011903,8690504011903,עוגיות COKODAMLA,רגיל,0,0.00,6.90,6.90,מוצרי מכולת ,יח',מוצרי מכולת ,
8690504011927,8690504011927,עוגיות TUZLU KURABIYE,רגיל,0,0.00,6.90,6.90,מוצרי מכולת ,יח',מוצרי מכולת ,
8690504080893,8690504080893,ULKER שוקולד SUFLE,רגיל,0,0.00,5.00,5.00,מוצרי מכולת ,יח',מוצרי מכולת ,
8690504086949,8690504086949,ULKER שוקולד,רגיל,0,0.00,5.00,5.00,מוצרי מכולת ,יח',מוצרי מכולת ,
8690504086956,8690504086956,ULKER שוקולד SERISI,רגיל,0,0.00,5.00,5.00,מוצרי מכולת ,יח',מוצרי מכולת ,
8690504113409,8690504113409,עוגיות TEREAYLI KURABIYE,רגיל,0,0.00,6.90,6.90,מוצרי מכולת ,יח',מוצרי מכולת ,
8690504116141,8690504116141,עוגיות HANIMELLER,רגיל,0,0.00,6.90,6.90,מוצרי מכולת ,יח',מוצרי מכולת ,
8690526043869,8690526043869,POP KEK בטעם בננה,רגיל,0,0.00,2.50,2.50,מוצרי מכולת ,יח',מוצרי מכולת ,
8690526066233,8690526066233,POP KEK בטעם קוקוס,רגיל,0,0.00,2.50,2.50,מוצרי מכולת ,יח',מוצרי מכולת ,
8690526073774,8690526073774,POP KEK בטעם תפוזים,רגיל,0,0.00,2.50,2.50,מוצרי מכולת ,יח',מוצרי מכולת ,
8690526083704,8690526083704,POP KEK בטעם לימון,רגיל,0,0.00,2.50,2.50,מוצרי מכולת ,יח',מוצרי מכולת ,
8690526083711,8690526083711,POP KEK בטעם שוקולד,רגיל,0,0.00,2.50,2.50,מוצרי מכולת ,יח',מוצרי מכולת ,
8690526083728,8690526083728,POP KEK בננה,רגיל,0,0.00,2.50,2.50,מוצרי מכולת ,יח',מוצרי מכולת ,
8690558020036,8690558020036,מיץ רימונים DIMES,רגיל,0,0.00,10.00,10.00,מוצרי מכולת ,יח',מוצרי מכולת ,
8690558021811,8690558021811,מיץ DIMES מנגו,רגיל,0,0.00,10.00,10.00,מוצרי מכולת ,יח',מוצרי מכולת ,
8690624003222,8690624003222,רביעיית ציפסים,רגיל,0,0.00,10.00,10.00,מוצרי מכולת ,יח',מוצרי מכולת ,
8690632059174,8690632059174,KIT-KAT- חבילה,רגיל,0,0.00,25.00,25.00,מוצרי מכולת ,יח',מוצרי מכולת ,
8690637007705,8690637007705,מסטיגם,רגיל,0,4.34,12.00,12.00,מוצרי מכולת ,יח',מוצרי מכולת ,
8690637687433,8690637687433,מגנום גן שילד,רגיל,0,5.10,13.90,13.90,גלידות ,יח',גלידות ,
8690637687662,8690637687662,מגנום בטעם שוקולד חלב ושקדים,רגיל,0,7.65,15.00,15.00,מוצרי מכולת ,יח',מוצרי מכולת ,
8690637719783,8690637719783,מגנום שמננת בטעם וניל עם פירות יער,רגיל,0,8.95,13.90,13.90,גלידות ,יח',גלידות ,
8690637799594,8690637799594,תה ליפטון-ירוק,רגיל,0,10.03,15.00,15.00,מוצרי מכולת ,יח',מוצרי מכולת ,
8690637842382,8690637842382,מגנום דאבל פרי יער,רגיל,0,8.95,13.90,13.90,גלידות ,יח',גלידות ,
8690637989629,8690637989629,מגנום דאבל דולצי קרמל,רגיל,0,8.95,13.90,13.90,גלידות ,יח',גלידות ,
8690637997914,8690637997914,מגנום כוס אישית בטעמים,רגיל,0,6.26,12.00,12.00,מוצרי מכולת ,יח',מוצרי מכולת ,
8690637997921,8690637997921,מגנום כוס אישי,רגיל,0,6.23,12.00,12.00,מוצרי מכולת ,יח',מוצרי מכולת ,
8690777203012,8690777203012,פלפל ירוק כבוש 600 גרם,רגיל,10,9.90,15.90,16.90,מוצרי בית,יח',מוצרי בית,
8690777206051,8690777206051,חציל קלוי על האש 650 גרם,רגיל,10,9.90,17.90,18.90,מוצרי בית,יח',מוצרי בית,
8690777221405,8690777221405,אדום קלוי 650 גרם,רגיל,7,10.90,18.90,20.90,מוצרי בית,יח',מוצרי בית,
8690784516440,8690784516440,דאק נוזל לבנדר 750מ״ל,רגיל,6,7.66,13.90,14.90,מוצרי ניקיון ו טיפוח אישי,יח',מוצרי ניקיון ו טיפוח אישי,
8690784614771,8690784614771,דאק סבון מוצק לאסלה רענן,רגיל,5,5.25,11.90,12.90,משקאות ,יח',משקאות ,
8690784616775,8690784616775,דאק סבון מוצק כחול אקווה בלו 36*2 גר׳,רגיל,2,6.80,13.90,14.90,מוצרי ניקיון ו טיפוח אישי,יח',מוצרי ניקיון ו טיפוח אישי,
8690787111031,8690787111031,פיסטוקים 180 גרם,רגיל,0,0.00,24.90,24.90,מוצרי מכולת ,יח',מוצרי מכולת ,
8690787111055,8690787111055,פיסטוקים 40 גרם,רגיל,0,5.00,7.00,7.00,מוצרי מכולת ,יח',מוצרי מכולת ,
8690787121039,8690787121039,בוטנים קלווים עם קליפה אדומה 200 גרם,רגיל,0,0.00,12.00,12.00,מוצרי מכולת ,יח',מוצרי מכולת ,
8690787131039,8690787131039,פיסטוקים קלויים ומלוחים בקליפה,רגיל,0,0.00,12.00,12.00,מוצרי מכולת ,יח',מוצרי מכולת ,
8690787141014,8690787141014,גרעיני דלעת מלוחים 40 גרם,רגיל,0,0.00,4.00,4.00,מוצרי מכולת ,יח',מוצרי מכולת ,
8690787171028,8690787171028,בוטנים 40גרם,רגיל,0,0.00,3.00,3.00,מוצרי מכולת ,יח',מוצרי מכולת ,
8690787171066,8690787171066,בוטנים מעובדים 200 גרם,רגיל,0,6.00,12.00,12.00,מוצרי מכולת ,יח',מוצרי מכולת ,
8690787171096,8690787171096,מקס צמוקים 180 גרם,רגיל,0,0.00,8.00,8.00,מוצרי מכולת ,יח',מוצרי מכולת ,
8690787181034,8690787181034,מקס אגוזים 180 גרם,רגיל,0,0.00,24.90,24.90,מוצרי מכולת ,יח',מוצרי מכולת ,
8690787181065,8690787181065,תערובת אגוזים קלויים עם צימוקים 75 גרם,רגיל,0,0.00,4.00,4.00,מוצרי מכולת ,יח',מוצרי מכולת ,
8690787181096,8690787181096,מקס אגוזים קלויים עם צימוקים,רגיל,0,11.00,27.00,27.00,מוצרי מכולת ,יח',מוצרי מכולת ,
8690787181232,8690787181232,מקס אגוזים טבעיים עם תותים 75 גרם,רגיל,0,0.00,12.00,12.00,מוצרי מכולת ,יח',מוצרי מכולת ,
8690787201015,8690787201015,גרעיני חמנייה דל מלח אדום 200 גרם,רגיל,0,0.00,10.00,10.00,מוצרי מכולת ,יח',מוצרי מכולת ,
8690787241080,8690787241080,גרעיני חמניה תוספת מלח 200 גרם,רגיל,0,0.00,10.00,10.00,מוצרי מכולת ,יח',מוצרי מכולת ,
8690787251010,8690787251010,גרעיני חמנייה שחורים 200 גרם,רגיל,0,0.00,10.00,10.00,מוצרי מכולת ,יח',מוצרי מכולת ,
8690787251072,8690787251072,גרעיני חמנייה שחורים 100 גרם,רגיל,0,0.00,7.90,7.90,מוצרי מכולת ,יח',מוצרי מכולת ,
8690787261026,8690787261026,גרעיני חמניות קלויים מלוחים,רגיל,0,0.00,8.00,8.00,מוצרי מכולת ,יח',מוצרי מכולת ,
8690787291030,8690787291030,אגוז מלך 150 גרם,רגיל,0,0.00,19.90,19.90,מוצרי מכולת ,יח',מוצרי מכולת ,
8690787311059,8690787311059,קאשיו 140 גרם,רגיל,0,0.00,20.00,20.00,מוצרי מכולת ,יח',מוצרי מכולת ,
8690787341025,8690787341025,בוטנים קלויים בטעם ברבקיו 200 גרם,רגיל,0,0.00,12.00,12.00,מוצרי מכולת ,יח',מוצרי מכולת ,
8690787341032,8690787341032,בוטנים בטעם ברבקיו BBQ,רגיל,0,0.00,3.00,3.00,מוצרי מכולת ,יח',מוצרי מכולת ,
8690787381069,8690787381069,גרעיני חמניה בתוספת תבלין חריף 170 גרם,רגיל,0,0.00,10.00,10.00,מוצרי מכולת ,יח',מוצרי מכולת ,
8690787391020,8690787391020,גרעיני חמנייה TADIM,רגיל,0,0.00,10.00,10.00,מוצרי מכולת ,יח',מוצרי מכולת ,
8690787501054,8690787501054,חטיף פיצוחים,רגיל,0,0.00,5.90,5.90,מוצרי מכולת ,יח',מוצרי מכולת ,
8690787511015,8690787511015,חטיף פיצוחים,רגיל,0,0.00,4.00,4.00,מוצרי מכולת ,יח',מוצרי מכולת ,
8690787541012,8690787541012,חטיף פיצוחים,רגיל,0,0.00,4.00,4.00,מוצרי מכולת ,יח',מוצרי מכולת ,
8690787561010,8690787561010,חטיף פיצוחים,רגיל,0,0.00,4.00,4.00,מוצרי מכולת ,יח',מוצרי מכולת ,
8690787581018,8690787581018,חטיף פיצוחים,רגיל,0,0.00,4.00,4.00,מוצרי מכולת ,יח',מוצרי מכולת ,
8690787611012,8690787611012,בוטנים צילי חריף 40 גרם,רגיל,0,0.00,3.00,3.00,מוצרי מכולת ,יח',מוצרי מכולת ,
8690787641033,8690787641033,בוטנים בטעם ראנץ 200 גרם,רגיל,0,0.00,12.00,12.00,מוצרי מכולת ,יח',מוצרי מכולת ,
8690835604850,8690835604850,perfecto שוקולד שחור,רגיל,0,0.00,2.50,2.50,מוצרי מכולת ,יח',מוצרי מכולת ,
8690835604867,8690835604867,perfecto שוקולד אגוזים,רגיל,0,0.00,2.50,2.50,מוצרי מכולת ,יח',מוצרי מכולת ,
8691066111117,8691066111117,וופלים אצבעות קטן,רגיל,0,0.00,3.00,3.00,מוצרי מכולת ,יח',מוצרי מכולת ,
8691397540570,8691397540570,צלחת חד פעמי,רגיל,0,2.00,9.90,9.90,חד פעמי,יח',חד פעמי,
8691573021190,8691573021190,חצילים ממולאים,רגיל,0,0.00,10.90,10.90,מוצרי מכולת ,יח',מוצרי מכולת ,
8691573022197,8691573022197,פלפלים ממלואים,רגיל,0,0.00,10.90,10.90,מוצרי מכולת ,יח',מוצרי מכולת ,
8691573027192,8691573027192,חצילים בשמן,רגיל,0,0.00,10.90,10.90,מוצרי מכולת ,יח',מוצרי מכולת ,
8691707036014,8691707036014,ביצת הפתעה אוזמו,רגיל,0,2.20,5.00,5.00,מוצרי מכולת ,יח',מוצרי מכולת ,
8691707066035,8691707066035,ביסקוויט בורגר,רגיל,0,1.75,5.00,5.00,מוצרי מכולת ,יח',מוצרי מכולת ,
8691707087962,8691707087962,אוזמו דובי על מקל,רגיל,0,1.75,5.00,5.00,מוצרי מכולת ,יח',מוצרי מכולת ,
8691900169618,8691900169618,KOTEX,רגיל,0,0.00,24.00,24.00,מוצרי מכולת ,יח',מוצרי מכולת ,
8693203000872,8693203000872,ניקלס פילטר לסגריה,רגיל,0,4.27,10.00,10.00,אבזרי עישון ,יח',אבזרי עישון ,
8693495409438,8693495409438,אג'קס לרצפה לבנדר - אג'קס,רגיל,9,9.90,17.90,,מוצרי ניקיון ו טיפוח אישי,יח',מוצרי ניקיון ו טיפוח אישי,
8693855000152,8693855000152,פריש בטעם תות,רגיל,0,0.00,5.00,5.00,מוצרי מכולת ,יח',מוצרי מכולת ,
8693855000619,8693855000619,פריש בטעם לימון,רגיל,0,0.00,5.00,5.00,מוצרי מכולת ,יח',מוצרי מכולת ,
8693855000657,8693855000657,פרישר תות,רגיל,0,0.00,12.00,12.00,מוצרי מכולת ,יח',מוצרי מכולת ,
8693855004532,8693855004532,פריש בטעם תפוח,רגיל,0,0.00,5.00,5.00,מוצרי מכולת ,יח',מוצרי מכולת ,
8693855004839,8693855004839,פרישר לימון,רגיל,0,0.00,12.00,12.00,מוצרי מכולת ,יח',מוצרי מכולת ,
8693855006413,8693855006413,פריש בטעם תפוז,רגיל,0,0.00,5.00,5.00,מוצרי מכולת ,יח',מוצרי מכולת ,
8693855006420,8693855006420,פרישר קלמנטינה,רגיל,0,0.00,12.00,12.00,מוצרי מכולת ,יח',מוצרי מכולת ,
8693855006451,8693855006451,פרישר תפוח אדמה,רגיל,0,0.00,12.00,12.00,מוצרי מכולת ,יח',מוצרי מכולת ,
8693855006505,8693855006505,סודה INISDIBI,רגיל,0,0.00,5.00,5.00,מוצרי מכולת ,יח',מוצרי מכולת ,
8693855006512,8693855006512,שישיית סודה,רגיל,0,0.00,12.00,12.00,מוצרי מכולת ,יח',מוצרי מכולת ,
8693855006864,8693855006864,פריש בטעם ענבים,רגיל,0,0.00,5.00,5.00,מוצרי מכולת ,יח',מוצרי מכולת ,
8693855007328,8693855007328,פרישר פרי יער,רגיל,0,0.00,12.00,12.00,מוצרי מכולת ,יח',מוצרי מכולת ,
8696814011749,8696814011749,ויזלין שפתות קוקטיל,רגיל,0,4.27,9.90,10.90,מוצרי ניקיון ו טיפוח אישי,יח',מוצרי ניקיון ו טיפוח אישי,
8697428020400,8697428020400,פאפי שוקו סטיקס סוכריות 55גר,רגיל,0,3.90,7.90,7.90,מוצרי מכולת ,יח',מוצרי מכולת ,
8697459290193,8697459290193,משקה TMAX תותי פרוטי 250 מ"ל,רגיל,74,2.30,6.90,,משקאות ,יח',משקאות ,
8697459290858,8697459290858,משקה TMAX גולד 250 מ"ל,רגיל,121,2.30,6.90,,משקאות ,יח',משקאות ,
8697530910743,8697530910743,פאל מאל כחול קצר,רגיל,15,29.47,41.00,40.00, כל הסיגריות,יח', כל הסיגריות,
8697530910750,8697530910750,פאל מאל כחול ארוך,רגיל,37,29.47,41.00,41.00, כל הסיגריות,יח', כל הסיגריות,
8697530910781,8697530910781,פאל מאל אדום,רגיל,25,29.47,41.00,40.00, כל הסיגריות,יח', כל הסיגריות,
8697530911276,8697530911276,קנט קצר,רגיל,12,35.05,48.00,48.00, כל הסיגריות,יח', כל הסיגריות,
8697589521778,8697589521778,wireless microphone hifi speaker,רגיל,0,0.00,100.00,100.00,מוצרי מכולת ,יח',מוצרי מכולת ,
8697817874157,8697817874157,מגבונים לחים סופו,רגיל,0,0.00,5.00,5.00,מוצרי מכולת ,יח',מוצרי מכולת ,
8698313521439,8698313521439,פנטסטיק קרמל,רגיל,0,5.00,10.00,10.00,מוצרי מכולת ,יח',מוצרי מכולת ,
8698313596352,8698313596352,BRAVO מצופה שוקולד,רגיל,0,0.00,8.00,8.00,מוצרי מכולת ,יח',מוצרי מכולת ,
8698313599681,8698313599681,סנדויץ MARASIM,רגיל,0,0.00,10.00,10.00,מוצרי מכולת ,יח',מוצרי מכולת ,
8698313599971,8698313599971,BRAVO BROWN,רגיל,0,0.00,10.00,10.00,מוצרי מכולת ,יח',מוצרי מכולת ,
8698694086251,8698694086251,שמן Lite 1 ATF,רגיל,16,31.60,59.90,59.90,שמנים,יח',שמנים,
8698694087722,8698694087722,היי ספיד T2 מיכל 1 ליטר ,רגיל,6,25.00,49.90,49.90,שמנים,יח',שמנים,
8698996006797,8698996006797,טישון נדא ,רגיל,0,1.69,5.90,6.90,מוצרי ניקיון ו טיפוח אישי,יח',מוצרי ניקיון ו טיפוח אישי,
8699141054595,8699141054595,אוזמו האפי בסקוויט,רגיל,0,1.00,3.00,3.00,מוצרי מכולת ,יח',מוצרי מכולת ,
8699182382343,8699182382343,מגבונים BIVY,רגיל,0,0.00,5.00,5.00,מוצרי מכולת ,יח',מוצרי מכולת ,
8699621150502,8699621150502,גז בקבוק,רגיל,1,4.70,12.00,12.00,אבזרי עישון ,יח',אבזרי עישון ,
8700216237420,8700216237420,פיירי טבליות אורגינל 71,רגיל,-1,39.90,59.90,60.90,מוצרי ניקיון ו טיפוח אישי,יח',מוצרי ניקיון ו טיפוח אישי,
8700216350433,8700216350433,פמפרס בייבי דריי 43 שלב2,רגיל,4,29.90,44.90,,מוצרי שימוש מטבח -חנות ,יח',מוצרי שימוש מטבח -חנות ,
8700216418287,8700216418287,שולדרס שמפו מנטול 625 מ״ל,רגיל,14,17.37,28.90,29.90,מוצרי ניקיון ו טיפוח אישי,יח',מוצרי ניקיון ו טיפוח אישי,
8700216418300,8700216418300,שולדרס שמפו קלאסי 625 מ"ל,רגיל,-1,17.37,28.90,,מוצרי ניקיון ו טיפוח אישי,יח',מוצרי ניקיון ו טיפוח אישי,
8700216418416,8700216418416,שולדרס שמפו מן אולטרה 625 מ"ל,רגיל,4,17.37,28.90,,מוצרי ניקיון ו טיפוח אישי,יח',מוצרי ניקיון ו טיפוח אישי,
8700216418492,8700216418492,שולדרס שמפו 2 ב 1 קלאסי 625 מ״ל,רגיל,0,17.37,28.90,29.90,מוצרי ניקיון ו טיפוח אישי,יח',מוצרי ניקיון ו טיפוח אישי,
8700216506250,8700216506250,פנטן מרכך לחות מוגברת 220 מ"ל ,רגיל,20,11.23,21.90,,מוצרי ניקיון ו טיפוח אישי,יח',מוצרי ניקיון ו טיפוח אישי,
8700216593694,8700216593694,שולדרס שמפו מגע משי 625 מ״ל,רגיל,7,17.37,28.90,29.90,מוצרי ניקיון ו טיפוח אישי,יח',מוצרי ניקיון ו טיפוח אישי,
8700216601337,8700216601337,פנטן מרכך הנוסחה קלסית 400 מ"ל ,רגיל,15,10.65,17.90,,מוצרי ניקיון ו טיפוח אישי,יח',מוצרי ניקיון ו טיפוח אישי,
8700216601528,8700216601528,פנטין שמפו הקלסיק 400 מ"ל,רגיל,0,9.20,14.90,,מוצרי ניקיון ו טיפוח אישי,יח',מוצרי ניקיון ו טיפוח אישי,
8700216682169,8700216682169,אולוויז תחבושת DM לונג+,רגיל,5,12.90,22.90,,מוצרי ניקיון ו טיפוח אישי,יח',מוצרי ניקיון ו טיפוח אישי,
8700216800686,8700216800686,אולוויז תחבושת דואו לונוג פלס,רגיל,-3,13.63,19.90,,מוצרי ניקיון ו טיפוח אישי,יח',מוצרי ניקיון ו טיפוח אישי,
8700216800754,8700216800754,אולוויז תחבושות דואו לונג,רגיל,0,13.70,39.90,,מוצרי ניקיון ו טיפוח אישי,יח',מוצרי ניקיון ו טיפוח אישי,
8700216800778,8700216800778,אולוויז תחבושות דואו לילה בטוח אקסטרה 16,רגיל,5,13.70,19.90,20.90,מוצרי ניקיון ו טיפוח אישי,יח',מוצרי ניקיון ו טיפוח אישי,
8700216890984,8700216890984,"חיתולי פמפרס פרימיום מידה 32,3 יחידות ",רגיל,6,26.97,48.90,49.90,מוצרי ניקיון ו טיפוח אישי,יח',מוצרי ניקיון ו טיפוח אישי,
8700216891134,8700216891134,חיתולי פמפרס פרימיום מידה 2,רגיל,4,26.97,54.90,,מוצרי ניקיון ו טיפוח אישי,יח',מוצרי ניקיון ו טיפוח אישי,
8710447249017,8710447249017,דורדוראנט AXE,רגיל,0,0.00,12.00,12.00,מוצרי מכולת ,יח',מוצרי מכולת ,
8710502064814,8710502064814,עוגיות שוקלד ציפס,רגיל,11,7.83,17.90,17.90,חטיפים מתוקים ,יח',חטיפים מתוקים ,
8710502139017,8710502139017,מרווה טריפל,רגיל,11,7.83,14.90,14.90,חטיפים מתוקים ,יח',חטיפים מתוקים ,
8710502194625,8710502194625,מרבה שוקוצ'יפס 150 גרם,רגיל,44,7.83,14.90,,ממתקים ,יח',ממתקים ,
8710502194801,8710502194801,מרבה עוגיות פירות יער,רגיל,0,8.04,17.90,17.90,חטיפים מתוקים ,יח',חטיפים מתוקים ,
8710502194825,8710502194825,מרווה שוקולד ציפ,רגיל,8,4.99,9.90,9.90,מוצרי מכולת ,יח',מוצרי מכולת ,
8710502279010,8710502279010,מרבה עוגיות שוקוצ'יפס מצופות,רגיל,0,7.83,17.90,17.90,חטיפים מתוקים ,יח',חטיפים מתוקים ,
8710502405204,8710502405204,מרבה עוגיות שוקוציפס,רגיל,34,5.25,18.00,18.00,חטיפים מתוקים ,יח',חטיפים מתוקים ,
8710502470028,8710502470028,עוג. שוקוצ׳יפס נוגטלי 160 ג,רגיל,0,8.50,15.90,15.90,חטיפים מתוקים ,יח',חטיפים מתוקים ,
8710732228919,8710732228919,מצת קריקט,רגיל,150,1.69,5.00,,אבזרי עישון ,יח',אבזרי עישון ,
8710847908439,8710847908439,אקס ספריי לגבר 150 מ״ל,רגיל,0,8.50,15.00,15.00,מוצרי מכולת ,יח',מוצרי מכולת ,
8710847962592,8710847962592,AUX אבטיח,רגיל,0,0.00,15.00,15.00,מוצרי מכולת ,יח',מוצרי מכולת ,
8710847962608,8710847962608,AUX ירוק,רגיל,0,0.00,15.00,15.00,מוצרי מכולת ,יח',מוצרי מכולת ,
8711327577664,8711327577664,פיינט מגנום בטעמים 440 מ""ל,רגיל,0,16.88,38.00,38.00,מוצרי מכולת ,יח',מוצרי מכולת ,
8711327582996,8711327582996,מגנום דאבל פט,רגיל,31,8.68,14.90,,גלידות ,יח',גלידות ,
8711327612242,8711327612242,מגנום שוקולד לבן בתות,רגיל,-15,8.68,14.90,,גלידות ,יח',גלידות ,
8711327622289,8711327622289,מגנום פטל לימון,רגיל,-18,8.68,14.90,14.90,גלידות ,יח',גלידות ,
8711327639942,8711327639942,מיני מגנום בלונד,רגיל,4,22.03,37.90,37.90,גלידות ,יח',גלידות ,
8711327640306,8711327640306,מיני מגנום שקדים,רגיל,0,20.88,37.90,37.90,גלידות ,יח',גלידות ,
8711327640450,8711327640450,מיני מגנום שוקלד לבן,רגיל,4,22.03,37.90,37.90,גלידות ,יח',גלידות ,
8711327649026,8711327649026,מגנום סנדוייצ,רגיל,0,8.66,13.90,13.90,גלידות ,יח',גלידות ,
8711327660601,8711327660601,מגנום שקד טבעוני,רגיל,0,8.66,14.90,,גלידות ,יח',גלידות ,
8711327663961,8711327663961,מגנום  צירי,רגיל,-3,8.68,14.90,14.90,גלידות ,יח',גלידות ,
8711327667174,8711327667174,מגנום פיצוחים ,רגיל,9,8.68,14.90,14.90,גלידות ,יח',גלידות ,
8711327667181,8711327667181,מגנום אגוזים כפול,רגיל,20,8.68,14.90,,גלידות ,יח',גלידות ,
8711327667525,8711327667525,האריבו בטעם וניל עם ריבה תות וסוכריות גומי,רגיל,3,7.62,12.90,,גלידות ,יח',גלידות ,
8711327682603,8711327682603,מגנום צרי ,רגיל,0,8.09,13.90,13.90,גלידות ,יח',גלידות ,
8711327682658,8711327682658,מגנום בילייויר,רגיל,2,8.66,13.90,13.90,גלידות ,יח',גלידות ,
8711327682702,8711327682702,מגנום אגוזי לוז ,רגיל,-4,8.66,13.90,13.90,גלידות ,יח',גלידות ,
8711700665834,8711700665834,סבון דאב בניחוח מלפפונים ותה ירוק,רגיל,0,0.00,16.00,16.00,מוצרי מכולת ,יח',מוצרי מכולת ,
8712125874511,8712125874511,עיש אלבולבול ,רגיל,28,3.94,6.90,6.90,חטיפים מתוקים ,יח',חטיפים מתוקים ,
8712443000340,8712443000340,שמשה 1.8 מ בייסק,רגיל,1,24.90,49.90,49.90,מוצרי חצר תחנה ,יח',מוצרי חצר תחנה ,
8712561614122,8712561614122,דורדוראנט AXE,רגיל,0,0.00,12.00,12.00,מוצרי מכולת ,יח',מוצרי מכולת ,
8714599513866,8714599513866,גייקובס קרנונג קפה נמס צנ200 ג ,רגיל,0,23.40,37.00,37.00,מוצרי מכולת ,יח',מוצרי מכולת ,
8714789218465,8714789218465,2 מברשות קולגייט סופט,רגיל,0,12.63,21.90,21.90,מוצרי בית,יח',מוצרי בית,
8714789402918,8714789402918,אג׳קס חג. פרחים אדום 1.5ל,רגיל,0,14.50,23.90,30.90,מוצרי ניקיון ו טיפוח אישי,יח',מוצרי ניקיון ו טיפוח אישי,
8714789402932,8714789402932,אג'קס חגיגת פרחים ורוד - אג'קס,רגיל,4,14.50,23.90,,מוצרי ניקיון ו טיפוח אישי,יח',מוצרי ניקיון ו טיפוח אישי,
8714789582764,8714789582764,מרסס לניקוי חלונות אג'קס - אג'קס,רגיל,39,6.90,15.90,,מוצרי ניקיון ו טיפוח אישי,יח',מוצרי ניקיון ו טיפוח אישי,
8714800017473,8714800017473,בוואריה תפוח,רגיל,0,0.00,8.00,8.00,מוצרי מכולת ,יח',מוצרי מכולת ,
8714800017480,8714800017480,בוואריה שישיה תפוח,רגיל,0,0.00,32.00,32.00,מוצרי מכולת ,יח',מוצרי מכולת ,
8714800019927,8714800019927,בוואריה אפרסק,רגיל,0,0.00,8.00,8.00,מוצרי מכולת ,יח',מוצרי מכולת ,
8714800019934,8714800019934,בוואריה שישייה אפרסק,רגיל,0,0.00,32.00,32.00,מוצרי מכולת ,יח',מוצרי מכולת ,
8714800025706,8714800025706,בוואריה רימון,רגיל,0,0.00,8.00,8.00,מוצרי מכולת ,יח',מוצרי מכולת ,
8714800027878,8714800027878,בוואריה 0% אלכוהול,רגיל,0,0.00,8.00,8.00,מוצרי מכולת ,יח',מוצרי מכולת ,
8714800036009,8714800036009,בוואריה מנגו,רגיל,0,0.00,8.00,8.00,מוצרי מכולת ,יח',מוצרי מכולת ,
8714800036016,8714800036016,בוואריה שישיה מנגו,רגיל,0,0.00,32.00,32.00,מוצרי מכולת ,יח',מוצרי מכולת ,
8715144000909,8715144000909,CONES,רגיל,0,0.00,12.00,12.00,מוצרי מכולת ,יח',מוצרי מכולת ,
8715144000916,8715144000916,קונסיים בייסק 32 קיינג,רגיל,0,16.00,40.00,40.00,אבזרי עישון ,יח',אבזרי עישון ,
8715144000930,8715144000930,קונוס שלשי ,רגיל,1088,1.93,9.90,,אבזרי עישון ,יח',אבזרי עישון ,
8715144001166,8715144001166,קונוס 3 יח' לבן ,רגיל,-394,2.56,9.90,9.90,אבזרי עישון ,יח',אבזרי עישון ,
8715144001173,8715144001173,קונוס מידיום 6 יחי ,רגיל,48,3.71,14.00,14.00,אבזרי עישון ,יח',אבזרי עישון ,
8715144001180,8715144001180,קונוס RAW - חום 3 יח,רגיל,0,2.56,10.00,10.00,אבזרי עישון ,יח',אבזרי עישון ,
8715144001197,8715144001197,קונוס 6 חום ,רגיל,-43,3.71,14.00,14.00,אבזרי עישון ,יח',אבזרי עישון ,
8715700110158,8715700110158,ממרל היינץ מופחת צנצנת 490 גרם,רגיל,8,7.49,14.90,,מוצרי מכולת ,יח',מוצרי מכולת ,
8715700118925,8715700118925,קטשופ היינץ חריף 460 גרם,רגיל,9,6.80,12.90,13.90,מוצרי בית,יח',מוצרי בית,
8715700419732,8715700419732,קטשופ היינץ 700 גרם,רגיל,6,8.70,16.90,13.90,מוצרי מכולת ,יח',מוצרי מכולת ,
8715700422473,8715700422473,היינץ ממרח לחיץ ללא חומרים משמרים 395 גר,רגיל,1,11.54,17.90,17.90,מוצרי בית,יח',מוצרי בית,
8717163640692,8717163640692,AXE BLACK,רגיל,0,8.00,14.90,15.90,מוצרי ניקיון ו טיפוח אישי,יח',מוצרי ניקיון ו טיפוח אישי,
8717163640708,8717163640708,AXE DARK TEMPTASTION,רגיל,0,8.00,14.90,15.90,מוצרי ניקיון ו טיפוח אישי,יח',מוצרי ניקיון ו טיפוח אישי,
8717163640715,8717163640715,AXE,רגיל,0,8.00,14.90,15.90,מוצרי ניקיון ו טיפוח אישי,יח',מוצרי ניקיון ו טיפוח אישי,
8717163640722,8717163640722,AXE ICE HELL,רגיל,0,8.00,14.90,15.90,מוצרי ניקיון ו טיפוח אישי,יח',מוצרי ניקיון ו טיפוח אישי,
8717163647196,8717163647196,דאודרנת Axe אנרכי נשי,רגיל,89,7.50,18.90,19.90,מוצרי ניקיון ו טיפוח אישי,יח',מוצרי ניקיון ו טיפוח אישי,
8717163647202,8717163647202,דאודרנת Axe גוף אנרכי,רגיל,62,8.00,18.90,19.90,מוצרי ניקיון ו טיפוח אישי,יח',מוצרי ניקיון ו טיפוח אישי,
8717163647226,8717163647226,דאודרנת Axe שחור,רגיל,52,8.00,18.90,19.90,מוצרי ניקיון ו טיפוח אישי,יח',מוצרי ניקיון ו טיפוח אישי,
8717163647233,8717163647233,אקס ספריי גוף בלאק נייט,רגיל,0,8.00,14.90,15.90,מוצרי ניקיון ו טיפוח אישי,יח',מוצרי ניקיון ו טיפוח אישי,
8717163647240,8717163647240,דאודרנת Axe ספריי גוף שוקולד,רגיל,44,8.00,18.90,19.90,מוצרי ניקיון ו טיפוח אישי,יח',מוצרי ניקיון ו טיפוח אישי,
8717163647257,8717163647257,אקס ספריי גוף גולד,רגיל,0,8.00,14.90,15.90,מוצרי ניקיון ו טיפוח אישי,יח',מוצרי ניקיון ו טיפוח אישי,
8717163647264,8717163647264,דאודרנת Axe כחול,רגיל,-1,8.00,14.90,15.90,מוצרי ניקיון ו טיפוח אישי,יח',מוצרי ניקיון ו טיפוח אישי,
8717644013045,8717644013045,דורדוראנט AXE,רגיל,0,8.00,15.90,16.90,מוצרי ניקיון ו טיפוח אישי,יח',מוצרי ניקיון ו טיפוח אישי,
8718114047249,8718114047249,סבון דאב,רגיל,0,8.00,15.90,16.90,מוצרי ניקיון ו טיפוח אישי,יח',מוצרי ניקיון ו טיפוח אישי,
8718114650708,8718114650708,דורדוראנט AXE,רגיל,0,8.00,11.90,12.90,מוצרי ניקיון ו טיפוח אישי,יח',מוצרי ניקיון ו טיפוח אישי,
8718951100855,8718951100855,משחת שיניים קולגייט,רגיל,0,5.00,9.90,10.90,מוצרי ניקיון ו טיפוח אישי,יח',מוצרי ניקיון ו טיפוח אישי,
8718951166288,8718951166288,משחת שיניים קולגייט,רגיל,0,5.00,9.90,10.90,מוצרי ניקיון ו טיפוח אישי,יח',מוצרי ניקיון ו טיפוח אישי,
8718951626195,8718951626195,מש. קולגייט מקס וייט125 מל,רגיל,0,12.50,19.90,20.90,מוצרי ניקיון ו טיפוח אישי,יח',מוצרי ניקיון ו טיפוח אישי,
8719200294448,8719200294448,ויולייף בסיס צמחי לבישול והקצפה 500 מ"ל ,רגיל,-8,10.03,18.90,,מוצרי מקרר ,יח',מוצרי מקרר ,
8719200997998,8719200997998,בלובנד עם מלח 200גרם,רגיל,0,4.31,7.00,7.00,מוצרי מקרר ,יח',מוצרי מקרר ,
8719200998001,8719200998001,בלובנד בלי מלח 200 גרם,רגיל,0,4.31,7.00,7.00,מוצרי מקרר ,יח',מוצרי מקרר ,
8719200998018,8719200998018,מחמאה ב.בנד 200 גרם,רגיל,0,4.57,10.00,10.00,מוצרי מכולת ,יח',מוצרי מכולת ,
8720181043093,8720181043093,דאודרנת Axe ספריי אפולו ,רגיל,43,8.90,18.90,19.90,מוצרי ניקיון ו טיפוח אישי,יח',מוצרי ניקיון ו טיפוח אישי,
8720181045639,8720181045639,"דאב דאו ספריי טלק, 150 מ""ל",רגיל,-1,7.50,18.90,19.90,מוצרי ניקיון ו טיפוח אישי,יח',מוצרי ניקיון ו טיפוח אישי,
8720181045912,8720181045912,אקס ספריי גוף אפריקה,רגיל,0,8.00,14.90,15.90,מוצרי ניקיון ו טיפוח אישי,יח',מוצרי ניקיון ו טיפוח אישי,
8720181114472,8720181114472,אקס אפולו,רגיל,0,8.50,15.00,15.00,מוצרי מכולת ,יח',מוצרי מכולת ,
8720181114489,8720181114489,אקס בלאק קטן,רגיל,0,8.50,15.00,15.00,מוצרי מכולת ,יח',מוצרי מכולת ,
8720181114496,8720181114496,אקס דארק תימב,רגיל,0,8.50,18.90,19.90,מוצרי ניקיון ו טיפוח אישי,יח',מוצרי ניקיון ו טיפוח אישי,
8720181114502,8720181114502,אקס EXCITE,רגיל,0,8.00,14.90,15.90,מוצרי ניקיון ו טיפוח אישי,יח',מוצרי ניקיון ו טיפוח אישי,
8720181114533,8720181114533,AXE1,רגיל,0,8.00,14.90,15.90,מוצרי ניקיון ו טיפוח אישי,יח',מוצרי ניקיון ו טיפוח אישי,
8720181291869,8720181291869,דואדרנת דאב ספריי טלקו 150 מ"ל,רגיל,12,8.70,16.90,,מוצרי ניקיון ו טיפוח אישי,יח',מוצרי ניקיון ו טיפוח אישי,
8720181483226,8720181483226,דאודרנת Axe ס.פרימיום נחושת ,רגיל,1,8.50,18.90,18.90,מוצרי ניקיון ו טיפוח אישי,יח',מוצרי ניקיון ו טיפוח אישי,
8720181640506,8720181640506,דאודרנת Axe ס.פרימיום ונילה ,רגיל,2,8.50,18.90,18.90,חטיפים מתוקים ,יח',חטיפים מתוקים ,
8720181640544,8720181640544,דאודרנת Axe ס. פרימיום פטצולי,רגיל,1,8.50,18.90,18.90,חטיפים מתוקים ,יח',חטיפים מתוקים ,
8720608014958,8720608014958,ליפטון תה שחור 100 שקיקים,רגיל,32,11.91,17.90,18.90,חטיפים מתוקים ,יח',חטיפים מתוקים ,
8720701141308,8720701141308,שוקלד חלב מעולה,רגיל,-1,14.77,19.90,19.90,חטיפים מתוקים ,יח',חטיפים מתוקים ,
8720701141322,8720701141322,שוקלד חלב מעולה עם שברי קרמל מלוח,רגיל,0,14.77,19.90,19.90,חטיפים מתוקים ,יח',חטיפים מתוקים ,
8720701141360,8720701141360,שוקלד חלב מעולה עם שקדים ודבש,רגיל,0,5.98,13.90,13.90,חטיפים מתוקים ,יח',חטיפים מתוקים ,
8720701141384,8720701141384,שוקלד מריר מעולה 70%,רגיל,5,13.60,19.90,20.90,חטיפים מתוקים ,יח',חטיפים מתוקים ,
8720701141407,8720701141407,ליימן טוניס כשר ש.מריר שקדים ,רגיל,1,14.77,19.90,19.90,חטיפים מתוקים ,יח',חטיפים מתוקים ,
8722700016106,8722700016106,פיינט דבלין ומדלייז,רגיל,0,19.73,24.90,24.90,גלידות ,יח',גלידות ,
8723900935174,8723900935174,גולדן פרג'יניה ירוק - 40 גרם,רגיל,2,86.76,112.00,119.00, כל הסיגריות,יח', כל הסיגריות,
8800242940056,8800242940056,אטריות אודון בטעם עוף חריף 215 גרם,רגיל,21,11.80,21.90,,מוצרי מכולת ,יח',מוצרי מכולת ,
8801038123097,8801038123097,TinkieEyebrow Razor,רגיל,10,5.00,12.00,,תכשיטים לילדות קטנות ,יח',תכשיטים לילדות קטנות ,
8801043025256,8801043025256,ראמן נודלס Nongshim  חריף 114 גרם,רגיל,12,9.50,20.90,20.90,חטיפים מתוקים ,יח',חטיפים מתוקים ,
8801043031011,8801043031011,נודלס להכנה מהירה בטעם חריף,רגיל,0,7.40,12.90,12.90,מוצרי מכולת ,יח',מוצרי מכולת ,
8801043049566,8801043049566,ראמן נודלס Nongshim  חריף 68ג בכוס,רגיל,0,7.32,13.90,13.90,חטיפים מתוקים ,יח',חטיפים מתוקים ,
8801043055604,8801043055604,ראמן נודלס Nongshim  חריף 100ג קערה,רגיל,0,8.83,15.90,15.90,חטיפים מתוקים ,יח',חטיפים מתוקים ,
8801043055628,8801043055628,נודלס הכנה מהירי קימצי ,רגיל,0,8.83,15.00,15.00,מוצרי מכולת ,יח',מוצרי מכולת ,
8801043150620,8801043150620,נודלס להכנה מהירות בטעם חי רחף,רגיל,0,6.88,13.90,13.90,מוצרי מכולת ,יח',מוצרי מכולת ,
8801055709458,8801055709458,נס קפה קפוצ'ינו קרמל,רגיל,5,15.12,27.90,,מוצרי מכולת ,יח',מוצרי מכולת ,
8801055709465,8801055709465,נסקפה קפוצ׳ינו וניל 185 גרם,רגיל,9,15.12,27.90,27.90,חטיפים מתוקים ,יח',חטיפים מתוקים ,
8801055709472,8801055709472,נסקפה קפוצינו קלאסיק 125 גרם,רגיל,9,15.03,24.90,22.90,חטיפים מתוקים ,יח',חטיפים מתוקים ,
8801055709489,8801055709489,נסקפה קפוצ'ינו אגוזים,רגיל,6,15.12,27.90,,מוצרי מכולת ,יח',מוצרי מכולת ,
8801055709526,8801055709526,נס קפה קפוצ'ינו שוקולד לבן,רגיל,0,13.60,0.00,,מוצרי מכולת ,יח',מוצרי מכולת ,
8801055723607,8801055723607,נס קפה טייסטרס צ'ויס 50 גרם,רגיל,0,0.00,0.00,,מוצרי קפה (סאשה ),יח',מוצרי קפה (סאשה ),
8801055724284,8801055724284,נס קפה טייסטרס צ'ויס בריסטה 200 גרם,רגיל,0,0.00,0.00,,מוצרי קפה (סאשה ),יח',מוצרי קפה (סאשה ),
8801069417387,8801069417387,מינטוס לימון משקה,רגיל,0,4.20,9.90,10.90,משקאות ,יח',משקאות ,
8801069417400,8801069417400,מינטוס - סודה תפוח,רגיל,0,4.20,9.90,10.90,משקאות ,יח',משקאות ,
8801073110502,8801073110502,אטריות ראמן עוף חריף סמינג 140 ג,רגיל,35,5.60,13.90,13.90,חטיפים מלוחים ,יח',חטיפים מלוחים ,
8801073112278,8801073112278,ראמן נודלס 115 גרם בקערית,רגיל,0,11.70,18.90,18.90,חטיפים מתוקים ,יח',חטיפים מתוקים ,
8801073113428,8801073113428,אטריות ראמן עוף חריף אקסטרים,רגיל,-33,7.34,13.90,13.90,חטיפים מלוחים ,יח',חטיפים מלוחים ,
8801073113893,8801073113893,אטריות ראמן עוף חריף קארבו,רגיל,29,6.00,13.90,13.90,חטיפים מלוחים ,יח',חטיפים מלוחים ,
8801073210363,8801073210363,נודלס  סאמינג  עוף 105גר,רגיל,14,7.70,18.90,18.90,חטיפים מלוחים ,יח',חטיפים מלוחים ,
8801073211506,8801073211506,אטריות רראמן וורוד קארבונרה 105 גרם,רגיל,6,7.70,21.00,21.00,מוצרי מכולת ,יח',מוצרי מכולת ,
8801073212480,8801073212480,ראמן קערה ורוד פסים בטעם קארבונרה קרמי 105 גרם,רגיל,12,7.70,14.90,,מוצרי מכולת ,יח',מוצרי מכולת ,
8806090022661,8806090022661,מתאם אוזניות,רגיל,0,20.00,68.90,68.90,אבזרי סלולר ו חשמל ,יח',אבזרי סלולר ו חשמל ,
8806090958977,8806090958977,ראש מטען קיר SM,רגיל,0,39.00,100.00,100.00,מוצרי מכולת ,יח',מוצרי מכולת ,
8806314100090,8806314100090,ZIC 5W30 SM,רגיל,-1,23.00,50.00,50.00,מוצרי מכולת ,יח',מוצרי מכולת ,
8806314100472,8806314100472,שמן מנוע ליטר 15W40 ,רגיל,1,18.90,60.00,60.00,שמנים,יח',שמנים,
8809250141363,8809250141363,מעמד טאבלט לדאשבורד,רגיל,0,80.00,139.90,139.90,אבזרי סלולר ו חשמל ,יח',אבזרי סלולר ו חשמל ,
8809284630154,8809284630154,מבער הלחמה,רגיל,21,42.00,69.90,69.90,מוצרי מכולת ,יח',מוצרי מכולת ,
8850127004397,8850127004397,נס קפה 3 ב 1 אדום ,רגיל,24,23.00,39.90,,מוצרי מכולת ,יח',מוצרי מכולת ,
8850161167065,8850161167065,קוקו וואי משקה קוקס בטעם שוקולד,רגיל,0,2.00,5.00,5.00,מוצרי מכולת ,יח',מוצרי מכולת ,
8850250000365,8850250000365,קפה בירדי רובסטה 180 מ"ל,רגיל,4,3.20,5.90,,משקאות ,יח',משקאות ,
8850250006015,8850250006015,קפה בירדי אספרסו ירוק 180 מ"ל,רגיל,26,3.20,5.90,,מוצרי מכולת ,יח',מוצרי מכולת ,
8850389103111,8850389103111,משקה אלוורה ענבים 300 מ""ל,רגיל,0,4.83,8.00,9.00,משקאות ,יח',משקאות ,
8850389103128,8850389103128,משקה אלוורה תפוח 300 מ""ל,רגיל,1,4.62,8.00,9.00,משקאות ,יח',משקאות ,
8850389103159,8850389103159,מוגו ליצ'י וחתיכות ג'לי קוקוס 320 מ"ל,רגיל,0,3.83,7.90,,משקאות ,יח',משקאות ,
8850389103166,8850389103166,מוגו מוגו מנגו  עם גל קוקוס 320 מ""ל,רגיל,0,3.55,5.90,6.90,משקאות ,יח',משקאות ,
8850389104637,8850389104637,משקה אלוורה אפרסק 300 מ""ל,רגיל,2,4.83,8.00,9.00,משקאות ,יח',משקאות ,
8850389105825,8850389105825,משקה אלוורה ענבים ליטר,רגיל,12,8.63,14.90,15.90,משקאות ,יח',משקאות ,
8850389105832,8850389105832,משקה אלוורה תפוח ליטר,רגיל,6,8.63,14.90,15.90,משקאות ,יח',משקאות ,
8850389105849,8850389105849,משקה אלוורה אפרסק ליטר,רגיל,12,8.63,14.90,15.90,משקאות ,יח',משקאות ,
8850389107515,8850389107515,מוגו מוגו ליצי עם חתיכות גל קוקוס  ל,רגיל,0,7.55,11.90,12.90,משקאות ,יח',משקאות ,
8850389111628,8850389111628,מוגו מוגו מלון עם חתיכות גל קוקוס 1 ל,רגיל,0,6.96,12.00,12.00,מוצרי מכולת ,יח',מוצרי מכולת ,
8850389112878,8850389112878,מוגו מוג פסיפלורה עם גלי קוקוס 320 מ""ל,רגיל,0,3.55,6.90,7.90,משקאות ,יח',משקאות ,
8850389115312,8850389115312,משקה אלוורה מלון 300 מ""ל,רגיל,-1,4.83,8.00,9.00,משקאות ,יח',משקאות ,
8850389115336,8850389115336,משקה אלוורה מלון ליטר ,רגיל,0,8.63,14.90,15.90,משקאות ,יח',משקאות ,
8850389120125,8850389120125,מוגו מוגו אייס טי אפרסק 450 מ"ל ,רגיל,0,4.99,8.90,9.90,משקאות ,יח',משקאות ,
8850389120149,8850389120149,מוגו מוגו אייס טי לימון 450 מ"ל ,רגיל,0,4.99,8.90,9.90,משקאות ,יח',משקאות ,
8850425007281,8850425007281,עוגת יורו מצופת שוקולד במילוי קרם מרשמלו וריבת פטל,רגיל,0,11.00,19.90,,חטיפים מתוקים ,יח',חטיפים מתוקים ,
8850425008806,8850425008806,עוגת יורו מצופת שוקולד במילוי שוקולד קרם,רגיל,0,11.00,19.90,,מוצרי מכולת ,יח',מוצרי מכולת ,
8850632601081,8850632601081,מלמ רולר קולה אדום ,רגיל,22,2.30,4.90,4.90,חטיפים מתוקים ,יח',חטיפים מתוקים ,
8850632601098,8850632601098,מלמ רולר תות ורוד,רגיל,25,2.30,4.90,4.90,חטיפים מתוקים ,יח',חטיפים מתוקים ,
8850632601104,8850632601104,מלמ רולר פטל כחול,רגיל,24,2.30,4.90,4.90,חטיפים מתוקים ,יח',חטיפים מתוקים ,
8850632604259,8850632604259,יוגטה מקלות תות 50 גרם,רגיל,8,2.70,5.00,5.00,מוצרי מכולת ,יח',מוצרי מכולת ,
8850632604266,8850632604266,יוגטה מקלות קולה 50 גרם,רגיל,17,2.70,5.00,5.00,חטיפים מתוקים ,יח',חטיפים מתוקים ,
8850632604372,8850632604372,יוגטה חמצוץ שטח אבטיח ירוק,רגיל,16,2.70,5.00,5.00,חטיפים מתוקים ,יח',חטיפים מתוקים ,
8850632604402,8850632604402,חייוגטה חמצוץ 4 צבעים פס כחול,רגיל,7,2.70,5.00,5.00,חטיפים מתוקים ,יח',חטיפים מתוקים ,
8850632605201,8850632605201,יוגטה חמצוץ 4 צבעים פס כתום,רגיל,18,2.70,5.00,5.00,חטיפים מתוקים ,יח',חטיפים מתוקים ,
8850632606390,8850632606390,יוגטה חמצוץ שטוח אבטיח ירוק,רגיל,9,2.70,4.90,4.90,חטיפים מתוקים ,יח',חטיפים מתוקים ,
8850632608998,8850632608998,מלמ רולר צבעוני 4 צבעים,רגיל,30,2.30,4.90,4.90,חטיפים מתוקים ,יח',חטיפים מתוקים ,
8850718805037,8850718805037,חטיף אורז עם שוקולד מריר 57 גרם,רגיל,11,4.00,7.90,,חטיפים מתוקים ,יח',חטיפים מתוקים ,
8851016000650,8851016000650,מקלוני צ'יפס ומטבל קטשופ 82,רגיל,7,4.90,9.90,9.90,חטיפים מלוחים ,יח',חטיפים מלוחים ,
8851016002685,8851016002685,מקלות תפוח אדמה צילי,רגיל,14,4.90,9.90,9.90,חטיפים מלוחים ,יח',חטיפים מלוחים ,
8851016009165,8851016009165,מקלוני צ'יפס ומטבל ברביקיו,רגיל,-12,4.37,9.90,9.90,חטיפים מלוחים ,יח',חטיפים מלוחים ,
8851753098514,8851753098514,מוקונה טריו קפוצ'ינו 204 גרם,רגיל,17,20.50,37.90,,מוצרי מכולת ,יח',מוצרי מכולת ,
8857101301008,8857101301008,צ׳ילי מתוק 700 מ״ל,רגיל,6,7.50,13.90,14.90,מוצרי בית,יח',מוצרי בית,
8859015703008,8859015703008,משקה בטעם תפוז 100 מ"ל בתוספת ויטמין C,רגיל,30,2.50,4.90,,משקאות ,יח',משקאות ,
8859015703039,8859015703039,משקה בטעם לימון 100 מ"ל בתוספת ויטמין C,רגיל,30,2.50,4.90,,משקאות ,יח',משקאות ,
8869015703060,8869015703060,משקה בטעם תות ופירות יער 100 מ"ל בתוספת ויטמין A,רגיל,30,2.50,4.90,,משקאות ,יח',משקאות ,
8886467104725,8886467104725,פרינגלס בטעם חמאה וקרמל 110 גרם,רגיל,0,11.00,19.90,,חטיפים מלוחים ,יח',חטיפים מלוחים ,
8886467122439,8886467122439,פרינגלז סאלסא,רגיל,0,12.40,16.90,16.90,חטיפים מלוחים ,יח',חטיפים מלוחים ,
8886467124778,8886467124778,פרינגלס בטעם גבינה ושום 102 גרם,רגיל,0,11.00,19.90,,חטיפים מלוחים ,יח',חטיפים מלוחים ,
8886467127311,8886467127311,פרינגלס בטעם טובוקי רוזה,רגיל,5,11.00,19.90,,חטיפים מלוחים ,יח',חטיפים מלוחים ,
8886467128110,8886467128110,פרינגלס בטעם בצל מתוק 100 גרם,רגיל,0,11.00,19.90,,חטיפים מלוחים ,יח',חטיפים מלוחים ,
8899205888153,8899205888153,Women Brand Hat,רגיל,2,22.00,50.00,,תכשיטים לילדות קטנות ,יח',תכשיטים לילדות קטנות ,
8899205888177,8899205888177,Brand Hat,רגיל,1,22.00,50.00,,תכשיטים לילדות קטנות ,יח',תכשיטים לילדות קטנות ,
8900130042893,5900130042893,גלידה נילו ,רגיל,0,8.05,14.90,14.90,גלידות ,יח',גלידות ,
8901245890642,8901245890642,קונוס 50 חום  1/16,רגיל,4,15.30,40.00,40.00,אבזרי עישון ,יח',אבזרי עישון ,
8901537024014,8901537024014,אורז בסמטי דאווט 1 ק"ג ,רגיל,0,10.90,20.00,20.00,מוצרי מכולת ,יח',מוצרי מכולת ,
8906111921796,8906111921796,קונוס אורגינל (לבן ) - 50י ח,רגיל,0,17.00,35.00,35.00,אבזרי עישון ,יח',אבזרי עישון ,
8906111921840,8906111921840,קונוס חום 50 יח ,רגיל,-12,17.00,35.00,35.00,אבזרי עישון ,יח',אבזרי עישון ,
8906456111067,8906456111067,קונוס חום בקופסה 50 יח",רגיל,32,16.95,39.90,39.90,אבזרי עישון ,יח',אבזרי עישון ,
8906456111463,8906456111463,קונוס לבן בקופסה 50 יח",רגיל,32,16.95,39.90,39.90,אבזרי עישון ,יח',אבזרי עישון ,
8906456281043,8906456281043,קונוס 50 יח',רגיל,1,15.30,40.00,40.00,אבזרי עישון ,יח',אבזרי עישון ,
8934804029726,8934804029726,VCN002 נס קפה וויטנאם סטייל 170 מ"ל,רגיל,16,4.00,6.90,,משקאות ,יח',משקאות ,
8934804049878,8934804049878,נס קפה משקה קפה קר קפוצ'ינו ,רגיל,0,8.00,0.00,,משקאות ,יח',משקאות ,
8934804049892,8934804049892,נס קפה משקה קפה קר קפוצ'ינו,רגיל,0,0.00,0.00,,משקאות ,יח',משקאות ,
8934804049915,8934804049915,נסקפה משקה קפה קר לאטה,רגיל,0,8.00,10.00,10.00,מוצרי מכולת ,יח',מוצרי מכולת ,
8934804051345,8934804051345,VNC004 אבקת נס קפה אדום אורגינל 288 גרם,רגיל,0,18.80,34.90,,מוצרי מכולת ,יח',מוצרי מכולת ,
8934804051512,8934804051512,VNC003 אבקת נס קפה ירוק סטרונג 288 גרם,רגיל,24,18.80,34.90,,מוצרי מכולת ,יח',מוצרי מכולת ,
8934804051888,8934804051888,VNC001 נס קפה אספרסו 170 מ"ל,רגיל,26,4.00,7.90,,משקאות ,יח',משקאות ,
8935001728047,8935001728047,ליימן מנטוס בקבוקון ויטמינים  פירות יער,רגיל,2,5.50,11.90,12.90,חטיפים מתוקים ,יח',חטיפים מתוקים ,
8935049501565,8935049501565,סליק פאנטה בטעם פירות 320 מ"ל,רגיל,14,3.20,6.90,,משקאות ,יח',משקאות ,
8935112200005,8935112200005,VRB001 משקה אנרגיה רד בול 250 מ"ל,רגיל,0,4.20,8.90,,משקאות ,יח',משקאות ,
8935330200061,8935330200061,משקה ביור אננס,רגיל,0,2.50,7.00,7.00,מוצרי מכולת ,יח',מוצרי מכולת ,
8935330200078,8935330200078,ביור פסיפלורה,רגיל,0,2.50,7.00,7.00,מוצרי מכולת ,יח',מוצרי מכולת ,
8935330200092,8935330200092,ביור מנגוסטין,רגיל,0,1.50,7.00,7.00,מוצרי מכולת ,יח',מוצרי מכולת ,
8935330200108,8935330200108,פיור ליצ'י,רגיל,0,2.50,8.00,8.00,מוצרי מכולת ,יח',מוצרי מכולת ,
8935330201426,8935330201426,פיור אנונה,רגיל,0,2.50,8.00,8.00,מוצרי מכולת ,יח',מוצרי מכולת ,
8970462519034,8970462519034,מטען 20w,רגיל,0,17.00,45.00,45.00,מוצרי מכולת ,יח',מוצרי מכולת ,
8992718853370,8992718853370,ראמן NISSIN פטריות 74  גר' (30) שקית,רגיל,0,4.87,9.90,9.90,חטיפים מתוקים ,יח',חטיפים מתוקים ,
8992741904315,8992741904315,GUMMY,רגיל,0,1.50,3.00,3.00,מוצרי מכולת ,יח',מוצרי מכולת ,
8992741905718,8992741905718,YUPI,רגיל,0,1.20,4.00,4.00,מוצרי מכולת ,יח',מוצרי מכולת ,
8992741906074,8992741906074,DIPPY,רגיל,0,1.50,3.00,3.00,מוצרי מכולת ,יח',מוצרי מכולת ,
9000101509151,9000101509151,סבון אסלה אוקינוס,רגיל,6,9.90,17.90,,מוצרי ניקיון ו טיפוח אישי,יח',מוצרי ניקיון ו טיפוח אישי,
9000400006115,9000400006115,קפה טחון PRASIDENT,רגיל,0,13.00,35.00,35.00,מוצרי מכולת ,יח',מוצרי מכולת ,
9000400006122,9000400006122,קפה JUBILAUM,רגיל,0,12.00,35.00,35.00,מוצרי מכולת ,יח',מוצרי מכולת ,
9000400530122,9000400530122,קפה טחון נטול,רגיל,0,14.00,45.00,45.00,מוצרי מכולת ,יח',מוצרי מכולת ,
9000403794644,9000403794644,פולי קפה KING HADHRA MAUT,רגיל,2,18.00,29.90,29.90,מוצרי מכולת ,יח',מוצרי מכולת ,
9000403796709,9000403796709,אבקת שוקולד TRINKSCHOKOLADE,רגיל,0,15.00,29.00,29.00,מוצרי מכולת ,יח',מוצרי מכולת ,
9000403798017,9000403798017,קפה נמס מגורעון יוליוס מיינל 100 גרם ,רגיל,2,24.00,38.90,38.90,מוצרי מכולת ,יח',מוצרי מכולת ,
9000403846053,9000403846053,פולי קפה ויינר מוקה,רגיל,0,14.00,35.00,35.00,מוצרי מכולת ,יח',מוצרי מכולת ,
9000403846060,9000403846060,פולי קפה ויינר אספרסו,רגיל,0,14.00,35.00,35.00,מוצרי מכולת ,יח',מוצרי מכולת ,
9000403846077,9000403846077,פולי קפה וינר מילאנג'ה,רגיל,0,14.00,35.00,35.00,מוצרי מכולת ,יח',מוצרי מכולת ,
9000403876425,9000403876425,תה ORGANIC ASSAM SOUTH INDIA,רגיל,0,14.00,37.00,37.00,מוצרי מכולת ,יח',מוצרי מכולת ,
9000403876456,9000403876456,תה אורגני ORGANIC DRAGON,רגיל,0,14.00,37.00,37.00,מוצרי מכולת ,יח',מוצרי מכולת ,
9000403876463,9000403876463,תה PURE DETOX,רגיל,0,14.00,37.00,37.00,מוצרי מכולת ,יח',מוצרי מכולת ,
9000403876470,9000403876470,תה ORGANIC FRUIT,רגיל,0,14.00,37.00,37.00,מוצרי מכולת ,יח',מוצרי מכולת ,
9000403876531,9000403876531,תה BEAUTE DE ROSE,רגיל,0,14.00,37.00,37.00,מוצרי מכולת ,יח',מוצרי מכולת ,
9000403885823,9000403885823,תה שחור ASSAM INDIA,רגיל,0,8.00,18.00,18.00,מוצרי מכולת ,יח',מוצרי מכולת ,
9000403885830,9000403885830,תה EARL GREY TRADITIONAL,רגיל,0,8.00,18.00,18.00,מוצרי מכולת ,יח',מוצרי מכולת ,
9000403885854,9000403885854,תה CEYLON ENGLISH,רגיל,0,8.00,18.00,18.00,מוצרי מכולת ,יח',מוצרי מכולת ,
9000403885885,9000403885885,תה יסמין CHAINA GREEN TEA JASMINE,רגיל,0,8.00,18.00,18.00,מוצרי מכולת ,יח',מוצרי מכולת ,
9000403885908,9000403885908,תה פירות FRUIT SYMPHONY,רגיל,0,8.00,18.00,18.00,מוצרי מכולת ,יח',מוצרי מכולת ,
9000403885922,9000403885922,תה תפוח APPLE BLACK CURRANT,רגיל,0,8.00,18.00,18.00,מוצרי מכולת ,יח',מוצרי מכולת ,
9000403885953,9000403885953,תה PEPPERMINT,רגיל,0,8.00,18.00,18.00,מוצרי מכולת ,יח',מוצרי מכולת ,
9000403885960,9000403885960,תה קמומיל CAMOMILE,רגיל,0,9.00,18.00,18.00,מוצרי מכולת ,יח',מוצרי מכולת ,
9000403905583,9000403905583,פולי קפה BENE CALIXTO,רגיל,0,12.50,35.00,35.00,מוצרי מכולת ,יח',מוצרי מכולת ,
9000403905590,9000403905590,פולי קפה MANCO CAPAC,רגיל,0,12.50,35.00,35.00,מוצרי מכולת ,יח',מוצרי מכולת ,
9000403933630,9000403933630,קפסולות אספרסו BIO&FARTRADE חוזק 7,רגיל,0,7.00,18.00,18.00,מוצרי מכולת ,יח',מוצרי מכולת ,
9000403940294,9000403940294,קפסולות אספרסו CREMA חוזק 8,רגיל,1,11.00,22.90,22.90,מוצרי מכולת ,יח',מוצרי מכולת ,
9000403940300,9000403940300,קפסולות RISTRETTO INTENSO חוזק 10,רגיל,14,11.00,22.90,22.90,מוצרי מכולת ,יח',מוצרי מכולת ,
9000403940317,9000403940317,קפסולות LUNGO CLASSICO חוזק 4,רגיל,0,7.00,18.00,18.00,מוצרי מכולת ,יח',מוצרי מכולת ,
9000403940331,9000403940331,קפסולות אספרסו DECAF חוזק 8,רגיל,0,7.00,18.00,18.00,מוצרי מכולת ,יח',מוצרי מכולת ,
9000403945602,9000403945602,פולי קפה JUBILAUM,רגיל,0,10.00,35.00,35.00,מוצרי מכולת ,יח',מוצרי מכולת ,
9100527852883,9100527852883,חבילת 32 קונוס,רגיל,0,13.40,30.00,30.00,מוצרי מכולת ,יח',מוצרי מכולת ,
9138200500028,9138200500028,Hello Kity Earphone,רגיל,3,28.00,60.00,,תכשיטים לילדות קטנות ,יח',תכשיטים לילדות קטנות ,
9138202500019,9138202500019,Bear Earphone,רגיל,0,28.00,60.00,,תכשיטים לילדות קטנות ,יח',תכשיטים לילדות קטנות ,
9138202500033,9138202500033,Stitch Earphone,רגיל,2,28.00,60.00,,תכשיטים לילדות קטנות ,יח',תכשיטים לילדות קטנות ,
9310072028743,9310072028743,טים טם אורגינל 200 גרם,רגיל,0,15.09,23.90,20.90,חטיפים מתוקים ,יח',חטיפים מתוקים ,
9310072028750,9310072028750,טים טם דאבל 200 גרם,רגיל,0,15.09,23.90,20.90,חטיפים מתוקים ,יח',חטיפים מתוקים ,
9420041637101,9420041637101,זוג ליפגלוס קנדי,רגיל,0,12.50,24.90,24.90,אבזרי סלולר ו חשמל ,יח',אבזרי סלולר ו חשמל ,
9420041637132,9420041637132,סט לקים (16) קנדי ,רגיל,6,30.00,49.90,,מוצרי מקרר ,יח',מוצרי מקרר ,
9420041637163,9420041637163,צלליות קנדי,רגיל,4,10.00,19.90,19.90,תכשיטים לילדות קטנות ,יח',תכשיטים לילדות קטנות ,
9420041637309,9420041637309,לק שלישיה קנדי,רגיל,6,12.50,19.90,19.90,תכשיטים לילדות קטנות ,יח',תכשיטים לילדות קטנות ,
9420041637316,9420041637316,ליפגלוס גלויות קנדי,רגיל,0,13.50,22.90,22.90,תכשיטים לילדות קטנות ,יח',תכשיטים לילדות קטנות ,
9420041637323,9420041637323,ליפגלוס דמויות קנדי,רגיל,0,13.50,22.90,22.90,תכשיטים לילדות קטנות ,יח',תכשיטים לילדות קטנות ,
9420041637385,9420041637385,פאזל יצירה קנדי,רגיל,0,30.00,49.90,49.90,תכשיטים לילדות קטנות ,יח',תכשיטים לילדות קטנות ,
9420041637408,9420041637408,נייל ארט קנדי,רגיל,-1,35.00,55.90,55.90,תכשיטים לילדות קטנות ,יח',תכשיטים לילדות קטנות ,
9420041673918,9420041673918,סט ציפורניים קנדי,רגיל,0,8.50,15.00,15.00,תכשיטים לילדות קטנות ,יח',תכשיטים לילדות קטנות ,
9420041673925,9420041673925,פצצת אמבטיה קנדי,רגיל,0,12.50,24.90,24.90,חטיפים מתוקים ,יח',חטיפים מתוקים ,
9420041673949,9420041673949,מחזיק מפתחות ביוטי קנדי,רגיל,0,15.00,29.90,29.90,מוצרי חצר תחנה ,יח',מוצרי חצר תחנה ,
9420041673956,9420041673956,חוברת יצירה בנים קנדי,רגיל,3,25.00,39.90,39.90,תכשיטים לילדות קטנות ,יח',תכשיטים לילדות קטנות ,
9780201321012,9780201321012,סיגריות אלקטרוני 60 - ענבים,רגיל,10,63.60,131.90,131.90, כל הסיגריות,יח', כל הסיגריות,
9780201321029,9780201321029,סיגריות 60K תות אבטיח,רגיל,-8,,131.90,131.90,אבזרי עישון ,יח',אבזרי עישון ,
9780201321036,9780201321036,סיגריות 60k - בטעם ענבים אבטיח,רגיל,10,63.60,131.90,131.90, כל הסיגריות,יח', כל הסיגריות,
9780201321104,9780201321104,סיגריות 55K - לאב 66,רגיל,-3,75.00,131.90,, כל הסיגריות,יח', כל הסיגריות,
9780321379702,9780321379702,סיגריות 80k - תות אייס,רגיל,6,75.00,131.90,,אבזרי עישון ,יח',אבזרי עישון ,
17290113192393,17290113192393,זיתים 560 גרם,רגיל,0,8.30,15.90,16.90,מוצרי בית,יח',מוצרי בית,
40004177080007,40004177080007,ריטר חלב עם שברי אגוזים,רגיל,0,6.88,11.90,11.90,חטיפים מתוקים ,יח',חטיפים מתוקים ,
46959375198871,46959375198871,תרסיס סקאי לרכב - FLAMINGO,רגיל,0,6.90,12.90,,מוצרי ריח - לרכב,יח',מוצרי ריח - לרכב,
47290015025959,7290015025959,"מגבונים לחים בניחוח עדין, רביעיה ",רגיל,0,11.90,19.90,20.90,מוצרי ניקיון ו טיפוח אישי,יח',מוצרי ניקיון ו טיפוח אישי,
50386483574386,50386483574386,דורקס שלישיה אדומה ,רגיל,0,8.66,21.00,21.00,מוצרי מכולת ,יח',מוצרי מכולת ,
72622210597915,7262221059791,MILKA שוקולד 110 גרם,רגיל,0,7.30,14.00,14.00,מוצרי מכולת ,יח',מוצרי מכולת ,
72900001375133,72900001375133,קרמיסימו גליד,רגיל,0,41.05,59.90,59.90,גלידות ,יח',גלידות ,
72900003029792,7290000302979,מארז 8 שקיות שוקו,רגיל,0,15.08,0.00,0.00,מוצרי מכולת ,יח',מוצרי מכולת ,
72900005278099,7290000527809,סחוט מנגו,רגיל,0,3.70,10.00,10.00,מוצרי מכולת ,יח',מוצרי מכולת ,
72900014274310,7290001427431,חד'פ סכין שקוף,רגיל,0,2.00,6.00,6.00,מוצרי מכולת ,יח',מוצרי מכולת ,
72900015130783,7290015130783,שייק חלבון שוקלד 330 WEN מ"ל ,רגיל,0,8.40,13.90,,משקאות ,יח',משקאות ,
72900135866105,7290013586610,ויסוצקי תה ירוק-נענע,רגיל,0,6.70,12.00,12.00,מוצרי מכולת ,יח',מוצרי מכולת ,
72900196217201,7290019621720,זיתא זיתים מגולענים עםחמוצים (12) 190 גרם,רגיל,0,13.00,21.90,21.90,מוצרי בית,יח',מוצרי בית,
72901065765537,7290106576537,צבר חומוס מסעדה 700 גרם,רגיל,0,11.54,13.90,13.90,מוצרי מקרר ,יח',מוצרי מקרר ,
72901066577282,72901066577282,טחינב 400גרם ,רגיל,0,11.76,15.90,15.90,מוצרי מקרר ,יח',מוצרי מקרר ,
72901101113452,7290110111345,קוקה קולה זירו מנגו,רגיל,0,2.70,10.00,10.00,מוצרי מכולת ,יח',מוצרי מכולת ,
72901184208529,72901184208529,אסם קרמוגית בטעם קרם ברו,רגיל,0,9.10,19.90,19.90,חטיפים מתוקים ,יח',חטיפים מתוקים ,
72912356616715,72912356616715,סוללות שלט אריזה,רגיל,0,3.30,9.90,9.90,אבזרי סלולר ו חשמל ,יח',אבזרי סלולר ו חשמל ,
76785211352357,76785211352357,מעמד לרכב MOWER דגם Cling Pro,רגיל,0,28.00,59.90,59.90,אבזרי סלולר ו חשמל ,יח',אבזרי סלולר ו חשמל ,
84452919649833,84452919649833,חטיף וופל קראנץ׳ 30 גרם,רגיל,60,3.50,5.90,5.90,חטיפים מתוקים ,יח',חטיפים מתוקים ,
86907787341032,8690778734103,בוטנים בטעם ברבקיו,רגיל,0,1.50,2.90,2.90,חטיפים מלוחים ,יח',חטיפים מלוחים ,
88000300367836,8800030036783,קראנץ בובס,רגיל,0,6.50,12.90,12.90,גלידות ,יח',גלידות ,
88010431506202,88010431506202,נולדס סין,רגיל,0,7.20,14.00,14.00,מוצרי מכולת ,יח',מוצרי מכולת ,
345683412012345,3456834120123,שקע קיר 4 SMART ARTOS,רגיל,0,20.00,58.90,58.90,אבזרי סלולר ו חשמל ,יח',אבזרי סלולר ו חשמל ,
729001905626263,729001905626263,מים בטעם אפרסק ליטר וחצי,רגיל,0,3.90,10.90,11.90,משקאות ,יח',משקאות ,
729010715896156,729010715896156,כבל MOWER דגם USB - C to USB- C 1m,רגיל,0,8.60,24.90,24.90,אבזרי סלולר ו חשמל ,יח',אבזרי סלולר ו חשמל ,
729010716389757,729010716389757,מטען רכב Mower דגם PD*2 38Wכולל כבל Type C to Lightning ש,רגיל,0,25.70,59.90,59.90,אבזרי סלולר ו חשמל ,יח',אבזרי סלולר ו חשמל ,
729990100235317,729990100235317,סמבוסק פיצה ,רגיל,0,4.00,9.90,,מוצרי שימוש מטבח -חנות ,יח',מוצרי שימוש מטבח -חנות ,
800162001620016,8001620016200,משקה סנבנדטו אפרסק,רגיל,0,2.70,6.90,7.90,משקאות ,יח',משקאות ,
4729001632166164,7290016321661,פרש וואנס ללא בישום ,רגיל,0,11.90,19.90,19.90,מוצרי בית,יח',מוצרי בית,
50142713004291270,5014271300429,מעדן משמש 284 גרם,רגיל,-1,12.50,19.90,19.90,מוצרי בית,יח',מוצרי בית,
50142713304261250,5014271330426,מעדן אוכמניות כחולות 284ג,רגיל,7,12.50,23.90,23.90,מוצרי בית,יח',מוצרי בית,
50142713504241280,5014271350424,מעדן ארבעה פירות 284 גרם,רגיל,-2,12.50,19.90,19.90,מוצרי בית,יח',מוצרי בית,
72901105778721290,7290110577872,קונפיטורת תות לייט 310 ג,רגיל,4,14.20,27.90,27.90,מוצרי בית,יח',מוצרי בית,
